"row_id","source_path","source_sha256","source_page","source_table","source_table_row","source_bbox","source_coordinate_system","raw_cells","state","district","year","tier","office","source_gp_serial","source_gp_key","gram_panchayat","local_body_name","block","name_raw","reservation_code_raw","reservation","caste_reservation","woman_reserved","source_list_scope","review_status","quality_flags","visual_review_path","visual_review_sha256","visual_review_method","office_name_normalized","office_name_unique","membership_matched","membership_row_id","membership_gp_printed","membership_requires_separator_normalization","membership_source_page","membership_source_bbox","block_printed","demand_key","demand_matched","demand_block_raw","demand_gp_raw","q13","caste13","household_months_2012","household_months_2014","person_months_2012","person_months_2014","linked_complete_eligible","singleton_caste_no_residual_support","analysis_eligible","exclusion_reason","gp_id"
"e3b0b61aa5a1841b72d4","data/wb/gp_source_search/historical_expansion/nadia_Panchayat_20General_20Election_20-_20final_20book_election_202013__cf50563e.pdf","238810badd4a39a733192c9c269ae3cea0171701253e159de32ae912c1211c43",58,0,2,"[84.88685714285714, 133.57999999999998, 466.33564551724135, 150.26]","PDF points, top-left origin","[""1"", ""Dhoradaha-I"", """", null, null, ""SCW"", null, null, """", null, null, """", null, null, """", null, null]","West Bengal","Nadia",2013,"gp_head","pradhan",1,"238810badd4a39a733192c9c269ae3cea0171701253e159de32ae912c1211c43:1","Dhoradaha-I","Dhoradaha-I","Karimpur-II","Dhoradaha-I","SCW","SCW","SC",1,"complete_office_synopsis_with_explicit_UR","full_source_visual_review_single_assistant","block_unstated","data/wb/derived/nadia_2013_handbook/full_office_visual_audit.json","9fa81bb5b3696b27f851ec8c0a9871dbcbd2ced62fde42043a8b56bbd2b97d30","single_assistant_nonblinded_source_visual_audit","DHORADAHAI",TRUE,TRUE,"f94e2c8c2d7c6ccab804","Dhoradaha-I",FALSE,71,"[63.71999999999999, 201.5, 560.6200200000001, 235.57999999999993]","Karimpur-II","NADIA|KARIMPURII|DHORADAHAI",TRUE,"KARIMPUR-II","DHORADAHA-I",1,"SC",3052,11816,3757,13614,TRUE,FALSE,TRUE,"included","e3b0b61aa5a1841b72d4"
"0edbb1bb469dde5bd93f","data/wb/gp_source_search/historical_expansion/nadia_Panchayat_20General_20Election_20-_20final_20book_election_202013__cf50563e.pdf","238810badd4a39a733192c9c269ae3cea0171701253e159de32ae912c1211c43",58,0,3,"[84.88685714285714, 150.26, 466.33564551724135, 165.8599999999999]","PDF points, top-left origin","[""2"", ""Dhoradaha-II"", """", null, null, """", null, null, """", null, null, ""Women"", null, null, """", null, null]","West Bengal","Nadia",2013,"gp_head","pradhan",2,"238810badd4a39a733192c9c269ae3cea0171701253e159de32ae912c1211c43:2","Dhoradaha-II","Dhoradaha-II","Karimpur-II","Dhoradaha-II","Women","W","UR",1,"complete_office_synopsis_with_explicit_UR","full_source_visual_review_single_assistant","block_unstated","data/wb/derived/nadia_2013_handbook/full_office_visual_audit.json","9fa81bb5b3696b27f851ec8c0a9871dbcbd2ced62fde42043a8b56bbd2b97d30","single_assistant_nonblinded_source_visual_audit","DHORADAHAII",TRUE,TRUE,"6ad8c90e15ff31bfda00","Dhoradaha-II",FALSE,71,"[63.71999999999999, 201.5, 560.6200200000001, 235.57999999999993]","Karimpur-II","NADIA|KARIMPURII|DHORADAHAII",TRUE,"KARIMPUR-II","DHORADAHA-II",1,"unrestricted",6648,2904,6883,3176,TRUE,FALSE,TRUE,"included","0edbb1bb469dde5bd93f"
"e099bac892f58d556cf7","data/wb/gp_source_search/historical_expansion/nadia_Panchayat_20General_20Election_20-_20final_20book_election_202013__cf50563e.pdf","238810badd4a39a733192c9c269ae3cea0171701253e159de32ae912c1211c43",58,0,4,"[84.88685714285714, 165.8599999999999, 466.33564551724135, 181.33999999999992]","PDF points, top-left origin","[""3"", ""Natidanga-I"", """", null, null, """", null, null, ""OBCW"", null, null, """", null, null, """", null, null]","West Bengal","Nadia",2013,"gp_head","pradhan",3,"238810badd4a39a733192c9c269ae3cea0171701253e159de32ae912c1211c43:3","Natidanga-I","Natidanga-I","Karimpur-II","Natidanga-I","OBCW","OBCW","OBC",1,"complete_office_synopsis_with_explicit_UR","full_source_visual_review_single_assistant","block_unstated","data/wb/derived/nadia_2013_handbook/full_office_visual_audit.json","9fa81bb5b3696b27f851ec8c0a9871dbcbd2ced62fde42043a8b56bbd2b97d30","single_assistant_nonblinded_source_visual_audit","NATIDANGAI",TRUE,TRUE,"9d81f4ae6306dcdc6522","Natidanga-I",FALSE,71,"[63.71999999999999, 201.5, 560.6200200000001, 235.57999999999993]","Karimpur-II","NADIA|KARIMPURII|NATIDANGAI",TRUE,"KARIMPUR-II","NATIDANGA-I",1,"OBC",2241,8648,2646,10463,TRUE,FALSE,TRUE,"included","e099bac892f58d556cf7"
"fa9fc375fc29c241ae13","data/wb/gp_source_search/historical_expansion/nadia_Panchayat_20General_20Election_20-_20final_20book_election_202013__cf50563e.pdf","238810badd4a39a733192c9c269ae3cea0171701253e159de32ae912c1211c43",58,0,5,"[84.88685714285714, 181.33999999999992, 466.33564551724135, 196.81999999999994]","PDF points, top-left origin","[""4"", ""Natidanga-II"", """", null, null, """", null, null, """", null, null, """", null, null, ""UR"", null, null]","West Bengal","Nadia",2013,"gp_head","pradhan",4,"238810badd4a39a733192c9c269ae3cea0171701253e159de32ae912c1211c43:4","Natidanga-II","Natidanga-II","Karimpur-II","Natidanga-II","UR","UR","UR",0,"complete_office_synopsis_with_explicit_UR","full_source_visual_review_single_assistant","block_unstated","data/wb/derived/nadia_2013_handbook/full_office_visual_audit.json","9fa81bb5b3696b27f851ec8c0a9871dbcbd2ced62fde42043a8b56bbd2b97d30","single_assistant_nonblinded_source_visual_audit","NATIDANGAII",TRUE,TRUE,"022e97a5bb21616cde4d","Natidanga-II",FALSE,71,"[63.71999999999999, 201.5, 560.6200200000001, 235.57999999999993]","Karimpur-II","NADIA|KARIMPURII|NATIDANGAII",TRUE,"KARIMPUR-II","NATIDANGA-II",0,"unrestricted",6014,8027,6829,9690,TRUE,FALSE,TRUE,"included","fa9fc375fc29c241ae13"
"fc60622198554353d450","data/wb/gp_source_search/historical_expansion/nadia_Panchayat_20General_20Election_20-_20final_20book_election_202013__cf50563e.pdf","238810badd4a39a733192c9c269ae3cea0171701253e159de32ae912c1211c43",58,0,6,"[84.88685714285714, 196.81999999999994, 466.33564551724135, 212.299995]","PDF points, top-left origin","[""5"", ""Rahamatpur"", """", null, null, ""SCW"", null, null, """", null, null, """", null, null, """", null, null]","West Bengal","Nadia",2013,"gp_head","pradhan",5,"238810badd4a39a733192c9c269ae3cea0171701253e159de32ae912c1211c43:5","Rahamatpur","Rahamatpur","Karimpur-II","Rahamatpur","SCW","SCW","SC",1,"complete_office_synopsis_with_explicit_UR","full_source_visual_review_single_assistant","block_unstated","data/wb/derived/nadia_2013_handbook/full_office_visual_audit.json","9fa81bb5b3696b27f851ec8c0a9871dbcbd2ced62fde42043a8b56bbd2b97d30","single_assistant_nonblinded_source_visual_audit","RAHAMATPUR",TRUE,TRUE,"b8938fb3e3d7286d0729","Rahamatpur",FALSE,71,"[63.71999999999999, 235.57999999999993, 560.6200200000001, 314.33000999999996]","Karimpur-II","NADIA|KARIMPURII|RAHAMATPUR",TRUE,"KARIMPUR-II","RAHAMATPUR",1,"SC",8452,15768,10292,19754,TRUE,FALSE,TRUE,"included","fc60622198554353d450"
"26ade07aa40c137a52ab","data/wb/gp_source_search/historical_expansion/nadia_Panchayat_20General_20Election_20-_20final_20book_election_202013__cf50563e.pdf","238810badd4a39a733192c9c269ae3cea0171701253e159de32ae912c1211c43",58,0,15,"[84.88685714285714, 336.289995, 466.33564551724135, 351.89000999999996]","PDF points, top-left origin","[""14"", ""Murutia"", """", null, null, """", null, null, """", null, null, ""Women"", null, null, """", null, null]","West Bengal","Nadia",2013,"gp_head","pradhan",14,"238810badd4a39a733192c9c269ae3cea0171701253e159de32ae912c1211c43:14","Murutia","Murutia","Karimpur-II","Murutia","Women","W","UR",1,"complete_office_synopsis_with_explicit_UR","full_source_visual_review_single_assistant","block_unstated","data/wb/derived/nadia_2013_handbook/full_office_visual_audit.json","9fa81bb5b3696b27f851ec8c0a9871dbcbd2ced62fde42043a8b56bbd2b97d30","single_assistant_nonblinded_source_visual_audit","MURUTIA",TRUE,TRUE,"94e13f7895eacc74e92d","Murutia",FALSE,71,"[63.71999999999999, 235.57999999999993, 560.6200200000001, 314.33000999999996]","Karimpur-II","NADIA|KARIMPURII|MURUTIA",TRUE,"KARIMPUR-II","MURUTIA",1,"unrestricted",3943,6422,5240,8490,TRUE,FALSE,TRUE,"included","26ade07aa40c137a52ab"
"4e06edc544a4fcf65741","data/wb/gp_source_search/historical_expansion/nadia_Panchayat_20General_20Election_20-_20final_20book_election_202013__cf50563e.pdf","238810badd4a39a733192c9c269ae3cea0171701253e159de32ae912c1211c43",58,0,16,"[84.88685714285714, 351.89000999999996, 466.33564551724135, 367.36999499999996]","PDF points, top-left origin","[""15"", ""Narayanpur-I"", """", null, null, """", null, null, """", null, null, """", null, null, ""UR"", null, null]","West Bengal","Nadia",2013,"gp_head","pradhan",15,"238810badd4a39a733192c9c269ae3cea0171701253e159de32ae912c1211c43:15","Narayanpur-I","Narayanpur-I","Karimpur-II","Narayanpur-I","UR","UR","UR",0,"complete_office_synopsis_with_explicit_UR","full_source_visual_review_single_assistant","block_unstated","data/wb/derived/nadia_2013_handbook/full_office_visual_audit.json","9fa81bb5b3696b27f851ec8c0a9871dbcbd2ced62fde42043a8b56bbd2b97d30","single_assistant_nonblinded_source_visual_audit","NARAYANPURI",TRUE,TRUE,"00ce26846ff2874bb299","Narayanpur-I",FALSE,71,"[63.71999999999999, 235.57999999999993, 560.6200200000001, 314.33000999999996]","Karimpur-II","NADIA|KARIMPURII|NARAYANPURI",TRUE,"KARIMPUR-II","NARAYANPUR-I",0,"unrestricted",5138,1018,6020,1351,TRUE,FALSE,TRUE,"included","4e06edc544a4fcf65741"
"7ccc84cff51e274941d3","data/wb/gp_source_search/historical_expansion/nadia_Panchayat_20General_20Election_20-_20final_20book_election_202013__cf50563e.pdf","238810badd4a39a733192c9c269ae3cea0171701253e159de32ae912c1211c43",58,0,17,"[84.88685714285714, 367.36999499999996, 466.33564551724135, 382.849995]","PDF points, top-left origin","[""16"", ""Narayanpur-II"", """", null, null, """", null, null, """", null, null, ""Women"", null, null, """", null, null]","West Bengal","Nadia",2013,"gp_head","pradhan",16,"238810badd4a39a733192c9c269ae3cea0171701253e159de32ae912c1211c43:16","Narayanpur-II","Narayanpur-II","Karimpur-II","Narayanpur-II","Women","W","UR",1,"complete_office_synopsis_with_explicit_UR","full_source_visual_review_single_assistant","block_unstated","data/wb/derived/nadia_2013_handbook/full_office_visual_audit.json","9fa81bb5b3696b27f851ec8c0a9871dbcbd2ced62fde42043a8b56bbd2b97d30","single_assistant_nonblinded_source_visual_audit","NARAYANPURII",TRUE,TRUE,"912929fe84ae1c2e9ec0","Narayanpur-II",FALSE,71,"[63.71999999999999, 235.57999999999993, 560.6200200000001, 314.33000999999996]","Karimpur-II","NADIA|KARIMPURII|NARAYANPURII",TRUE,"KARIMPUR-II","NARAYANPUR-II",1,"unrestricted",8062,10602,8420,11459,TRUE,FALSE,TRUE,"included","7ccc84cff51e274941d3"
"f3f505a1d60502db74f0","data/wb/gp_source_search/historical_expansion/nadia_Panchayat_20General_20Election_20-_20final_20book_election_202013__cf50563e.pdf","238810badd4a39a733192c9c269ae3cea0171701253e159de32ae912c1211c43",58,0,18,"[84.88685714285714, 382.849995, 466.33564551724135, 398.33000999999996]","PDF points, top-left origin","[""17"", ""Nandanpur"", """", null, null, ""SCW"", null, null, """", null, null, """", null, null, """", null, null]","West Bengal","Nadia",2013,"gp_head","pradhan",17,"238810badd4a39a733192c9c269ae3cea0171701253e159de32ae912c1211c43:17","Nandanpur","Nandanpur","Karimpur-II","Nandanpur","SCW","SCW","SC",1,"complete_office_synopsis_with_explicit_UR","full_source_visual_review_single_assistant","block_unstated","data/wb/derived/nadia_2013_handbook/full_office_visual_audit.json","9fa81bb5b3696b27f851ec8c0a9871dbcbd2ced62fde42043a8b56bbd2b97d30","single_assistant_nonblinded_source_visual_audit","NANDANPUR",TRUE,TRUE,"2bcf672f98e4283c3773","Nandanpur",FALSE,71,"[63.71999999999999, 235.57999999999993, 560.6200200000001, 314.33000999999996]","Karimpur-II","NADIA|KARIMPURII|NANDANPUR",TRUE,"KARIMPUR-II","NANDANPUR",1,"SC",13837,18602,17068,24582,TRUE,FALSE,TRUE,"included","f3f505a1d60502db74f0"
"5a66d3f0ce995b483cd5","data/wb/gp_source_search/historical_expansion/nadia_Panchayat_20General_20Election_20-_20final_20book_election_202013__cf50563e.pdf","238810badd4a39a733192c9c269ae3cea0171701253e159de32ae912c1211c43",58,0,19,"[84.88685714285714, 398.33000999999996, 466.33564551724135, 413.80999499999996]","PDF points, top-left origin","[""18"", ""Dighalkandi"", """", null, null, """", null, null, """", null, null, """", null, null, ""UR"", null, null]","West Bengal","Nadia",2013,"gp_head","pradhan",18,"238810badd4a39a733192c9c269ae3cea0171701253e159de32ae912c1211c43:18","Dighalkandi","Dighalkandi","Karimpur-II","Dighalkandi","UR","UR","UR",0,"complete_office_synopsis_with_explicit_UR","full_source_visual_review_single_assistant","block_unstated","data/wb/derived/nadia_2013_handbook/full_office_visual_audit.json","9fa81bb5b3696b27f851ec8c0a9871dbcbd2ced62fde42043a8b56bbd2b97d30","single_assistant_nonblinded_source_visual_audit","DIGHALKANDI",TRUE,TRUE,"0b094129e159c387d7fa","Dighalkandi",FALSE,71,"[63.71999999999999, 235.57999999999993, 560.6200200000001, 314.33000999999996]","Karimpur-II","NADIA|KARIMPURII|DIGHALKANDI",TRUE,"KARIMPUR-II","DIGHAL KANDI",0,"unrestricted",5613,18389,8137,23680,TRUE,FALSE,TRUE,"included","5a66d3f0ce995b483cd5"
"0b42e874be49bbf802fa","data/wb/gp_source_search/historical_expansion/nadia_Panchayat_20General_20Election_20-_20final_20book_election_202013__cf50563e.pdf","238810badd4a39a733192c9c269ae3cea0171701253e159de32ae912c1211c43",58,0,20,"[84.88685714285714, 413.80999499999996, 466.33564551724135, 429.289995]","PDF points, top-left origin","[""19"", ""Chhitka"", """", null, null, ""SCW"", null, null, """", null, null, """", null, null, """", null, null]","West Bengal","Nadia",2013,"gp_head","pradhan",19,"238810badd4a39a733192c9c269ae3cea0171701253e159de32ae912c1211c43:19","Chhitka","Chhitka","Tehatta-I","Chhitka","SCW","SCW","SC",1,"complete_office_synopsis_with_explicit_UR","full_source_visual_review_single_assistant","block_unstated","data/wb/derived/nadia_2013_handbook/full_office_visual_audit.json","9fa81bb5b3696b27f851ec8c0a9871dbcbd2ced62fde42043a8b56bbd2b97d30","single_assistant_nonblinded_source_visual_audit","CHHITKA",TRUE,TRUE,"72d7b874b69f525c23fa","Chhitka",FALSE,71,"[63.71999999999999, 437.9300099999999, 560.6200200000001, 550.3899799999999]","Tehatta-I","NADIA|TEHATTAI|CHHITKA",TRUE,"TEHATTA-I","CHHITKA",1,"SC",12719,16950,14519,19946,TRUE,FALSE,TRUE,"included","0b42e874be49bbf802fa"
"2be7a2817dd45bb44cc1","data/wb/gp_source_search/historical_expansion/nadia_Panchayat_20General_20Election_20-_20final_20book_election_202013__cf50563e.pdf","238810badd4a39a733192c9c269ae3cea0171701253e159de32ae912c1211c43",58,0,21,"[84.88685714285714, 429.289995, 466.33564551724135, 444.89000999999996]","PDF points, top-left origin","[""20"", ""Kanainagar"", """", null, null, """", null, null, """", null, null, ""Women"", null, null, """", null, null]","West Bengal","Nadia",2013,"gp_head","pradhan",20,"238810badd4a39a733192c9c269ae3cea0171701253e159de32ae912c1211c43:20","Kanainagar","Kanainagar","Tehatta-I","Kanainagar","Women","W","UR",1,"complete_office_synopsis_with_explicit_UR","full_source_visual_review_single_assistant","block_unstated","data/wb/derived/nadia_2013_handbook/full_office_visual_audit.json","9fa81bb5b3696b27f851ec8c0a9871dbcbd2ced62fde42043a8b56bbd2b97d30","single_assistant_nonblinded_source_visual_audit","KANAINAGAR",TRUE,TRUE,"9ee2744434d60f3f55f4","Kanainagar",FALSE,71,"[63.71999999999999, 437.9300099999999, 560.6200200000001, 550.3899799999999]","Tehatta-I","NADIA|TEHATTAI|KANAINAGAR",TRUE,"TEHATTA-I","KANAINAGAR",1,"unrestricted",4510,5239,4576,5768,TRUE,FALSE,TRUE,"included","2be7a2817dd45bb44cc1"
"422d1b051d9909b7bacc","data/wb/gp_source_search/historical_expansion/nadia_Panchayat_20General_20Election_20-_20final_20book_election_202013__cf50563e.pdf","238810badd4a39a733192c9c269ae3cea0171701253e159de32ae912c1211c43",58,0,23,"[84.88685714285714, 460.36999499999996, 466.33564551724135, 475.87001]","PDF points, top-left origin","[""22"", ""Betai-II"", """", null, null, """", null, null, """", null, null, ""Women"", null, null, """", null, null]","West Bengal","Nadia",2013,"gp_head","pradhan",22,"238810badd4a39a733192c9c269ae3cea0171701253e159de32ae912c1211c43:22","Betai-II","Betai-II","Tehatta-I","Betai-II","Women","W","UR",1,"complete_office_synopsis_with_explicit_UR","full_source_visual_review_single_assistant","block_unstated","data/wb/derived/nadia_2013_handbook/full_office_visual_audit.json","9fa81bb5b3696b27f851ec8c0a9871dbcbd2ced62fde42043a8b56bbd2b97d30","single_assistant_nonblinded_source_visual_audit","BETAIII",TRUE,TRUE,"8d0f998608341c0a22ac","BetaiII",TRUE,71,"[63.71999999999999, 437.9300099999999, 560.6200200000001, 550.3899799999999]","Tehatta-I","NADIA|TEHATTAI|BETAIII",TRUE,"TEHATTA-I","BETAI-II",1,"unrestricted",3047,9312,3106,10088,TRUE,FALSE,TRUE,"included","422d1b051d9909b7bacc"
"d786a340916b24f1f340","data/wb/gp_source_search/historical_expansion/nadia_Panchayat_20General_20Election_20-_20final_20book_election_202013__cf50563e.pdf","238810badd4a39a733192c9c269ae3cea0171701253e159de32ae912c1211c43",58,0,25,"[84.88685714285714, 491.349995, 466.33564551724135, 506.83000999999996]","PDF points, top-left origin","[""24"", ""Natna"", """", null, null, """", null, null, """", null, null, """", null, null, ""UR"", null, null]","West Bengal","Nadia",2013,"gp_head","pradhan",24,"238810badd4a39a733192c9c269ae3cea0171701253e159de32ae912c1211c43:24","Natna","Natna","Tehatta-I","Natna","UR","UR","UR",0,"complete_office_synopsis_with_explicit_UR","full_source_visual_review_single_assistant","block_unstated","data/wb/derived/nadia_2013_handbook/full_office_visual_audit.json","9fa81bb5b3696b27f851ec8c0a9871dbcbd2ced62fde42043a8b56bbd2b97d30","single_assistant_nonblinded_source_visual_audit","NATNA",TRUE,TRUE,"b6539a53912f50b795a8","Natna",FALSE,71,"[63.71999999999999, 437.9300099999999, 560.6200200000001, 550.3899799999999]","Tehatta-I","NADIA|TEHATTAI|NATNA",TRUE,"TEHATTA-I","NATNA",0,"unrestricted",2623,12173,2967,13999,TRUE,FALSE,TRUE,"included","d786a340916b24f1f340"
"8cf3d9ee47ebbfef8115","data/wb/gp_source_search/historical_expansion/nadia_Panchayat_20General_20Election_20-_20final_20book_election_202013__cf50563e.pdf","238810badd4a39a733192c9c269ae3cea0171701253e159de32ae912c1211c43",58,0,26,"[84.88685714285714, 506.83000999999996, 466.33564551724135, 522.3100099999999]","PDF points, top-left origin","[""25"", ""Raghunathpur"", """", null, null, """", null, null, ""OBC"", null, null, """", null, null, """", null, null]","West Bengal","Nadia",2013,"gp_head","pradhan",25,"238810badd4a39a733192c9c269ae3cea0171701253e159de32ae912c1211c43:25","Raghunathpur","Raghunathpur","Tehatta-I","Raghunathpur","OBC","OBC","OBC",0,"complete_office_synopsis_with_explicit_UR","full_source_visual_review_single_assistant","block_unstated","data/wb/derived/nadia_2013_handbook/full_office_visual_audit.json","9fa81bb5b3696b27f851ec8c0a9871dbcbd2ced62fde42043a8b56bbd2b97d30","single_assistant_nonblinded_source_visual_audit","RAGHUNATHPUR",TRUE,TRUE,"794f6f58e1e1c8a12ad3","Raghunathpur",FALSE,71,"[63.71999999999999, 437.9300099999999, 560.6200200000001, 550.3899799999999]","Tehatta-I","NADIA|TEHATTAI|RAGHUNATHPUR",TRUE,"TEHATTA-I","RAGHUNATHPUR",0,"OBC",6010,9633,6532,11131,TRUE,FALSE,TRUE,"included","8cf3d9ee47ebbfef8115"
"5e7c207774a9a69a9c82","data/wb/gp_source_search/historical_expansion/nadia_Panchayat_20General_20Election_20-_20final_20book_election_202013__cf50563e.pdf","238810badd4a39a733192c9c269ae3cea0171701253e159de32ae912c1211c43",58,0,27,"[84.88685714285714, 522.3100099999999, 466.33564551724135, 537.91001]","PDF points, top-left origin","[""26"", ""Tehatta"", """", null, null, """", null, null, """", null, null, ""Women"", null, null, """", null, null]","West Bengal","Nadia",2013,"gp_head","pradhan",26,"238810badd4a39a733192c9c269ae3cea0171701253e159de32ae912c1211c43:26","Tehatta","Tehatta","Tehatta-I","Tehatta","Women","W","UR",1,"complete_office_synopsis_with_explicit_UR","full_source_visual_review_single_assistant","block_unstated","data/wb/derived/nadia_2013_handbook/full_office_visual_audit.json","9fa81bb5b3696b27f851ec8c0a9871dbcbd2ced62fde42043a8b56bbd2b97d30","single_assistant_nonblinded_source_visual_audit","TEHATTA",TRUE,TRUE,"9d06f88ab680e18808e9","Tehatta",FALSE,71,"[63.71999999999999, 437.9300099999999, 560.6200200000001, 550.3899799999999]","Tehatta-I","NADIA|TEHATTAI|TEHATTA",TRUE,"TEHATTA-I","TEHATTA",1,"unrestricted",1016,6381,1043,7186,TRUE,FALSE,TRUE,"included","5e7c207774a9a69a9c82"
"2df6d6d8b29668c4705c","data/wb/gp_source_search/historical_expansion/nadia_Panchayat_20General_20Election_20-_20final_20book_election_202013__cf50563e.pdf","238810badd4a39a733192c9c269ae3cea0171701253e159de32ae912c1211c43",58,0,28,"[84.88685714285714, 537.91001, 466.33564551724135, 553.3899799999999]","PDF points, top-left origin","[""27"", ""Patharghata-I"", """", null, null, """", null, null, """", null, null, """", null, null, ""UR"", null, null]","West Bengal","Nadia",2013,"gp_head","pradhan",27,"238810badd4a39a733192c9c269ae3cea0171701253e159de32ae912c1211c43:27","Patharghata-I","Patharghata-I","Tehatta-I","Patharghata-I","UR","UR","UR",0,"complete_office_synopsis_with_explicit_UR","full_source_visual_review_single_assistant","block_unstated","data/wb/derived/nadia_2013_handbook/full_office_visual_audit.json","9fa81bb5b3696b27f851ec8c0a9871dbcbd2ced62fde42043a8b56bbd2b97d30","single_assistant_nonblinded_source_visual_audit","PATHARGHATAI",TRUE,TRUE,"e9a6d0f32e96d6803207","Patharghata-I",FALSE,71,"[63.71999999999999, 437.9300099999999, 560.6200200000001, 550.3899799999999]","Tehatta-I","NADIA|TEHATTAI|PATHARGHATAI",TRUE,"TEHATTA-I","PATHARGHATA-I",0,"unrestricted",5086,9342,5323,12030,TRUE,FALSE,TRUE,"included","2df6d6d8b29668c4705c"
"7f17dd25ad2bc2e93c8b","data/wb/gp_source_search/historical_expansion/nadia_Panchayat_20General_20Election_20-_20final_20book_election_202013__cf50563e.pdf","238810badd4a39a733192c9c269ae3cea0171701253e159de32ae912c1211c43",58,0,29,"[84.88685714285714, 553.3899799999999, 466.33564551724135, 568.8700099999999]","PDF points, top-left origin","[""28"", ""Sahebnagar"", """", null, null, """", null, null, """", null, null, ""Women"", null, null, """", null, null]","West Bengal","Nadia",2013,"gp_head","pradhan",28,"238810badd4a39a733192c9c269ae3cea0171701253e159de32ae912c1211c43:28","Sahebnagar","Sahebnagar","Tehatta-II","Sahebnagar","Women","W","UR",1,"complete_office_synopsis_with_explicit_UR","full_source_visual_review_single_assistant","block_unstated","data/wb/derived/nadia_2013_handbook/full_office_visual_audit.json","9fa81bb5b3696b27f851ec8c0a9871dbcbd2ced62fde42043a8b56bbd2b97d30","single_assistant_nonblinded_source_visual_audit","SAHEBNAGAR",TRUE,TRUE,"d18fd3c9b8ac7bbf8924","Sahebnagar",FALSE,71,"[63.71999999999999, 550.3899799999999, 560.6200200000001, 629.23001]","Tehatta-II","NADIA|TEHATTAII|SAHEBNAGAR",TRUE,"TEHATTA-II","SAHEBNAGAR",1,"unrestricted",8850,11913,9138,14090,TRUE,FALSE,TRUE,"included","7f17dd25ad2bc2e93c8b"
"94014aee0ec741bbc979","data/wb/gp_source_search/historical_expansion/nadia_Panchayat_20General_20Election_20-_20final_20book_election_202013__cf50563e.pdf","238810badd4a39a733192c9c269ae3cea0171701253e159de32ae912c1211c43",58,0,30,"[84.88685714285714, 568.8700099999999, 466.33564551724135, 584.3500099999999]","PDF points, top-left origin","[""29"", ""Gopinathpur"", """", null, null, """", null, null, ""OBCW"", null, null, """", null, null, """", null, null]","West Bengal","Nadia",2013,"gp_head","pradhan",29,"238810badd4a39a733192c9c269ae3cea0171701253e159de32ae912c1211c43:29","Gopinathpur","Gopinathpur","Tehatta-II","Gopinathpur","OBCW","OBCW","OBC",1,"complete_office_synopsis_with_explicit_UR","full_source_visual_review_single_assistant","block_unstated","data/wb/derived/nadia_2013_handbook/full_office_visual_audit.json","9fa81bb5b3696b27f851ec8c0a9871dbcbd2ced62fde42043a8b56bbd2b97d30","single_assistant_nonblinded_source_visual_audit","GOPINATHPUR",TRUE,TRUE,"f656c0e47c78513cdf9d","Gopinathpur",FALSE,71,"[63.71999999999999, 550.3899799999999, 560.6200200000001, 629.23001]","Tehatta-II","NADIA|TEHATTAII|GOPINATHPUR",TRUE,"TEHATTA-II","GOPINATHPUR",1,"OBC",4360,4946,4566,5870,TRUE,FALSE,TRUE,"included","94014aee0ec741bbc979"
"7cb7ca09aa6bdf3a25b7","data/wb/gp_source_search/historical_expansion/nadia_Panchayat_20General_20Election_20-_20final_20book_election_202013__cf50563e.pdf","238810badd4a39a733192c9c269ae3cea0171701253e159de32ae912c1211c43",58,0,31,"[84.88685714285714, 584.3500099999999, 466.33564551724135, 600.069995]","PDF points, top-left origin","[""30"", ""Palsunda-I"", """", null, null, """", null, null, """", null, null, """", null, null, ""UR"", null, null]","West Bengal","Nadia",2013,"gp_head","pradhan",30,"238810badd4a39a733192c9c269ae3cea0171701253e159de32ae912c1211c43:30","Palsunda-I","Palsunda-I","Tehatta-II","Palsunda-I","UR","UR","UR",0,"complete_office_synopsis_with_explicit_UR","full_source_visual_review_single_assistant","block_unstated","data/wb/derived/nadia_2013_handbook/full_office_visual_audit.json","9fa81bb5b3696b27f851ec8c0a9871dbcbd2ced62fde42043a8b56bbd2b97d30","single_assistant_nonblinded_source_visual_audit","PALSUNDAI",TRUE,TRUE,"bebc3cc73fa477e5728c","Palsunda-I",FALSE,71,"[63.71999999999999, 550.3899799999999, 560.6200200000001, 629.23001]","Tehatta-II","NADIA|TEHATTAII|PALSUNDAI",TRUE,"TEHATTA-II","PALSUNDA-I",0,"unrestricted",6311,5586,6318,6330,TRUE,FALSE,TRUE,"included","7cb7ca09aa6bdf3a25b7"
"9f07e7b2fe0293526ef3","data/wb/gp_source_search/historical_expansion/nadia_Panchayat_20General_20Election_20-_20final_20book_election_202013__cf50563e.pdf","238810badd4a39a733192c9c269ae3cea0171701253e159de32ae912c1211c43",58,0,33,"[84.88685714285714, 615.9100099999998, 466.33564551724135, 631.3899799999999]","PDF points, top-left origin","[""32"", ""Palsunda-II"", """", null, null, null, """", null, null, """", null, ""Women"", null, null, """", null, null]","West Bengal","Nadia",2013,"gp_head","pradhan",32,"238810badd4a39a733192c9c269ae3cea0171701253e159de32ae912c1211c43:32","Palsunda-II","Palsunda-II","Tehatta-II","Palsunda-II","Women","W","UR",1,"complete_office_synopsis_with_explicit_UR","full_source_visual_review_single_assistant","block_unstated","data/wb/derived/nadia_2013_handbook/full_office_visual_audit.json","9fa81bb5b3696b27f851ec8c0a9871dbcbd2ced62fde42043a8b56bbd2b97d30","single_assistant_nonblinded_source_visual_audit","PALSUNDAII",TRUE,TRUE,"1620c85b2b02490de790","Palsunda-II",FALSE,71,"[63.71999999999999, 550.3899799999999, 560.6200200000001, 629.23001]","Tehatta-II","NADIA|TEHATTAII|PALSUNDAII",TRUE,"TEHATTA-II","PALSUNDA-II",1,"unrestricted",3936,1927,4586,3051,TRUE,FALSE,TRUE,"included","9f07e7b2fe0293526ef3"
"efbf0b4a20f095a67859","data/wb/gp_source_search/historical_expansion/nadia_Panchayat_20General_20Election_20-_20final_20book_election_202013__cf50563e.pdf","238810badd4a39a733192c9c269ae3cea0171701253e159de32ae912c1211c43",58,0,34,"[84.88685714285714, 631.3899799999999, 466.33564551724135, 646.8700099999999]","PDF points, top-left origin","[""33"", ""Barnia"", """", null, null, null, ""SC"", null, null, """", null, """", null, null, """", null, null]","West Bengal","Nadia",2013,"gp_head","pradhan",33,"238810badd4a39a733192c9c269ae3cea0171701253e159de32ae912c1211c43:33","Barnia","Barnia","Tehatta-II","Barnia","SC","SC","SC",0,"complete_office_synopsis_with_explicit_UR","full_source_visual_review_single_assistant","block_unstated","data/wb/derived/nadia_2013_handbook/full_office_visual_audit.json","9fa81bb5b3696b27f851ec8c0a9871dbcbd2ced62fde42043a8b56bbd2b97d30","single_assistant_nonblinded_source_visual_audit","BARNIA",TRUE,TRUE,"4ee4d0a53e19817228db","Barnia",FALSE,71,"[63.71999999999999, 550.3899799999999, 560.6200200000001, 629.23001]","Tehatta-II","NADIA|TEHATTAII|BARNIA",TRUE,"TEHATTA-II","BARNIA",0,"SC",3680,6154,3681,7852,TRUE,FALSE,TRUE,"included","efbf0b4a20f095a67859"
"7c88337683fa372dc6d9","data/wb/gp_source_search/historical_expansion/nadia_Panchayat_20General_20Election_20-_20final_20book_election_202013__cf50563e.pdf","238810badd4a39a733192c9c269ae3cea0171701253e159de32ae912c1211c43",58,0,35,"[84.88685714285714, 646.8700099999999, 466.33564551724135, 662.3799799999999]","PDF points, top-left origin","[""34"", ""Hanspukuria"", """", null, null, null, """", null, null, """", null, """", null, null, ""UR"", null, null]","West Bengal","Nadia",2013,"gp_head","pradhan",34,"238810badd4a39a733192c9c269ae3cea0171701253e159de32ae912c1211c43:34","Hanspukuria","Hanspukuria","Tehatta-II","Hanspukuria","UR","UR","UR",0,"complete_office_synopsis_with_explicit_UR","full_source_visual_review_single_assistant","block_unstated","data/wb/derived/nadia_2013_handbook/full_office_visual_audit.json","9fa81bb5b3696b27f851ec8c0a9871dbcbd2ced62fde42043a8b56bbd2b97d30","single_assistant_nonblinded_source_visual_audit","HANSPUKURIA",TRUE,TRUE,"907dbbb215d2a5d76a08","Hanspukuria",FALSE,71,"[63.71999999999999, 550.3899799999999, 560.6200200000001, 629.23001]","Tehatta-II","NADIA|TEHATTAII|HANSPUKURIA",TRUE,"TEHATTA-II","HANSPUKURIA",0,"unrestricted",9606,7979,10276,10093,TRUE,FALSE,TRUE,"included","7c88337683fa372dc6d9"
"6f8f84ee6651953a02b5","data/wb/gp_source_search/historical_expansion/nadia_Panchayat_20General_20Election_20-_20final_20book_election_202013__cf50563e.pdf","238810badd4a39a733192c9c269ae3cea0171701253e159de32ae912c1211c43",58,0,36,"[84.88685714285714, 662.3799799999999, 466.33564551724135, 677.86001]","PDF points, top-left origin","[""35"", ""Haranagar"", """", null, null, null, """", null, null, ""OBCW"", null, """", null, null, """", null, null]","West Bengal","Nadia",2013,"gp_head","pradhan",35,"238810badd4a39a733192c9c269ae3cea0171701253e159de32ae912c1211c43:35","Haranagar","Haranagar","Nakashipara","Haranagar","OBCW","OBCW","OBC",1,"complete_office_synopsis_with_explicit_UR","full_source_visual_review_single_assistant","block_unstated","data/wb/derived/nadia_2013_handbook/full_office_visual_audit.json","9fa81bb5b3696b27f851ec8c0a9871dbcbd2ced62fde42043a8b56bbd2b97d30","single_assistant_nonblinded_source_visual_audit","HARANAGAR",TRUE,TRUE,"3ae53f4a164a3b21c439","Haranagar",FALSE,71,"[63.71999999999999, 629.23001, 560.6200200000001, 764.01601]","Nakashipara","NADIA|NAKASHIPARA|HARANAGAR",TRUE,"NAKASHIPARA","HARANAGAR",1,"OBC",8012,5698,10275,7799,TRUE,FALSE,TRUE,"included","6f8f84ee6651953a02b5"
"c2a6321e77ea1d73b58a","data/wb/gp_source_search/historical_expansion/nadia_Panchayat_20General_20Election_20-_20final_20book_election_202013__cf50563e.pdf","238810badd4a39a733192c9c269ae3cea0171701253e159de32ae912c1211c43",58,0,37,"[84.88685714285714, 677.86001, 466.33564551724135, 693.3400099999999]","PDF points, top-left origin","[""36"", ""Bikrampur"", """", null, null, null, ""SC"", null, null, """", null, """", null, null, """", null, null]","West Bengal","Nadia",2013,"gp_head","pradhan",36,"238810badd4a39a733192c9c269ae3cea0171701253e159de32ae912c1211c43:36","Bikrampur","Bikrampur","Nakashipara","Bikrampur","SC","SC","SC",0,"complete_office_synopsis_with_explicit_UR","full_source_visual_review_single_assistant","block_unstated","data/wb/derived/nadia_2013_handbook/full_office_visual_audit.json","9fa81bb5b3696b27f851ec8c0a9871dbcbd2ced62fde42043a8b56bbd2b97d30","single_assistant_nonblinded_source_visual_audit","BIKRAMPUR",TRUE,TRUE,"83efb059212401dcf226","Bikrampur",FALSE,71,"[63.71999999999999, 629.23001, 560.6200200000001, 764.01601]","Nakashipara","NADIA|NAKASHIPARA|BIKRAMPUR",TRUE,"NAKASHIPARA","BIKRAMPUR",0,"SC",4548,7987,6540,13619,TRUE,FALSE,TRUE,"included","c2a6321e77ea1d73b58a"
"0b325add5b40fffe6941","data/wb/gp_source_search/historical_expansion/nadia_Panchayat_20General_20Election_20-_20final_20book_election_202013__cf50563e.pdf","238810badd4a39a733192c9c269ae3cea0171701253e159de32ae912c1211c43",58,0,38,"[84.88685714285714, 693.3400099999999, 466.33564551724135, 708.93998]","PDF points, top-left origin","[""37"", ""Bilkumari"", """", null, null, null, """", null, null, ""OBCW"", null, """", null, null, """", null, null]","West Bengal","Nadia",2013,"gp_head","pradhan",37,"238810badd4a39a733192c9c269ae3cea0171701253e159de32ae912c1211c43:37","Bilkumari","Bilkumari","Nakashipara","Bilkumari","OBCW","OBCW","OBC",1,"complete_office_synopsis_with_explicit_UR","full_source_visual_review_single_assistant","block_unstated","data/wb/derived/nadia_2013_handbook/full_office_visual_audit.json","9fa81bb5b3696b27f851ec8c0a9871dbcbd2ced62fde42043a8b56bbd2b97d30","single_assistant_nonblinded_source_visual_audit","BILKUMARI",TRUE,TRUE,"e642dc4d72a3f87f343e","Bilkumari",FALSE,71,"[63.71999999999999, 629.23001, 560.6200200000001, 764.01601]","Nakashipara","NADIA|NAKASHIPARA|BILKUMARI",TRUE,"NAKASHIPARA","BILKUMARI",1,"OBC",12271,6480,16801,9588,TRUE,FALSE,TRUE,"included","0b325add5b40fffe6941"
"ebc2949b8a0ec8e54f37","data/wb/gp_source_search/historical_expansion/nadia_Panchayat_20General_20Election_20-_20final_20book_election_202013__cf50563e.pdf","238810badd4a39a733192c9c269ae3cea0171701253e159de32ae912c1211c43",58,0,39,"[84.88685714285714, 708.93998, 466.33564551724135, 724.4200099999999]","PDF points, top-left origin","[""38"", ""Chanderghat"", """", null, null, null, ""SC"", null, null, """", null, """", null, null, """", null, null]","West Bengal","Nadia",2013,"gp_head","pradhan",38,"238810badd4a39a733192c9c269ae3cea0171701253e159de32ae912c1211c43:38","Chanderghat","Chanderghat","Tehatta-I","Chanderghat","SC","SC","SC",0,"complete_office_synopsis_with_explicit_UR","full_source_visual_review_single_assistant","block_unstated","data/wb/derived/nadia_2013_handbook/full_office_visual_audit.json","9fa81bb5b3696b27f851ec8c0a9871dbcbd2ced62fde42043a8b56bbd2b97d30","single_assistant_nonblinded_source_visual_audit","CHANDERGHAT",TRUE,TRUE,"296ea2720720bb52b998","Chanderghat",FALSE,71,"[63.71999999999999, 437.9300099999999, 560.6200200000001, 550.3899799999999]","Tehatta-I","NADIA|TEHATTAI|CHANDERGHAT",TRUE,"TEHATTA-I","CHANDERGHAT",0,"SC",6705,8666,6990,10876,TRUE,FALSE,TRUE,"included","ebc2949b8a0ec8e54f37"
"f0f015132f0385a74b73","data/wb/gp_source_search/historical_expansion/nadia_Panchayat_20General_20Election_20-_20final_20book_election_202013__cf50563e.pdf","238810badd4a39a733192c9c269ae3cea0171701253e159de32ae912c1211c43",58,0,41,"[84.88685714285714, 739.90001, 466.33564551724135, 755.3759799999999]","PDF points, top-left origin","[""40"", ""Dhananjaypur"", """", null, null, null, """", null, null, """", null, """", null, null, ""UR"", null, null]","West Bengal","Nadia",2013,"gp_head","pradhan",40,"238810badd4a39a733192c9c269ae3cea0171701253e159de32ae912c1211c43:40","Dhananjaypur","Dhananjaypur","Nakashipara","Dhananjaypur","UR","UR","UR",0,"complete_office_synopsis_with_explicit_UR","full_source_visual_review_single_assistant","block_unstated","data/wb/derived/nadia_2013_handbook/full_office_visual_audit.json","9fa81bb5b3696b27f851ec8c0a9871dbcbd2ced62fde42043a8b56bbd2b97d30","single_assistant_nonblinded_source_visual_audit","DHANANJAYPUR",TRUE,TRUE,"191e45a163a22f61aac7","Dhananjaypur",FALSE,71,"[63.71999999999999, 629.23001, 560.6200200000001, 764.01601]","Nakashipara","NADIA|NAKASHIPARA|DHANANJAYPUR",TRUE,"NAKASHIPARA","DHANANJAYPUR",0,"unrestricted",9784,11475,14092,17957,TRUE,FALSE,TRUE,"included","f0f015132f0385a74b73"
"0428b65b5d19abc11441","data/wb/gp_source_search/historical_expansion/nadia_Panchayat_20General_20Election_20-_20final_20book_election_202013__cf50563e.pdf","238810badd4a39a733192c9c269ae3cea0171701253e159de32ae912c1211c43",59,0,1,"[85.344, 87.71999999999991, 468.09999000000005, 103.21999999999991]","PDF points, top-left origin","[""42"", ""Mira-I"", """", """", """", ""Women"", """"]","West Bengal","Nadia",2013,"gp_head","pradhan",42,"238810badd4a39a733192c9c269ae3cea0171701253e159de32ae912c1211c43:42","Mira-I","Mira-I","Kaliganj","Mira-I","Women","W","UR",1,"complete_office_synopsis_with_explicit_UR","full_source_visual_review_single_assistant","block_unstated","data/wb/derived/nadia_2013_handbook/full_office_visual_audit.json","9fa81bb5b3696b27f851ec8c0a9871dbcbd2ced62fde42043a8b56bbd2b97d30","single_assistant_nonblinded_source_visual_audit","MIRAI",TRUE,TRUE,"847947b4f2e9e0e581d1","Mira-I",FALSE,72,"[63.71999999999999, 229.93999499999995, 560.6200200000001, 387.05001]","Kaliganj","NADIA|KALIGANJ|MIRAI",TRUE,"KALIGANJ","MIRA-I",1,"unrestricted",3404,1249,4264,1492,TRUE,FALSE,TRUE,"included","0428b65b5d19abc11441"
"2a7f9abfa11ddea3e9c9","data/wb/gp_source_search/historical_expansion/nadia_Panchayat_20General_20Election_20-_20final_20book_election_202013__cf50563e.pdf","238810badd4a39a733192c9c269ae3cea0171701253e159de32ae912c1211c43",59,0,3,"[85.344, 118.81999999999994, 468.09999000000005, 134.29999499999997]","PDF points, top-left origin","[""44"", ""Mira-II"", """", """", """", """", ""UR""]","West Bengal","Nadia",2013,"gp_head","pradhan",44,"238810badd4a39a733192c9c269ae3cea0171701253e159de32ae912c1211c43:44","Mira-II","Mira-II","Kaliganj","Mira-II","UR","UR","UR",0,"complete_office_synopsis_with_explicit_UR","full_source_visual_review_single_assistant","block_unstated","data/wb/derived/nadia_2013_handbook/full_office_visual_audit.json","9fa81bb5b3696b27f851ec8c0a9871dbcbd2ced62fde42043a8b56bbd2b97d30","single_assistant_nonblinded_source_visual_audit","MIRAII",TRUE,TRUE,"39a94268f69150173daf","Mira-II",FALSE,72,"[63.71999999999999, 229.93999499999995, 560.6200200000001, 387.05001]","Kaliganj","NADIA|KALIGANJ|MIRAII",TRUE,"KALIGANJ","MIRA-II",0,"unrestricted",3504,3422,3943,4057,TRUE,FALSE,TRUE,"included","2a7f9abfa11ddea3e9c9"
"6996540506dd34d56bfd","data/wb/gp_source_search/historical_expansion/nadia_Panchayat_20General_20Election_20-_20final_20book_election_202013__cf50563e.pdf","238810badd4a39a733192c9c269ae3cea0171701253e159de32ae912c1211c43",59,0,5,"[85.344, 149.77999999999997, 468.09999000000005, 165.26]","PDF points, top-left origin","[""46"", ""Kaliganj"", """", ""SCW"", """", """", """"]","West Bengal","Nadia",2013,"gp_head","pradhan",46,"238810badd4a39a733192c9c269ae3cea0171701253e159de32ae912c1211c43:46","Kaliganj","Kaliganj","Kaliganj","Kaliganj","SCW","SCW","SC",1,"complete_office_synopsis_with_explicit_UR","full_source_visual_review_single_assistant","block_unstated","data/wb/derived/nadia_2013_handbook/full_office_visual_audit.json","9fa81bb5b3696b27f851ec8c0a9871dbcbd2ced62fde42043a8b56bbd2b97d30","single_assistant_nonblinded_source_visual_audit","KALIGANJ",TRUE,TRUE,"85391ad9042ddbd4f8ab","Kaliganj",FALSE,72,"[63.71999999999999, 229.93999499999995, 560.6200200000001, 387.05001]","Kaliganj","NADIA|KALIGANJ|KALIGANJ",TRUE,"KALIGANJ","KALIGANJ",1,"SC",1228,3667,1697,4465,TRUE,FALSE,TRUE,"included","6996540506dd34d56bfd"
"54e0a3ea7eb18b4d5f79","data/wb/gp_source_search/historical_expansion/nadia_Panchayat_20General_20Election_20-_20final_20book_election_202013__cf50563e.pdf","238810badd4a39a733192c9c269ae3cea0171701253e159de32ae912c1211c43",59,0,6,"[85.344, 165.26, 468.09999000000005, 180.7399949999999]","PDF points, top-left origin","[""47"", ""Panighata"", """", """", ""OBC"", """", """"]","West Bengal","Nadia",2013,"gp_head","pradhan",47,"238810badd4a39a733192c9c269ae3cea0171701253e159de32ae912c1211c43:47","Panighata","Panighata","Kaliganj","Panighata","OBC","OBC","OBC",0,"complete_office_synopsis_with_explicit_UR","full_source_visual_review_single_assistant","block_unstated","data/wb/derived/nadia_2013_handbook/full_office_visual_audit.json","9fa81bb5b3696b27f851ec8c0a9871dbcbd2ced62fde42043a8b56bbd2b97d30","single_assistant_nonblinded_source_visual_audit","PANIGHATA",TRUE,TRUE,"a694cf8859ea05b5dea0","Panighata",FALSE,72,"[63.71999999999999, 229.93999499999995, 560.6200200000001, 387.05001]","Kaliganj","NADIA|KALIGANJ|PANIGHATA",TRUE,"KALIGANJ","PANIGHATA",0,"OBC",216,2001,222,2072,TRUE,FALSE,TRUE,"included","54e0a3ea7eb18b4d5f79"
"20dc31e536ad16911477","data/wb/gp_source_search/historical_expansion/nadia_Panchayat_20General_20Election_20-_20final_20book_election_202013__cf50563e.pdf","238810badd4a39a733192c9c269ae3cea0171701253e159de32ae912c1211c43",59,0,8,"[85.344, 196.21999999999994, 468.09999000000005, 211.81999999999994]","PDF points, top-left origin","[""49"", ""Hatgachha"", """", """", ""OBCW"", """", """"]","West Bengal","Nadia",2013,"gp_head","pradhan",49,"238810badd4a39a733192c9c269ae3cea0171701253e159de32ae912c1211c43:49","Hatgachha","Hatgachha","Kaliganj","Hatgachha","OBCW","OBCW","OBC",1,"complete_office_synopsis_with_explicit_UR","full_source_visual_review_single_assistant","block_unstated","data/wb/derived/nadia_2013_handbook/full_office_visual_audit.json","9fa81bb5b3696b27f851ec8c0a9871dbcbd2ced62fde42043a8b56bbd2b97d30","single_assistant_nonblinded_source_visual_audit","HATGACHHA",TRUE,TRUE,"e03e08f2e76ac8695214","Hatgachha",FALSE,72,"[63.71999999999999, 229.93999499999995, 560.6200200000001, 387.05001]","Kaliganj","NADIA|KALIGANJ|HATGACHHA",TRUE,"KALIGANJ","HATGACHHA",1,"OBC",1815,2673,2195,3096,TRUE,FALSE,TRUE,"included","20dc31e536ad16911477"
"cd3165256caa6c850518","data/wb/gp_source_search/historical_expansion/nadia_Panchayat_20General_20Election_20-_20final_20book_election_202013__cf50563e.pdf","238810badd4a39a733192c9c269ae3cea0171701253e159de32ae912c1211c43",59,0,9,"[85.344, 211.81999999999994, 468.09999000000005, 227.299995]","PDF points, top-left origin","[""50"", ""Juranpur"", """", """", """", ""Women"", """"]","West Bengal","Nadia",2013,"gp_head","pradhan",50,"238810badd4a39a733192c9c269ae3cea0171701253e159de32ae912c1211c43:50","Juranpur","Juranpur","Kaliganj","Juranpur","Women","W","UR",1,"complete_office_synopsis_with_explicit_UR","full_source_visual_review_single_assistant","block_unstated","data/wb/derived/nadia_2013_handbook/full_office_visual_audit.json","9fa81bb5b3696b27f851ec8c0a9871dbcbd2ced62fde42043a8b56bbd2b97d30","single_assistant_nonblinded_source_visual_audit","JURANPUR",TRUE,TRUE,"805936383b60a2e5962f","Juranpur",FALSE,72,"[63.71999999999999, 229.93999499999995, 560.6200200000001, 387.05001]","Kaliganj","NADIA|KALIGANJ|JURANPUR",TRUE,"KALIGANJ","JURANPUR",1,"unrestricted",5336,10054,5870,12332,TRUE,FALSE,TRUE,"included","cd3165256caa6c850518"
"cf9e4190fd1f3c81c782","data/wb/gp_source_search/historical_expansion/nadia_Panchayat_20General_20Election_20-_20final_20book_election_202013__cf50563e.pdf","238810badd4a39a733192c9c269ae3cea0171701253e159de32ae912c1211c43",59,0,10,"[85.344, 227.299995, 468.09999000000005, 242.77999999999997]","PDF points, top-left origin","[""51"", ""Gobra"", """", ""SC"", """", """", """"]","West Bengal","Nadia",2013,"gp_head","pradhan",51,"238810badd4a39a733192c9c269ae3cea0171701253e159de32ae912c1211c43:51","Gobra","Gobra","Kaliganj","Gobra","SC","SC","SC",0,"complete_office_synopsis_with_explicit_UR","full_source_visual_review_single_assistant","block_unstated","data/wb/derived/nadia_2013_handbook/full_office_visual_audit.json","9fa81bb5b3696b27f851ec8c0a9871dbcbd2ced62fde42043a8b56bbd2b97d30","single_assistant_nonblinded_source_visual_audit","GOBRA",TRUE,TRUE,"380c53f78b1afa08a5ee","Gobra",FALSE,72,"[63.71999999999999, 229.93999499999995, 560.6200200000001, 387.05001]","Kaliganj","NADIA|KALIGANJ|GOBRA",TRUE,"KALIGANJ","GOBRA",0,"SC",1753,8061,1862,10178,TRUE,FALSE,TRUE,"included","cf9e4190fd1f3c81c782"
"7a66f7ca09216bbae700","data/wb/gp_source_search/historical_expansion/nadia_Panchayat_20General_20Election_20-_20final_20book_election_202013__cf50563e.pdf","238810badd4a39a733192c9c269ae3cea0171701253e159de32ae912c1211c43",59,0,12,"[85.344, 258.26001, 468.09999000000005, 273.7399949999999]","PDF points, top-left origin","[""53"", ""Faridpur"", """", ""SC"", """", """", """"]","West Bengal","Nadia",2013,"gp_head","pradhan",53,"238810badd4a39a733192c9c269ae3cea0171701253e159de32ae912c1211c43:53","Faridpur","Faridpur","Kaliganj","Faridpur","SC","SC","SC",0,"complete_office_synopsis_with_explicit_UR","full_source_visual_review_single_assistant","block_unstated","data/wb/derived/nadia_2013_handbook/full_office_visual_audit.json","9fa81bb5b3696b27f851ec8c0a9871dbcbd2ced62fde42043a8b56bbd2b97d30","single_assistant_nonblinded_source_visual_audit","FARIDPUR",TRUE,TRUE,"c7fcec1a7c70603806bc","Faridpur",FALSE,72,"[63.71999999999999, 229.93999499999995, 560.6200200000001, 387.05001]","Kaliganj","NADIA|KALIGANJ|FARIDPUR",TRUE,"KALIGANJ","FARIDPUR",0,"SC",1275,3934,1565,4756,TRUE,FALSE,TRUE,"included","7a66f7ca09216bbae700"
"2b0c52edfc1bd5293327","data/wb/gp_source_search/historical_expansion/nadia_Panchayat_20General_20Election_20-_20final_20book_election_202013__cf50563e.pdf","238810badd4a39a733192c9c269ae3cea0171701253e159de32ae912c1211c43",59,0,13,"[85.344, 273.7399949999999, 468.09999000000005, 289.249995]","PDF points, top-left origin","[""54"", ""Palitbegia"", """", """", """", ""Women"", """"]","West Bengal","Nadia",2013,"gp_head","pradhan",54,"238810badd4a39a733192c9c269ae3cea0171701253e159de32ae912c1211c43:54","Palitbegia","Palitbegia","Kaliganj","Palitbegia","Women","W","UR",1,"complete_office_synopsis_with_explicit_UR","full_source_visual_review_single_assistant","block_unstated","data/wb/derived/nadia_2013_handbook/full_office_visual_audit.json","9fa81bb5b3696b27f851ec8c0a9871dbcbd2ced62fde42043a8b56bbd2b97d30","single_assistant_nonblinded_source_visual_audit","PALITBEGIA",TRUE,TRUE,"8b3060c1f3104b06f451","palitbegia",FALSE,72,"[63.71999999999999, 229.93999499999995, 560.6200200000001, 387.05001]","Kaliganj","NADIA|KALIGANJ|PALITBEGIA",TRUE,"KALIGANJ","PALITBEGIA",1,"unrestricted",2747,3216,2839,3571,TRUE,FALSE,TRUE,"included","2b0c52edfc1bd5293327"
"bb612b59c3c26a51b54d","data/wb/gp_source_search/historical_expansion/nadia_Panchayat_20General_20Election_20-_20final_20book_election_202013__cf50563e.pdf","238810badd4a39a733192c9c269ae3cea0171701253e159de32ae912c1211c43",59,0,18,"[85.344, 359.45000999999996, 468.09999000000005, 374.92999499999996]","PDF points, top-left origin","[""59"", ""Bethuadahari-I"", """", ""SCW"", """", """", """"]","West Bengal","Nadia",2013,"gp_head","pradhan",59,"238810badd4a39a733192c9c269ae3cea0171701253e159de32ae912c1211c43:59","Bethuadahari-I","Bethuadahari-I","Nakashipara","Bethuadahari-I","SCW","SCW","SC",1,"complete_office_synopsis_with_explicit_UR","full_source_visual_review_single_assistant","block_unstated","data/wb/derived/nadia_2013_handbook/full_office_visual_audit.json","9fa81bb5b3696b27f851ec8c0a9871dbcbd2ced62fde42043a8b56bbd2b97d30","single_assistant_nonblinded_source_visual_audit","BETHUADAHARII",TRUE,TRUE,"0b93fc0e0f562928b44b","Bethuadahari-I",FALSE,71,"[63.71999999999999, 629.23001, 560.6200200000001, 764.01601]","Nakashipara","NADIA|NAKASHIPARA|BETHUADAHARII",TRUE,"NAKASHIPARA","BETHUADAHARI-I",1,"SC",2501,2799,2947,3208,TRUE,FALSE,TRUE,"included","bb612b59c3c26a51b54d"
"982aee833a7f559e2c35","data/wb/gp_source_search/historical_expansion/nadia_Panchayat_20General_20Election_20-_20final_20book_election_202013__cf50563e.pdf","238810badd4a39a733192c9c269ae3cea0171701253e159de32ae912c1211c43",59,0,19,"[85.344, 374.92999499999996, 468.09999000000005, 390.529995]","PDF points, top-left origin","[""60"", ""Bethuadahari-II"", """", """", """", ""Women"", """"]","West Bengal","Nadia",2013,"gp_head","pradhan",60,"238810badd4a39a733192c9c269ae3cea0171701253e159de32ae912c1211c43:60","Bethuadahari-II","Bethuadahari-II","Nakashipara","Bethuadahari-II","Women","W","UR",1,"complete_office_synopsis_with_explicit_UR","full_source_visual_review_single_assistant","block_unstated","data/wb/derived/nadia_2013_handbook/full_office_visual_audit.json","9fa81bb5b3696b27f851ec8c0a9871dbcbd2ced62fde42043a8b56bbd2b97d30","single_assistant_nonblinded_source_visual_audit","BETHUADAHARIII",TRUE,TRUE,"02589be8b7139d2023b0","Bethuadahari-II",FALSE,71,"[63.71999999999999, 629.23001, 560.6200200000001, 764.01601]","Nakashipara","NADIA|NAKASHIPARA|BETHUADAHARIII",TRUE,"NAKASHIPARA","BETHUADAHARI-II",1,"unrestricted",1563,3282,1880,4809,TRUE,FALSE,TRUE,"included","982aee833a7f559e2c35"
"252964aa076d5922d28a","data/wb/gp_source_search/historical_expansion/nadia_Panchayat_20General_20Election_20-_20final_20book_election_202013__cf50563e.pdf","238810badd4a39a733192c9c269ae3cea0171701253e159de32ae912c1211c43",59,0,20,"[85.344, 390.529995, 468.09999000000005, 406.00999499999995]","PDF points, top-left origin","[""61"", ""Patikabari"", """", ""SC"", """", """", """"]","West Bengal","Nadia",2013,"gp_head","pradhan",61,"238810badd4a39a733192c9c269ae3cea0171701253e159de32ae912c1211c43:61","Patikabari","Patikabari","Nakashipara","Patikabari","SC","SC","SC",0,"complete_office_synopsis_with_explicit_UR","full_source_visual_review_single_assistant","block_unstated","data/wb/derived/nadia_2013_handbook/full_office_visual_audit.json","9fa81bb5b3696b27f851ec8c0a9871dbcbd2ced62fde42043a8b56bbd2b97d30","single_assistant_nonblinded_source_visual_audit","PATIKABARI",TRUE,TRUE,"7977e3fb127c1bd55a36","Patikabari",FALSE,71,"[63.71999999999999, 629.23001, 560.6200200000001, 764.01601]","Nakashipara","NADIA|NAKASHIPARA|PATIKABARI",TRUE,"NAKASHIPARA","PATIKABARI",0,"SC",1952,7988,2880,11357,TRUE,FALSE,TRUE,"included","252964aa076d5922d28a"
"04299bedd29d6042e8b5","data/wb/gp_source_search/historical_expansion/nadia_Panchayat_20General_20Election_20-_20final_20book_election_202013__cf50563e.pdf","238810badd4a39a733192c9c269ae3cea0171701253e159de32ae912c1211c43",59,0,21,"[85.344, 406.00999499999995, 468.09999000000005, 421.49001]","PDF points, top-left origin","[""62"", ""Birpur-II"", """", """", """", """", ""UR""]","West Bengal","Nadia",2013,"gp_head","pradhan",62,"238810badd4a39a733192c9c269ae3cea0171701253e159de32ae912c1211c43:62","Birpur-II","Birpur-II","Nakashipara","Birpur-II","UR","UR","UR",0,"complete_office_synopsis_with_explicit_UR","full_source_visual_review_single_assistant","block_unstated","data/wb/derived/nadia_2013_handbook/full_office_visual_audit.json","9fa81bb5b3696b27f851ec8c0a9871dbcbd2ced62fde42043a8b56bbd2b97d30","single_assistant_nonblinded_source_visual_audit","BIRPURII",TRUE,TRUE,"d28326b5a9221093876c","Birpur-II",FALSE,72,"[63.71999999999999, 195.8599999999999, 560.6200200000001, 229.93999499999995]","Nakashipara","NADIA|NAKASHIPARA|BIRPURII",TRUE,"NAKASHIPARA","BIRPUR-II",0,"unrestricted",12268,8014,14368,11882,TRUE,FALSE,TRUE,"included","04299bedd29d6042e8b5"
"81073cd657c1f994ee30","data/wb/gp_source_search/historical_expansion/nadia_Panchayat_20General_20Election_20-_20final_20book_election_202013__cf50563e.pdf","238810badd4a39a733192c9c269ae3cea0171701253e159de32ae912c1211c43",59,0,22,"[85.344, 421.49001, 468.09999000000005, 436.969995]","PDF points, top-left origin","[""63"", ""Birpur-I"", """", ""SC"", """", """", """"]","West Bengal","Nadia",2013,"gp_head","pradhan",63,"238810badd4a39a733192c9c269ae3cea0171701253e159de32ae912c1211c43:63","Birpur-I","Birpur-I","Nakashipara","Birpur-I","SC","SC","SC",0,"complete_office_synopsis_with_explicit_UR","full_source_visual_review_single_assistant","block_unstated","data/wb/derived/nadia_2013_handbook/full_office_visual_audit.json","9fa81bb5b3696b27f851ec8c0a9871dbcbd2ced62fde42043a8b56bbd2b97d30","single_assistant_nonblinded_source_visual_audit","BIRPURI",TRUE,TRUE,"621c8c3dacd9e8a20ac8","Birpur-I",FALSE,72,"[63.71999999999999, 195.8599999999999, 560.6200200000001, 229.93999499999995]","Nakashipara","NADIA|NAKASHIPARA|BIRPURI",TRUE,"NAKASHIPARA","BIRPUR-I",0,"SC",7752,3414,10602,4546,TRUE,FALSE,TRUE,"included","81073cd657c1f994ee30"
"f07823d84afd6041fb07","data/wb/gp_source_search/historical_expansion/nadia_Panchayat_20General_20Election_20-_20final_20book_election_202013__cf50563e.pdf","238810badd4a39a733192c9c269ae3cea0171701253e159de32ae912c1211c43",59,0,23,"[85.344, 436.969995, 468.09999000000005, 452.44999499999994]","PDF points, top-left origin","[""64"", ""Dogachhia"", """", """", """", ""Women"", """"]","West Bengal","Nadia",2013,"gp_head","pradhan",64,"238810badd4a39a733192c9c269ae3cea0171701253e159de32ae912c1211c43:64","Dogachhia","Dogachhia","Nakashipara","Dogachhia","Women","W","UR",1,"complete_office_synopsis_with_explicit_UR","full_source_visual_review_single_assistant","block_unstated","data/wb/derived/nadia_2013_handbook/full_office_visual_audit.json","9fa81bb5b3696b27f851ec8c0a9871dbcbd2ced62fde42043a8b56bbd2b97d30","single_assistant_nonblinded_source_visual_audit","DOGACHHIA",TRUE,TRUE,"3dfd5ce47e4f5ceda8f3","Dogachhia",FALSE,72,"[63.71999999999999, 195.8599999999999, 560.6200200000001, 229.93999499999995]","Nakashipara","NADIA|NAKASHIPARA|DOGACHHIA",TRUE,"NAKASHIPARA","DOGACHHIA",1,"unrestricted",8214,4309,11096,6521,TRUE,FALSE,TRUE,"included","f07823d84afd6041fb07"
"e60997fd41433149f4bb","data/wb/gp_source_search/historical_expansion/nadia_Panchayat_20General_20Election_20-_20final_20book_election_202013__cf50563e.pdf","238810badd4a39a733192c9c269ae3cea0171701253e159de32ae912c1211c43",59,0,24,"[85.344, 452.44999499999994, 468.09999000000005, 467.93001]","PDF points, top-left origin","[""65"", ""Muragachha"", """", ""SC"", """", """", """"]","West Bengal","Nadia",2013,"gp_head","pradhan",65,"238810badd4a39a733192c9c269ae3cea0171701253e159de32ae912c1211c43:65","Muragachha","Muragachha","Nakashipara","Muragachha","SC","SC","SC",0,"complete_office_synopsis_with_explicit_UR","full_source_visual_review_single_assistant","block_unstated","data/wb/derived/nadia_2013_handbook/full_office_visual_audit.json","9fa81bb5b3696b27f851ec8c0a9871dbcbd2ced62fde42043a8b56bbd2b97d30","single_assistant_nonblinded_source_visual_audit","MURAGACHHA",TRUE,TRUE,"3c3c1d2cb6b610bd33cf","Muragachha",FALSE,72,"[63.71999999999999, 195.8599999999999, 560.6200200000001, 229.93999499999995]","Nakashipara","NADIA|NAKASHIPARA|MURAGACHHA",TRUE,"NAKASHIPARA","MURAGACHHA",0,"SC",9684,7752,13804,13443,TRUE,FALSE,TRUE,"included","e60997fd41433149f4bb"
"61e1a1c5d06b35db339a","data/wb/gp_source_search/historical_expansion/nadia_Panchayat_20General_20Election_20-_20final_20book_election_202013__cf50563e.pdf","238810badd4a39a733192c9c269ae3cea0171701253e159de32ae912c1211c43",59,0,27,"[85.344, 499.029995, 468.09999000000005, 514.51001]","PDF points, top-left origin","[""68"", ""Hridaypur"", """", """", """", ""Women"", """"]","West Bengal","Nadia",2013,"gp_head","pradhan",68,"238810badd4a39a733192c9c269ae3cea0171701253e159de32ae912c1211c43:68","Hridaypur","Hridaypur","Chapra","Hridaypur","Women","W","UR",1,"complete_office_synopsis_with_explicit_UR","full_source_visual_review_single_assistant","block_unstated","data/wb/derived/nadia_2013_handbook/full_office_visual_audit.json","9fa81bb5b3696b27f851ec8c0a9871dbcbd2ced62fde42043a8b56bbd2b97d30","single_assistant_nonblinded_source_visual_audit","HRIDAYPUR",TRUE,TRUE,"fd6fab44e51dcd930a45","Hridaypur",FALSE,72,"[63.71999999999999, 387.05001, 560.6200200000001, 532.99001]","Chapra","NADIA|CHAPRA|HRIDAYPUR",TRUE,"CHAPRA","HRIDAYPUR",1,"unrestricted",13170,20134,20324,42546,TRUE,FALSE,TRUE,"included","61e1a1c5d06b35db339a"
"8b8fa229dae4693af93c","data/wb/gp_source_search/historical_expansion/nadia_Panchayat_20General_20Election_20-_20final_20book_election_202013__cf50563e.pdf","238810badd4a39a733192c9c269ae3cea0171701253e159de32ae912c1211c43",59,0,29,"[85.344, 529.99001, 468.09999000000005, 545.47001]","PDF points, top-left origin","[""70"", ""Alfa"", """", """", """", """", ""UR""]","West Bengal","Nadia",2013,"gp_head","pradhan",70,"238810badd4a39a733192c9c269ae3cea0171701253e159de32ae912c1211c43:70","Alfa","Alfa","Chapra","Alfa","UR","UR","UR",0,"complete_office_synopsis_with_explicit_UR","full_source_visual_review_single_assistant","block_unstated","data/wb/derived/nadia_2013_handbook/full_office_visual_audit.json","9fa81bb5b3696b27f851ec8c0a9871dbcbd2ced62fde42043a8b56bbd2b97d30","single_assistant_nonblinded_source_visual_audit","ALFA",TRUE,TRUE,"c9653998bb1bed864c5f","Alfa",FALSE,72,"[63.71999999999999, 387.05001, 560.6200200000001, 532.99001]","Chapra","NADIA|CHAPRA|ALFA",TRUE,"CHAPRA","ALFA",0,"unrestricted",9076,6062,10186,7436,TRUE,FALSE,TRUE,"included","8b8fa229dae4693af93c"
"a96029fc6c268da76ca2","data/wb/gp_source_search/historical_expansion/nadia_Panchayat_20General_20Election_20-_20final_20book_election_202013__cf50563e.pdf","238810badd4a39a733192c9c269ae3cea0171701253e159de32ae912c1211c43",59,0,30,"[85.344, 545.47001, 468.09999000000005, 560.9499799999999]","PDF points, top-left origin","[""71"", ""Hatkhola"", """", ""SCW"", """", """", """"]","West Bengal","Nadia",2013,"gp_head","pradhan",71,"238810badd4a39a733192c9c269ae3cea0171701253e159de32ae912c1211c43:71","Hatkhola","Hatkhola","Chapra","Hatkhola","SCW","SCW","SC",1,"complete_office_synopsis_with_explicit_UR","full_source_visual_review_single_assistant","block_unstated","data/wb/derived/nadia_2013_handbook/full_office_visual_audit.json","9fa81bb5b3696b27f851ec8c0a9871dbcbd2ced62fde42043a8b56bbd2b97d30","single_assistant_nonblinded_source_visual_audit","HATKHOLA",TRUE,TRUE,"6fb7af0a1f1fcd1898bd","Hatkhola",FALSE,72,"[63.71999999999999, 387.05001, 560.6200200000001, 532.99001]","Chapra","NADIA|CHAPRA|HATKHOLA",TRUE,"CHAPRA","HATKHOLA",1,"SC",10953,8061,13365,11623,TRUE,FALSE,TRUE,"included","a96029fc6c268da76ca2"
"ea21891b44fb757157a5","data/wb/gp_source_search/historical_expansion/nadia_Panchayat_20General_20Election_20-_20final_20book_election_202013__cf50563e.pdf","238810badd4a39a733192c9c269ae3cea0171701253e159de32ae912c1211c43",59,0,31,"[85.344, 560.9499799999999, 468.09999000000005, 576.5500099999999]","PDF points, top-left origin","[""72"", ""Brittihuda"", """", """", """", ""Women"", """"]","West Bengal","Nadia",2013,"gp_head","pradhan",72,"238810badd4a39a733192c9c269ae3cea0171701253e159de32ae912c1211c43:72","Brittihuda","Brittihuda","Chapra","Brittihuda","Women","W","UR",1,"complete_office_synopsis_with_explicit_UR","full_source_visual_review_single_assistant","block_unstated","data/wb/derived/nadia_2013_handbook/full_office_visual_audit.json","9fa81bb5b3696b27f851ec8c0a9871dbcbd2ced62fde42043a8b56bbd2b97d30","single_assistant_nonblinded_source_visual_audit","BRITTIHUDA",TRUE,TRUE,"e7a87cc95b5e85aeb6db","Brittihuda",FALSE,72,"[63.71999999999999, 387.05001, 560.6200200000001, 532.99001]","Chapra","NADIA|CHAPRA|BRITTIHUDA",TRUE,"CHAPRA","BRITTIHUDA",1,"unrestricted",11525,5168,16547,7697,TRUE,FALSE,TRUE,"included","ea21891b44fb757157a5"
"3d5b3738d453e4a1e7f7","data/wb/gp_source_search/historical_expansion/nadia_Panchayat_20General_20Election_20-_20final_20book_election_202013__cf50563e.pdf","238810badd4a39a733192c9c269ae3cea0171701253e159de32ae912c1211c43",59,0,32,"[85.344, 576.5500099999999, 468.09999000000005, 592.02998]","PDF points, top-left origin","[""73"", ""Pipragachhi"", """", """", ""OBC"", """", """"]","West Bengal","Nadia",2013,"gp_head","pradhan",73,"238810badd4a39a733192c9c269ae3cea0171701253e159de32ae912c1211c43:73","Pipragachhi","Pipragachhi","Chapra","Pipragachhi","OBC","OBC","OBC",0,"complete_office_synopsis_with_explicit_UR","full_source_visual_review_single_assistant","block_unstated","data/wb/derived/nadia_2013_handbook/full_office_visual_audit.json","9fa81bb5b3696b27f851ec8c0a9871dbcbd2ced62fde42043a8b56bbd2b97d30","single_assistant_nonblinded_source_visual_audit","PIPRAGACHHI",TRUE,TRUE,"58afc3504cf3a18fc4ac","Pipragachhi",FALSE,72,"[63.71999999999999, 387.05001, 560.6200200000001, 532.99001]","Chapra","NADIA|CHAPRA|PIPRAGACHHI",TRUE,"CHAPRA","PIPRAGACHHI",0,"OBC",18188,9404,20366,13244,TRUE,FALSE,TRUE,"included","3d5b3738d453e4a1e7f7"
"3f8468076b7ac5c1428e","data/wb/gp_source_search/historical_expansion/nadia_Panchayat_20General_20Election_20-_20final_20book_election_202013__cf50563e.pdf","238810badd4a39a733192c9c269ae3cea0171701253e159de32ae912c1211c43",59,0,33,"[85.344, 592.02998, 468.09999000000005, 607.51001]","PDF points, top-left origin","[""74"", ""Maheshpur"", """", ""SCW"", """", """", """"]","West Bengal","Nadia",2013,"gp_head","pradhan",74,"238810badd4a39a733192c9c269ae3cea0171701253e159de32ae912c1211c43:74","Maheshpur","Maheshpur","Chapra","Maheshpur","SCW","SCW","SC",1,"complete_office_synopsis_with_explicit_UR","full_source_visual_review_single_assistant","block_unstated","data/wb/derived/nadia_2013_handbook/full_office_visual_audit.json","9fa81bb5b3696b27f851ec8c0a9871dbcbd2ced62fde42043a8b56bbd2b97d30","single_assistant_nonblinded_source_visual_audit","MAHESHPUR",TRUE,TRUE,"57c548cdce9ee602d715","maheshpur",FALSE,72,"[63.71999999999999, 387.05001, 560.6200200000001, 532.99001]","Chapra","NADIA|CHAPRA|MAHESHPUR",TRUE,"CHAPRA","MAHESHPUR",1,"SC",10300,6357,18274,11572,TRUE,FALSE,TRUE,"included","3f8468076b7ac5c1428e"
"99c9745304ea1e8ff50c","data/wb/gp_source_search/historical_expansion/nadia_Panchayat_20General_20Election_20-_20final_20book_election_202013__cf50563e.pdf","238810badd4a39a733192c9c269ae3cea0171701253e159de32ae912c1211c43",59,0,34,"[85.344, 607.51001, 468.09999000000005, 622.9900100000001]","PDF points, top-left origin","[""75"", ""Chapra-I"", """", """", ""OBC"", """", """"]","West Bengal","Nadia",2013,"gp_head","pradhan",75,"238810badd4a39a733192c9c269ae3cea0171701253e159de32ae912c1211c43:75","Chapra-I","Chapra-I","Chapra","Chapra-I","OBC","OBC","OBC",0,"complete_office_synopsis_with_explicit_UR","full_source_visual_review_single_assistant","block_unstated","data/wb/derived/nadia_2013_handbook/full_office_visual_audit.json","9fa81bb5b3696b27f851ec8c0a9871dbcbd2ced62fde42043a8b56bbd2b97d30","single_assistant_nonblinded_source_visual_audit","CHAPRAI",TRUE,TRUE,"79eedcb0d46db547c331","Chapra-I",FALSE,72,"[63.71999999999999, 387.05001, 560.6200200000001, 532.99001]","Chapra","NADIA|CHAPRA|CHAPRAI",TRUE,"CHAPRA","CHAPRA-I",0,"OBC",10364,10391,13193,22888,TRUE,FALSE,TRUE,"included","99c9745304ea1e8ff50c"
"56fff7092da63774b442","data/wb/gp_source_search/historical_expansion/nadia_Panchayat_20General_20Election_20-_20final_20book_election_202013__cf50563e.pdf","238810badd4a39a733192c9c269ae3cea0171701253e159de32ae912c1211c43",59,0,35,"[85.344, 622.9900100000001, 468.09999000000005, 638.47001]","PDF points, top-left origin","[""76"", ""Chapra-II"", """", """", """", """", ""UR""]","West Bengal","Nadia",2013,"gp_head","pradhan",76,"238810badd4a39a733192c9c269ae3cea0171701253e159de32ae912c1211c43:76","Chapra-II","Chapra-II","Chapra","Chapra-II","UR","UR","UR",0,"complete_office_synopsis_with_explicit_UR","full_source_visual_review_single_assistant","block_unstated","data/wb/derived/nadia_2013_handbook/full_office_visual_audit.json","9fa81bb5b3696b27f851ec8c0a9871dbcbd2ced62fde42043a8b56bbd2b97d30","single_assistant_nonblinded_source_visual_audit","CHAPRAII",TRUE,TRUE,"5f019325c57c6f02c30f","Chapra-II",FALSE,72,"[63.71999999999999, 387.05001, 560.6200200000001, 532.99001]","Chapra","NADIA|CHAPRA|CHAPRAII",TRUE,"CHAPRA","CHAPRA-II",0,"unrestricted",7310,6978,8211,8712,TRUE,FALSE,TRUE,"included","56fff7092da63774b442"
"d00569d334472332bac2","data/wb/gp_source_search/historical_expansion/nadia_Panchayat_20General_20Election_20-_20final_20book_election_202013__cf50563e.pdf","238810badd4a39a733192c9c269ae3cea0171701253e159de32ae912c1211c43",59,0,36,"[85.344, 638.47001, 468.09999000000005, 653.9500099999999]","PDF points, top-left origin","[""77"", ""Kalinga"", """", ""SCW"", """", """", """"]","West Bengal","Nadia",2013,"gp_head","pradhan",77,"238810badd4a39a733192c9c269ae3cea0171701253e159de32ae912c1211c43:77","Kalinga","Kalinga","Chapra","Kalinga","SCW","SCW","SC",1,"complete_office_synopsis_with_explicit_UR","full_source_visual_review_single_assistant","block_unstated","data/wb/derived/nadia_2013_handbook/full_office_visual_audit.json","9fa81bb5b3696b27f851ec8c0a9871dbcbd2ced62fde42043a8b56bbd2b97d30","single_assistant_nonblinded_source_visual_audit","KALINGA",TRUE,TRUE,"bcae347d269c57230ab9","Kalinga",FALSE,72,"[63.71999999999999, 387.05001, 560.6200200000001, 532.99001]","Chapra","NADIA|CHAPRA|KALINGA",TRUE,"CHAPRA","KALINGA",1,"SC",9840,946,16023,1261,TRUE,FALSE,TRUE,"included","d00569d334472332bac2"
"9937484cc9a8bc36b27c","data/wb/gp_source_search/historical_expansion/nadia_Panchayat_20General_20Election_20-_20final_20book_election_202013__cf50563e.pdf","238810badd4a39a733192c9c269ae3cea0171701253e159de32ae912c1211c43",59,0,37,"[85.344, 653.9500099999999, 468.09999000000005, 669.5800099999999]","PDF points, top-left origin","[""78"", ""Bagberia"", """", """", """", ""Women"", """"]","West Bengal","Nadia",2013,"gp_head","pradhan",78,"238810badd4a39a733192c9c269ae3cea0171701253e159de32ae912c1211c43:78","Bagberia","Bagberia","Chapra","Bagberia","Women","W","UR",1,"complete_office_synopsis_with_explicit_UR","full_source_visual_review_single_assistant","block_unstated","data/wb/derived/nadia_2013_handbook/full_office_visual_audit.json","9fa81bb5b3696b27f851ec8c0a9871dbcbd2ced62fde42043a8b56bbd2b97d30","single_assistant_nonblinded_source_visual_audit","BAGBERIA",TRUE,TRUE,"764499c4bd69f10b674f","Bagberia",FALSE,72,"[63.71999999999999, 387.05001, 560.6200200000001, 532.99001]","Chapra","NADIA|CHAPRA|BAGBERIA",TRUE,"CHAPRA","BAGBERIA",1,"unrestricted",6552,2429,12890,4190,TRUE,FALSE,TRUE,"included","9937484cc9a8bc36b27c"
"10db5105100b93d220e3","data/wb/gp_source_search/historical_expansion/nadia_Panchayat_20General_20Election_20-_20final_20book_election_202013__cf50563e.pdf","238810badd4a39a733192c9c269ae3cea0171701253e159de32ae912c1211c43",59,0,38,"[85.344, 669.5800099999999, 468.09999000000005, 685.05998]","PDF points, top-left origin","[""79"", ""Mahatpur"", """", """", ""OBC"", """", """"]","West Bengal","Nadia",2013,"gp_head","pradhan",79,"238810badd4a39a733192c9c269ae3cea0171701253e159de32ae912c1211c43:79","Mahatpur","Mahatpur","Chapra","Mahatpur","OBC","OBC","OBC",0,"complete_office_synopsis_with_explicit_UR","full_source_visual_review_single_assistant","block_unstated","data/wb/derived/nadia_2013_handbook/full_office_visual_audit.json","9fa81bb5b3696b27f851ec8c0a9871dbcbd2ced62fde42043a8b56bbd2b97d30","single_assistant_nonblinded_source_visual_audit","MAHATPUR",TRUE,TRUE,"bf5f23001da20b1099a3","Mahatpur",FALSE,72,"[63.71999999999999, 387.05001, 560.6200200000001, 532.99001]","Chapra","NADIA|CHAPRA|MAHATPUR",TRUE,"CHAPRA","MAHATPUR",0,"OBC",7967,9369,9563,16273,TRUE,FALSE,TRUE,"included","10db5105100b93d220e3"
"dfa41efec94a0f2523c6","data/wb/gp_source_search/historical_expansion/nadia_Panchayat_20General_20Election_20-_20final_20book_election_202013__cf50563e.pdf","238810badd4a39a733192c9c269ae3cea0171701253e159de32ae912c1211c43",60,0,0,"[85.37400000000001, 72.2399999999999, 468.09999, 95.89999999999998]","PDF points, top-left origin","[""85"", null, null, ""Mayapur\nBamanpukur-II"", null, null, """", ""SC"", """", """", """"]","West Bengal","Nadia",2013,"gp_head","pradhan",85,"238810badd4a39a733192c9c269ae3cea0171701253e159de32ae912c1211c43:85","Mayapur Bamanpukur-II","Mayapur Bamanpukur-II","Nabadwip","Mayapur
Bamanpukur-II","SC","SC","SC",0,"complete_office_synopsis_with_explicit_UR","full_source_visual_review_single_assistant","block_unstated","data/wb/derived/nadia_2013_handbook/full_office_visual_audit.json","9fa81bb5b3696b27f851ec8c0a9871dbcbd2ced62fde42043a8b56bbd2b97d30","single_assistant_nonblinded_source_visual_audit","MAYAPURBAMANPUKURII",TRUE,TRUE,"5f5dd995e2611699f1a2","Mayapur-Bamanpukur-II",TRUE,73,"[63.72, 195.8599999999999, 560.62002, 297.05001]","Nabadwip","NADIA|NABADWIP|MAYAPURBAMANPUKURII",TRUE,"NABADWIP","MAYAPUR BAMANPUKUR-II",0,"SC",3748,9769,4484,15174,TRUE,FALSE,TRUE,"included","dfa41efec94a0f2523c6"
"5fe7ded78ffaeddca214","data/wb/gp_source_search/historical_expansion/nadia_Panchayat_20General_20Election_20-_20final_20book_election_202013__cf50563e.pdf","238810badd4a39a733192c9c269ae3cea0171701253e159de32ae912c1211c43",60,0,1,"[85.37400000000001, 95.89999999999998, 468.09999, 119.65999999999997]","PDF points, top-left origin","[""86"", null, null, ""Mayapur\nBamanpukur-I"", null, null, """", """", """", ""Women"", """"]","West Bengal","Nadia",2013,"gp_head","pradhan",86,"238810badd4a39a733192c9c269ae3cea0171701253e159de32ae912c1211c43:86","Mayapur Bamanpukur-I","Mayapur Bamanpukur-I","Nabadwip","Mayapur
Bamanpukur-I","Women","W","UR",1,"complete_office_synopsis_with_explicit_UR","full_source_visual_review_single_assistant","block_unstated","data/wb/derived/nadia_2013_handbook/full_office_visual_audit.json","9fa81bb5b3696b27f851ec8c0a9871dbcbd2ced62fde42043a8b56bbd2b97d30","single_assistant_nonblinded_source_visual_audit","MAYAPURBAMANPUKURI",TRUE,TRUE,"ed0a0c522f39e5e69932","Mayapur-Bamanpukur-I",TRUE,73,"[63.72, 195.8599999999999, 560.62002, 297.05001]","Nabadwip","NADIA|NABADWIP|MAYAPURBAMANPUKURI",TRUE,"NABADWIP","MAYAPUR BAMANPUKUR-I",1,"unrestricted",3720,9738,4331,13962,TRUE,FALSE,TRUE,"included","5fe7ded78ffaeddca214"
"e3f069271ffe9ab3915f","data/wb/gp_source_search/historical_expansion/nadia_Panchayat_20General_20Election_20-_20final_20book_election_202013__cf50563e.pdf","238810badd4a39a733192c9c269ae3cea0171701253e159de32ae912c1211c43",60,0,2,"[85.37400000000001, 119.65999999999997, 468.09999, 135.14]","PDF points, top-left origin","[""87"", null, null, ""Bablari"", null, null, """", ""SC"", """", """", """"]","West Bengal","Nadia",2013,"gp_head","pradhan",87,"238810badd4a39a733192c9c269ae3cea0171701253e159de32ae912c1211c43:87","Bablari","Bablari","Nabadwip","Bablari","SC","SC","SC",0,"complete_office_synopsis_with_explicit_UR","full_source_visual_review_single_assistant","block_unstated","data/wb/derived/nadia_2013_handbook/full_office_visual_audit.json","9fa81bb5b3696b27f851ec8c0a9871dbcbd2ced62fde42043a8b56bbd2b97d30","single_assistant_nonblinded_source_visual_audit","BABLARI",TRUE,TRUE,"990e451b4f44fa5b9fde","Bablari",FALSE,73,"[63.72, 195.8599999999999, 560.62002, 297.05001]","Nabadwip","NADIA|NABADWIP|BABLARI",TRUE,"NABADWIP","BABLARI",0,"SC",1489,1949,1979,2506,TRUE,FALSE,TRUE,"included","e3f069271ffe9ab3915f"
"5192a7fab01eb6979088","data/wb/gp_source_search/historical_expansion/nadia_Panchayat_20General_20Election_20-_20final_20book_election_202013__cf50563e.pdf","238810badd4a39a733192c9c269ae3cea0171701253e159de32ae912c1211c43",60,0,3,"[85.37400000000001, 135.14, 468.09999, 150.62000000000003]","PDF points, top-left origin","[""88"", null, null, ""Swarupganj"", null, null, """", """", """", """", ""UR""]","West Bengal","Nadia",2013,"gp_head","pradhan",88,"238810badd4a39a733192c9c269ae3cea0171701253e159de32ae912c1211c43:88","Swarupganj","Swarupganj","Nabadwip","Swarupganj","UR","UR","UR",0,"complete_office_synopsis_with_explicit_UR","full_source_visual_review_single_assistant","block_unstated","data/wb/derived/nadia_2013_handbook/full_office_visual_audit.json","9fa81bb5b3696b27f851ec8c0a9871dbcbd2ced62fde42043a8b56bbd2b97d30","single_assistant_nonblinded_source_visual_audit","SWARUPGANJ",TRUE,TRUE,"1012981063022f4cd86e","Swarupganj",FALSE,73,"[63.72, 195.8599999999999, 560.62002, 297.05001]","Nabadwip","NADIA|NABADWIP|SWARUPGANJ",TRUE,"NABADWIP","SWARUPGANJ",0,"unrestricted",1700,3654,1852,4310,TRUE,FALSE,TRUE,"included","5192a7fab01eb6979088"
"b62d0232e5c1203af229","data/wb/gp_source_search/historical_expansion/nadia_Panchayat_20General_20Election_20-_20final_20book_election_202013__cf50563e.pdf","238810badd4a39a733192c9c269ae3cea0171701253e159de32ae912c1211c43",60,0,4,"[85.37400000000001, 150.62000000000003, 468.09999, 174.379995]","PDF points, top-left origin","[""89"", null, null, ""Charmajdia\nCharbrahmanagar"", null, null, """", ""SCW"", """", """", """"]","West Bengal","Nadia",2013,"gp_head","pradhan",89,"238810badd4a39a733192c9c269ae3cea0171701253e159de32ae912c1211c43:89","Charmajdia Charbrahmanagar","Charmajdia Charbrahmanagar","Nabadwip","Charmajdia
Charbrahmanagar","SCW","SCW","SC",1,"complete_office_synopsis_with_explicit_UR","full_source_visual_review_single_assistant","block_unstated","data/wb/derived/nadia_2013_handbook/full_office_visual_audit.json","9fa81bb5b3696b27f851ec8c0a9871dbcbd2ced62fde42043a8b56bbd2b97d30","single_assistant_nonblinded_source_visual_audit","CHARMAJDIACHARBRAHMANAGAR",TRUE,TRUE,"e063a03cc364bf30d354","Charmajdia-Charbrahmanagar",TRUE,73,"[63.72, 195.8599999999999, 560.62002, 297.05001]","Nabadwip","NADIA|NABADWIP|CHARMAJDIACHARBRAHMANAGAR",TRUE,"NABADWIP","CHARMAJDIA CHARBRAHMANAGAR",1,"SC",2515,4397,3303,4641,TRUE,FALSE,TRUE,"included","b62d0232e5c1203af229"
"d175165776e372f6b020","data/wb/gp_source_search/historical_expansion/nadia_Panchayat_20General_20Election_20-_20final_20book_election_202013__cf50563e.pdf","238810badd4a39a733192c9c269ae3cea0171701253e159de32ae912c1211c43",60,0,6,"[85.37400000000001, 189.8599999999999, 468.09999, 205.33999999999992]","PDF points, top-left origin","[""91"", null, null, ""Mahisura"", null, null, """", """", ""OBC"", """", """"]","West Bengal","Nadia",2013,"gp_head","pradhan",91,"238810badd4a39a733192c9c269ae3cea0171701253e159de32ae912c1211c43:91","Mahisura","Mahisura","Nabadwip","Mahisura","OBC","OBC","OBC",0,"complete_office_synopsis_with_explicit_UR","full_source_visual_review_single_assistant","block_unstated","data/wb/derived/nadia_2013_handbook/full_office_visual_audit.json","9fa81bb5b3696b27f851ec8c0a9871dbcbd2ced62fde42043a8b56bbd2b97d30","single_assistant_nonblinded_source_visual_audit","MAHISURA",TRUE,TRUE,"43778ab6e3f1729f7547","Mahisura",FALSE,73,"[63.72, 195.8599999999999, 560.62002, 297.05001]","Nabadwip","NADIA|NABADWIP|MAHISURA",TRUE,"NABADWIP","MAHISURA",0,"OBC",3407,5225,3815,7742,TRUE,FALSE,TRUE,"included","d175165776e372f6b020"
"35f0d03810b180b77171","data/wb/gp_source_search/historical_expansion/nadia_Panchayat_20General_20Election_20-_20final_20book_election_202013__cf50563e.pdf","238810badd4a39a733192c9c269ae3cea0171701253e159de32ae912c1211c43",60,0,23,"[85.37400000000001, 461.56999499999995, 468.09999, 477.06999499999995]","PDF points, top-left origin","[""108"", null, null, ""Baganchra"", null, null, """", """", """", """", ""UR""]","West Bengal","Nadia",2013,"gp_head","pradhan",108,"238810badd4a39a733192c9c269ae3cea0171701253e159de32ae912c1211c43:108","Baganchra","Baganchra","Santipur","Baganchra","UR","UR","UR",0,"complete_office_synopsis_with_explicit_UR","full_source_visual_review_single_assistant","block_unstated","data/wb/derived/nadia_2013_handbook/full_office_visual_audit.json","9fa81bb5b3696b27f851ec8c0a9871dbcbd2ced62fde42043a8b56bbd2b97d30","single_assistant_nonblinded_source_visual_audit","BAGANCHRA",TRUE,TRUE,"248f1f679c186858f67c","Baganchra",FALSE,73,"[63.72, 398.2100099999999, 560.62002, 510.66999500000003]","Santipur","NADIA|SANTIPUR|BAGANCHRA",TRUE,"SANTIPUR","BAGANCHRA",0,"unrestricted",6759,14061,8445,22888,TRUE,FALSE,TRUE,"included","35f0d03810b180b77171"
"7e05a8a0f43f4ee62471","data/wb/gp_source_search/historical_expansion/nadia_Panchayat_20General_20Election_20-_20final_20book_election_202013__cf50563e.pdf","238810badd4a39a733192c9c269ae3cea0171701253e159de32ae912c1211c43",60,0,24,"[85.37400000000001, 477.06999499999995, 468.09999, 492.55000999999993]","PDF points, top-left origin","[""109"", null, null, ""Babla"", null, null, """", """", """", ""Women"", """"]","West Bengal","Nadia",2013,"gp_head","pradhan",109,"238810badd4a39a733192c9c269ae3cea0171701253e159de32ae912c1211c43:109","Babla","Babla","Santipur","Babla","Women","W","UR",1,"complete_office_synopsis_with_explicit_UR","full_source_visual_review_single_assistant","block_unstated","data/wb/derived/nadia_2013_handbook/full_office_visual_audit.json","9fa81bb5b3696b27f851ec8c0a9871dbcbd2ced62fde42043a8b56bbd2b97d30","single_assistant_nonblinded_source_visual_audit","BABLA",TRUE,TRUE,"def658555e8d77c890f9","Babla",FALSE,73,"[63.72, 398.2100099999999, 560.62002, 510.66999500000003]","Santipur","NADIA|SANTIPUR|BABLA",TRUE,"SANTIPUR","BABLA",1,"unrestricted",3891,12711,5450,22046,TRUE,FALSE,TRUE,"included","7e05a8a0f43f4ee62471"
"d236615c92703d0e4c91","data/wb/gp_source_search/historical_expansion/nadia_Panchayat_20General_20Election_20-_20final_20book_election_202013__cf50563e.pdf","238810badd4a39a733192c9c269ae3cea0171701253e159de32ae912c1211c43",60,0,25,"[85.37400000000001, 492.55000999999993, 468.09999, 508.029995]","PDF points, top-left origin","[""110"", null, null, ""Haripur"", null, null, """", ""SCW"", """", """", """"]","West Bengal","Nadia",2013,"gp_head","pradhan",110,"238810badd4a39a733192c9c269ae3cea0171701253e159de32ae912c1211c43:110","Haripur","Haripur","Santipur","Haripur","SCW","SCW","SC",1,"complete_office_synopsis_with_explicit_UR","full_source_visual_review_single_assistant","block_unstated","data/wb/derived/nadia_2013_handbook/full_office_visual_audit.json","9fa81bb5b3696b27f851ec8c0a9871dbcbd2ced62fde42043a8b56bbd2b97d30","single_assistant_nonblinded_source_visual_audit","HARIPUR",TRUE,TRUE,"fe70d05e772812234b98","haripur",FALSE,73,"[63.72, 398.2100099999999, 560.62002, 510.66999500000003]","Santipur","NADIA|SANTIPUR|HARIPUR",TRUE,"SANTIPUR","HARIPUR",1,"SC",3995,8650,5028,12945,TRUE,FALSE,TRUE,"included","d236615c92703d0e4c91"
"980ad6eaa96cd275d53d","data/wb/gp_source_search/historical_expansion/nadia_Panchayat_20General_20Election_20-_20final_20book_election_202013__cf50563e.pdf","238810badd4a39a733192c9c269ae3cea0171701253e159de32ae912c1211c43",60,0,26,"[85.37400000000001, 508.029995, 468.09999, 523.63001]","PDF points, top-left origin","[""111"", null, null, ""Belgoria-II"", null, null, """", """", """", """", ""UR""]","West Bengal","Nadia",2013,"gp_head","pradhan",111,"238810badd4a39a733192c9c269ae3cea0171701253e159de32ae912c1211c43:111","Belgoria-II","Belgoria-II","Santipur","Belgoria-II","UR","UR","UR",0,"complete_office_synopsis_with_explicit_UR","full_source_visual_review_single_assistant","block_unstated","data/wb/derived/nadia_2013_handbook/full_office_visual_audit.json","9fa81bb5b3696b27f851ec8c0a9871dbcbd2ced62fde42043a8b56bbd2b97d30","single_assistant_nonblinded_source_visual_audit","BELGORIAII",TRUE,TRUE,"012b91646ff9a7bc20c4","Belgoria-II",FALSE,73,"[63.72, 398.2100099999999, 560.62002, 510.66999500000003]","Santipur","NADIA|SANTIPUR|BELGORIAII",TRUE,"SANTIPUR","BELGORIA-II",0,"unrestricted",844,8586,953,9455,TRUE,FALSE,TRUE,"included","980ad6eaa96cd275d53d"
"5483cd9cafcc1184b23c","data/wb/gp_source_search/historical_expansion/nadia_Panchayat_20General_20Election_20-_20final_20book_election_202013__cf50563e.pdf","238810badd4a39a733192c9c269ae3cea0171701253e159de32ae912c1211c43",60,0,27,"[85.37400000000001, 523.63001, 468.09999, 539.11001]","PDF points, top-left origin","[""112"", null, null, ""Belgoria-I"", null, null, """", ""SC"", """", """", """"]","West Bengal","Nadia",2013,"gp_head","pradhan",112,"238810badd4a39a733192c9c269ae3cea0171701253e159de32ae912c1211c43:112","Belgoria-I","Belgoria-I","Santipur","Belgoria-I","SC","SC","SC",0,"complete_office_synopsis_with_explicit_UR","full_source_visual_review_single_assistant","block_unstated","data/wb/derived/nadia_2013_handbook/full_office_visual_audit.json","9fa81bb5b3696b27f851ec8c0a9871dbcbd2ced62fde42043a8b56bbd2b97d30","single_assistant_nonblinded_source_visual_audit","BELGORIAI",TRUE,TRUE,"8b18db1f7845818682bc","Belgoria-I",FALSE,73,"[63.72, 398.2100099999999, 560.62002, 510.66999500000003]","Santipur","NADIA|SANTIPUR|BELGORIAI",TRUE,"SANTIPUR","BELGORIA-I",0,"SC",1742,6847,2299,9551,TRUE,FALSE,TRUE,"included","5483cd9cafcc1184b23c"
"0e0f1133068c7da32fd5","data/wb/gp_source_search/historical_expansion/nadia_Panchayat_20General_20Election_20-_20final_20book_election_202013__cf50563e.pdf","238810badd4a39a733192c9c269ae3cea0171701253e159de32ae912c1211c43",60,0,28,"[85.37400000000001, 539.11001, 468.09999, 554.58998]","PDF points, top-left origin","[""113"", null, null, ""Arbandi-II"", null, null, """", """", ""OBC"", """", """"]","West Bengal","Nadia",2013,"gp_head","pradhan",113,"238810badd4a39a733192c9c269ae3cea0171701253e159de32ae912c1211c43:113","Arbandi-II","Arbandi-II","Santipur","Arbandi-II","OBC","OBC","OBC",0,"complete_office_synopsis_with_explicit_UR","full_source_visual_review_single_assistant","block_unstated","data/wb/derived/nadia_2013_handbook/full_office_visual_audit.json","9fa81bb5b3696b27f851ec8c0a9871dbcbd2ced62fde42043a8b56bbd2b97d30","single_assistant_nonblinded_source_visual_audit","ARBANDIII",TRUE,TRUE,"7443b787463e9d00ca14","Arbandi-II",FALSE,73,"[63.72, 398.2100099999999, 560.62002, 510.66999500000003]","Santipur","NADIA|SANTIPUR|ARBANDIII",TRUE,"SANTIPUR","ARBANDI-II",0,"OBC",7067,14528,9799,25046,TRUE,FALSE,TRUE,"included","0e0f1133068c7da32fd5"
"b7e54c99d1476b6e496f","data/wb/gp_source_search/historical_expansion/nadia_Panchayat_20General_20Election_20-_20final_20book_election_202013__cf50563e.pdf","238810badd4a39a733192c9c269ae3cea0171701253e159de32ae912c1211c43",60,0,29,"[85.37400000000001, 554.58998, 468.09999, 570.0700099999999]","PDF points, top-left origin","[""114"", null, null, ""Arbandi-I"", null, null, """", ""SC"", """", """", """"]","West Bengal","Nadia",2013,"gp_head","pradhan",114,"238810badd4a39a733192c9c269ae3cea0171701253e159de32ae912c1211c43:114","Arbandi-I","Arbandi-I","Santipur","Arbandi-I","SC","SC","SC",0,"complete_office_synopsis_with_explicit_UR","full_source_visual_review_single_assistant","block_unstated","data/wb/derived/nadia_2013_handbook/full_office_visual_audit.json","9fa81bb5b3696b27f851ec8c0a9871dbcbd2ced62fde42043a8b56bbd2b97d30","single_assistant_nonblinded_source_visual_audit","ARBANDII",TRUE,TRUE,"1cec7bd803752322a1a1","Arbandi-I",FALSE,73,"[63.72, 398.2100099999999, 560.62002, 510.66999500000003]","Santipur","NADIA|SANTIPUR|ARBANDII",TRUE,"SANTIPUR","ARBANDI-I",0,"SC",11483,15983,16305,24735,TRUE,FALSE,TRUE,"included","b7e54c99d1476b6e496f"
"cb734593593aaa09234b","data/wb/gp_source_search/historical_expansion/nadia_Panchayat_20General_20Election_20-_20final_20book_election_202013__cf50563e.pdf","238810badd4a39a733192c9c269ae3cea0171701253e159de32ae912c1211c43",60,0,30,"[85.37400000000001, 570.0700099999999, 468.09999, 585.5500099999999]","PDF points, top-left origin","[""115"", null, null, ""Nabla"", null, null, """", """", ""OBCW"", """", """"]","West Bengal","Nadia",2013,"gp_head","pradhan",115,"238810badd4a39a733192c9c269ae3cea0171701253e159de32ae912c1211c43:115","Nabla","Nabla","Santipur","Nabla","OBCW","OBCW","OBC",1,"complete_office_synopsis_with_explicit_UR","full_source_visual_review_single_assistant","block_unstated","data/wb/derived/nadia_2013_handbook/full_office_visual_audit.json","9fa81bb5b3696b27f851ec8c0a9871dbcbd2ced62fde42043a8b56bbd2b97d30","single_assistant_nonblinded_source_visual_audit","NABLA",TRUE,TRUE,"6d511cf8e7632fb8a0c5","Nabla",FALSE,73,"[63.72, 398.2100099999999, 560.62002, 510.66999500000003]","Santipur","NADIA|SANTIPUR|NABLA",TRUE,"SANTIPUR","NABLA",1,"OBC",6995,16763,8350,24959,TRUE,FALSE,TRUE,"included","cb734593593aaa09234b"
"6e3ef72a94d38acabd5a","data/wb/gp_source_search/historical_expansion/nadia_Panchayat_20General_20Election_20-_20final_20book_election_202013__cf50563e.pdf","238810badd4a39a733192c9c269ae3cea0171701253e159de32ae912c1211c43",60,0,31,"[85.37400000000001, 585.5500099999999, 468.09999, 601.02998]","PDF points, top-left origin","[""116"", null, null, ""Fulia Township"", null, null, """", ""SC"", """", """", """"]","West Bengal","Nadia",2013,"gp_head","pradhan",116,"238810badd4a39a733192c9c269ae3cea0171701253e159de32ae912c1211c43:116","Fulia Township","Fulia Township","Santipur","Fulia Township","SC","SC","SC",0,"complete_office_synopsis_with_explicit_UR","full_source_visual_review_single_assistant","block_unstated","data/wb/derived/nadia_2013_handbook/full_office_visual_audit.json","9fa81bb5b3696b27f851ec8c0a9871dbcbd2ced62fde42043a8b56bbd2b97d30","single_assistant_nonblinded_source_visual_audit","FULIATOWNSHIP",TRUE,TRUE,"730f60a680739b0f3926","Fulia Township",FALSE,73,"[63.72, 398.2100099999999, 560.62002, 510.66999500000003]","Santipur","NADIA|SANTIPUR|FULIATOWNSHIP",TRUE,"SANTIPUR","FULIA TOWNSHIP",0,"SC",2633,5110,3120,5969,TRUE,FALSE,TRUE,"included","6e3ef72a94d38acabd5a"
"84c25bf962e05cfbd0c8","data/wb/gp_source_search/historical_expansion/nadia_Panchayat_20General_20Election_20-_20final_20book_election_202013__cf50563e.pdf","238810badd4a39a733192c9c269ae3cea0171701253e159de32ae912c1211c43",60,0,32,"[85.37400000000001, 601.02998, 468.09999, 616.6300099999999]","PDF points, top-left origin","[""117"", null, null, ""Barasat"", null, null, """", """", """", ""Women"", """"]","West Bengal","Nadia",2013,"gp_head","pradhan",117,"238810badd4a39a733192c9c269ae3cea0171701253e159de32ae912c1211c43:117","Barasat","Barasat","Ranaghat-I","Barasat","Women","W","UR",1,"complete_office_synopsis_with_explicit_UR","full_source_visual_review_single_assistant","block_unstated","data/wb/derived/nadia_2013_handbook/full_office_visual_audit.json","9fa81bb5b3696b27f851ec8c0a9871dbcbd2ced62fde42043a8b56bbd2b97d30","single_assistant_nonblinded_source_visual_audit","BARASAT",TRUE,TRUE,"59d66996bf6f8db7e283","Barasat",FALSE,73,"[63.72, 510.66999500000003, 560.62002, 634.2699799999999]","Ranaghat-I","NADIA|RANAGHATI|BARASAT",TRUE,"RANAGHAT-I","BARASAT",1,"unrestricted",3554,15664,4507,18770,TRUE,FALSE,TRUE,"included","84c25bf962e05cfbd0c8"
"2b4920227cac923b57de","data/wb/gp_source_search/historical_expansion/nadia_Panchayat_20General_20Election_20-_20final_20book_election_202013__cf50563e.pdf","238810badd4a39a733192c9c269ae3cea0171701253e159de32ae912c1211c43",60,0,33,"[85.37400000000001, 616.6300099999999, 468.09999, 632.11001]","PDF points, top-left origin","[""118"", null, null, ""Khisma"", null, null, """", ""SCW"", """", """", """"]","West Bengal","Nadia",2013,"gp_head","pradhan",118,"238810badd4a39a733192c9c269ae3cea0171701253e159de32ae912c1211c43:118","Khisma","Khisma","Ranaghat-I","Khisma","SCW","SCW","SC",1,"complete_office_synopsis_with_explicit_UR","full_source_visual_review_single_assistant","block_unstated","data/wb/derived/nadia_2013_handbook/full_office_visual_audit.json","9fa81bb5b3696b27f851ec8c0a9871dbcbd2ced62fde42043a8b56bbd2b97d30","single_assistant_nonblinded_source_visual_audit","KHISMA",TRUE,TRUE,"03242941d68fd0a35104","Khisma",FALSE,73,"[63.72, 510.66999500000003, 560.62002, 634.2699799999999]","Ranaghat-I","NADIA|RANAGHATI|KHISMA",TRUE,"RANAGHAT-I","KHISMA",1,"SC",3285,6714,3643,8467,TRUE,FALSE,TRUE,"included","2b4920227cac923b57de"
"c1954651510f5c787ef3","data/wb/gp_source_search/historical_expansion/nadia_Panchayat_20General_20Election_20-_20final_20book_election_202013__cf50563e.pdf","238810badd4a39a733192c9c269ae3cea0171701253e159de32ae912c1211c43",60,0,40,"[85.37400000000001, 734.9200058333332, 468.09999, 751.05598]","PDF points, top-left origin","[""125"", null, null, ""Krishnaganj"", null, null, """", """", """", ""Women"", """"]","West Bengal","Nadia",2013,"gp_head","pradhan",125,"238810badd4a39a733192c9c269ae3cea0171701253e159de32ae912c1211c43:125","Krishnaganj","Krishnaganj","Krishnaganj","Krishnaganj","Women","W","UR",1,"complete_office_synopsis_with_explicit_UR","full_source_visual_review_single_assistant","block_unstated","data/wb/derived/nadia_2013_handbook/full_office_visual_audit.json","9fa81bb5b3696b27f851ec8c0a9871dbcbd2ced62fde42043a8b56bbd2b97d30","single_assistant_nonblinded_source_visual_audit","KRISHNAGANJ",TRUE,TRUE,"6655606add39567db966","Krishnaganj",FALSE,73,"[63.72, 634.2699799999999, 560.62002, 713.1400099999998]","Krishnaganj","NADIA|KRISHNAGANJ|KRISHNAGANJ",TRUE,"KRISHNAGANJ","KRISHNAGANJ",1,"unrestricted",5723,9259,6144,10016,TRUE,FALSE,TRUE,"included","c1954651510f5c787ef3"
"3574ac7ca5de35e33a9d","data/wb/gp_source_search/historical_expansion/nadia_Panchayat_20General_20Election_20-_20final_20book_election_202013__cf50563e.pdf","238810badd4a39a733192c9c269ae3cea0171701253e159de32ae912c1211c43",61,0,0,"[85.344, 72.2399999999999, 468.09999, 87.71999999999991]","PDF points, top-left origin","[""127"", ""Bhajanghat Tungi"", """", """", """", """", ""UR""]","West Bengal","Nadia",2013,"gp_head","pradhan",127,"238810badd4a39a733192c9c269ae3cea0171701253e159de32ae912c1211c43:127","Bhajanghat Tungi","Bhajanghat Tungi","Krishnaganj","Bhajanghat Tungi","UR","UR","UR",0,"complete_office_synopsis_with_explicit_UR","full_source_visual_review_single_assistant","block_unstated","data/wb/derived/nadia_2013_handbook/full_office_visual_audit.json","9fa81bb5b3696b27f851ec8c0a9871dbcbd2ced62fde42043a8b56bbd2b97d30","single_assistant_nonblinded_source_visual_audit","BHAJANGHATTUNGI",TRUE,TRUE,"5cc53c62d6725b7e02d2","Bhajanghat Tungi",FALSE,73,"[63.72, 634.2699799999999, 560.62002, 713.1400099999998]","Krishnaganj","NADIA|KRISHNAGANJ|BHAJANGHATTUNGI",TRUE,"KRISHNAGANJ","BHAJANGHAT TUNGI",0,"unrestricted",6609,9519,11495,16069,TRUE,FALSE,TRUE,"included","3574ac7ca5de35e33a9d"
"421258e86a04e7af9556","data/wb/gp_source_search/historical_expansion/nadia_Panchayat_20General_20Election_20-_20final_20book_election_202013__cf50563e.pdf","238810badd4a39a733192c9c269ae3cea0171701253e159de32ae912c1211c43",61,0,1,"[85.344, 87.71999999999991, 468.09999, 103.21999999999991]","PDF points, top-left origin","[""128"", ""Dakshinpara-II"", """", """", """", ""Women"", """"]","West Bengal","Nadia",2013,"gp_head","pradhan",128,"238810badd4a39a733192c9c269ae3cea0171701253e159de32ae912c1211c43:128","Dakshinpara-II","Dakshinpara-II","Hanskhali","Dakshinpara-II","Women","W","UR",1,"complete_office_synopsis_with_explicit_UR","full_source_visual_review_single_assistant","block_unstated","data/wb/derived/nadia_2013_handbook/full_office_visual_audit.json","9fa81bb5b3696b27f851ec8c0a9871dbcbd2ced62fde42043a8b56bbd2b97d30","single_assistant_nonblinded_source_visual_audit","DAKSHINPARAII",TRUE,TRUE,"a7eb4abc00ef34449c72","Dakshinpara-II",FALSE,74,"[63.71999999999999, 195.8599999999999, 560.6200200000001, 364.24999499999996]","Hanskhali","NADIA|HANSKHALI|DAKSHINPARAII",TRUE,"HANSKHALI","DAKSHINPARA-II",1,"unrestricted",492,9051,701,10834,TRUE,FALSE,TRUE,"included","421258e86a04e7af9556"
"48279e62a50c9b88207a","data/wb/gp_source_search/historical_expansion/nadia_Panchayat_20General_20Election_20-_20final_20book_election_202013__cf50563e.pdf","238810badd4a39a733192c9c269ae3cea0171701253e159de32ae912c1211c43",61,0,2,"[85.344, 103.21999999999991, 468.09999, 118.81999999999994]","PDF points, top-left origin","[""129"", ""Dakshinpara-I"", """", """", """", """", ""UR""]","West Bengal","Nadia",2013,"gp_head","pradhan",129,"238810badd4a39a733192c9c269ae3cea0171701253e159de32ae912c1211c43:129","Dakshinpara-I","Dakshinpara-I","Hanskhali","Dakshinpara-I","UR","UR","UR",0,"complete_office_synopsis_with_explicit_UR","full_source_visual_review_single_assistant","block_unstated","data/wb/derived/nadia_2013_handbook/full_office_visual_audit.json","9fa81bb5b3696b27f851ec8c0a9871dbcbd2ced62fde42043a8b56bbd2b97d30","single_assistant_nonblinded_source_visual_audit","DAKSHINPARAI",TRUE,TRUE,"27737c47cd084c36b586","Dakshinpara-I",FALSE,74,"[63.71999999999999, 195.8599999999999, 560.6200200000001, 364.24999499999996]","Hanskhali","NADIA|HANSKHALI|DAKSHINPARAI",TRUE,"HANSKHALI","DAKSHINPARA-I",0,"unrestricted",2926,4279,4084,5800,TRUE,FALSE,TRUE,"included","48279e62a50c9b88207a"
"e24c3c409ddf52fe6e06","data/wb/gp_source_search/historical_expansion/nadia_Panchayat_20General_20Election_20-_20final_20book_election_202013__cf50563e.pdf","238810badd4a39a733192c9c269ae3cea0171701253e159de32ae912c1211c43",61,0,3,"[85.344, 118.81999999999994, 468.09999, 134.29999499999997]","PDF points, top-left origin","[""130"", ""Betnagobindapur"", """", ""SC"", """", """", """"]","West Bengal","Nadia",2013,"gp_head","pradhan",130,"238810badd4a39a733192c9c269ae3cea0171701253e159de32ae912c1211c43:130","Betnagobindapur","Betnagobindapur","Hanskhali","Betnagobindapur","SC","SC","SC",0,"complete_office_synopsis_with_explicit_UR","full_source_visual_review_single_assistant","block_unstated","data/wb/derived/nadia_2013_handbook/full_office_visual_audit.json","9fa81bb5b3696b27f851ec8c0a9871dbcbd2ced62fde42043a8b56bbd2b97d30","single_assistant_nonblinded_source_visual_audit","BETNAGOBINDAPUR",TRUE,TRUE,"3fbaa3c8734fe672dc93","Betnagobindapur",FALSE,74,"[63.71999999999999, 195.8599999999999, 560.6200200000001, 364.24999499999996]","Hanskhali","NADIA|HANSKHALI|BETNAGOBINDAPUR",TRUE,"HANSKHALI","BETNA GOBINDAPUR",0,"SC",6701,18554,9013,27666,TRUE,FALSE,TRUE,"included","e24c3c409ddf52fe6e06"
"424b6f90145d92b9eb9e","data/wb/gp_source_search/historical_expansion/nadia_Panchayat_20General_20Election_20-_20final_20book_election_202013__cf50563e.pdf","238810badd4a39a733192c9c269ae3cea0171701253e159de32ae912c1211c43",61,0,4,"[85.344, 134.29999499999997, 468.09999, 149.77999999999997]","PDF points, top-left origin","[""131"", ""Mayurhat-II"", """", """", """", ""Women"", """"]","West Bengal","Nadia",2013,"gp_head","pradhan",131,"238810badd4a39a733192c9c269ae3cea0171701253e159de32ae912c1211c43:131","Mayurhat-II","Mayurhat-II","Hanskhali","Mayurhat-II","Women","W","UR",1,"complete_office_synopsis_with_explicit_UR","full_source_visual_review_single_assistant","block_unstated","data/wb/derived/nadia_2013_handbook/full_office_visual_audit.json","9fa81bb5b3696b27f851ec8c0a9871dbcbd2ced62fde42043a8b56bbd2b97d30","single_assistant_nonblinded_source_visual_audit","MAYURHATII",TRUE,TRUE,"b715f940d79be82c5622","Mayurhat-II",FALSE,74,"[63.71999999999999, 195.8599999999999, 560.6200200000001, 364.24999499999996]","Hanskhali","NADIA|HANSKHALI|MAYURHATII",TRUE,"HANSKHALI","MAYURHAT-II",1,"unrestricted",2194,7907,3846,12035,TRUE,FALSE,TRUE,"included","424b6f90145d92b9eb9e"
"b32b8d3b23dbb24024fa","data/wb/gp_source_search/historical_expansion/nadia_Panchayat_20General_20Election_20-_20final_20book_election_202013__cf50563e.pdf","238810badd4a39a733192c9c269ae3cea0171701253e159de32ae912c1211c43",61,0,5,"[85.344, 149.77999999999997, 468.09999, 165.26]","PDF points, top-left origin","[""132"", ""Mayurhat-I"", """", ""SCW"", """", """", """"]","West Bengal","Nadia",2013,"gp_head","pradhan",132,"238810badd4a39a733192c9c269ae3cea0171701253e159de32ae912c1211c43:132","Mayurhat-I","Mayurhat-I","Hanskhali","Mayurhat-I","SCW","SCW","SC",1,"complete_office_synopsis_with_explicit_UR","full_source_visual_review_single_assistant","block_unstated","data/wb/derived/nadia_2013_handbook/full_office_visual_audit.json","9fa81bb5b3696b27f851ec8c0a9871dbcbd2ced62fde42043a8b56bbd2b97d30","single_assistant_nonblinded_source_visual_audit","MAYURHATI",TRUE,TRUE,"07dbe5a81cc87b2a6c67","Mayurhat-I",FALSE,74,"[63.71999999999999, 195.8599999999999, 560.6200200000001, 364.24999499999996]","Hanskhali","NADIA|HANSKHALI|MAYURHATI",TRUE,"HANSKHALI","MAYURHAT-I",1,"SC",4098,8298,5767,10271,TRUE,FALSE,TRUE,"included","b32b8d3b23dbb24024fa"
"f949b0498fb7636e9c77","data/wb/gp_source_search/historical_expansion/nadia_Panchayat_20General_20Election_20-_20final_20book_election_202013__cf50563e.pdf","238810badd4a39a733192c9c269ae3cea0171701253e159de32ae912c1211c43",61,0,9,"[85.344, 211.81999999999994, 468.09999, 227.299995]","PDF points, top-left origin","[""136"", ""Mamjoan"", """", ""SCW"", """", """", """"]","West Bengal","Nadia",2013,"gp_head","pradhan",136,"238810badd4a39a733192c9c269ae3cea0171701253e159de32ae912c1211c43:136","Mamjoan","Mamjoan","Hanskhali","Mamjoan","SCW","SCW","SC",1,"complete_office_synopsis_with_explicit_UR","full_source_visual_review_single_assistant","block_unstated","data/wb/derived/nadia_2013_handbook/full_office_visual_audit.json","9fa81bb5b3696b27f851ec8c0a9871dbcbd2ced62fde42043a8b56bbd2b97d30","single_assistant_nonblinded_source_visual_audit","MAMJOAN",TRUE,TRUE,"2f7d17624f87d52e4d6e","Mamjoan",FALSE,74,"[63.71999999999999, 195.8599999999999, 560.6200200000001, 364.24999499999996]","Hanskhali","NADIA|HANSKHALI|MAMJOAN",TRUE,"HANSKHALI","MAMJOAN",1,"SC",806,3878,1121,6271,TRUE,FALSE,TRUE,"included","f949b0498fb7636e9c77"
"496a4ac883e1d1efb7df","data/wb/gp_source_search/historical_expansion/nadia_Panchayat_20General_20Election_20-_20final_20book_election_202013__cf50563e.pdf","238810badd4a39a733192c9c269ae3cea0171701253e159de32ae912c1211c43",61,0,10,"[85.344, 227.299995, 468.09999, 242.77999999999997]","PDF points, top-left origin","[""137"", ""Bagula-II"", """", """", """", """", ""UR""]","West Bengal","Nadia",2013,"gp_head","pradhan",137,"238810badd4a39a733192c9c269ae3cea0171701253e159de32ae912c1211c43:137","Bagula-II","Bagula-II","Hanskhali","Bagula-II","UR","UR","UR",0,"complete_office_synopsis_with_explicit_UR","full_source_visual_review_single_assistant","block_unstated","data/wb/derived/nadia_2013_handbook/full_office_visual_audit.json","9fa81bb5b3696b27f851ec8c0a9871dbcbd2ced62fde42043a8b56bbd2b97d30","single_assistant_nonblinded_source_visual_audit","BAGULAII",TRUE,TRUE,"96ab6d41d30cda9f8309","Bagula-II",FALSE,74,"[63.71999999999999, 195.8599999999999, 560.6200200000001, 364.24999499999996]","Hanskhali","NADIA|HANSKHALI|BAGULAII",TRUE,"HANSKHALI","BAGULA-II",0,"unrestricted",852,5273,1197,6560,TRUE,FALSE,TRUE,"included","496a4ac883e1d1efb7df"
"dd4c14cca1d099624273","data/wb/gp_source_search/historical_expansion/nadia_Panchayat_20General_20Election_20-_20final_20book_election_202013__cf50563e.pdf","238810badd4a39a733192c9c269ae3cea0171701253e159de32ae912c1211c43",61,0,11,"[85.344, 242.77999999999997, 468.09999, 258.26001]","PDF points, top-left origin","[""138"", ""Bagula-I"", """", ""SC"", """", """", """"]","West Bengal","Nadia",2013,"gp_head","pradhan",138,"238810badd4a39a733192c9c269ae3cea0171701253e159de32ae912c1211c43:138","Bagula-I","Bagula-I","Hanskhali","Bagula-I","SC","SC","SC",0,"complete_office_synopsis_with_explicit_UR","full_source_visual_review_single_assistant","block_unstated","data/wb/derived/nadia_2013_handbook/full_office_visual_audit.json","9fa81bb5b3696b27f851ec8c0a9871dbcbd2ced62fde42043a8b56bbd2b97d30","single_assistant_nonblinded_source_visual_audit","BAGULAI",TRUE,TRUE,"d3bb04f6a44147df0e9f","Bagula-I",FALSE,74,"[63.71999999999999, 195.8599999999999, 560.6200200000001, 364.24999499999996]","Hanskhali","NADIA|HANSKHALI|BAGULAI",TRUE,"HANSKHALI","BAGULA-I",0,"SC",2420,9865,2937,10884,TRUE,FALSE,TRUE,"included","dd4c14cca1d099624273"
"222735d60dec865d7497","data/wb/gp_source_search/historical_expansion/nadia_Panchayat_20General_20Election_20-_20final_20book_election_202013__cf50563e.pdf","238810badd4a39a733192c9c269ae3cea0171701253e159de32ae912c1211c43",61,0,14,"[85.344, 310.249995, 468.09999, 325.8499949999999]","PDF points, top-left origin","[""141"", ""Aranghata"", """", """", ""OBC"", """", """"]","West Bengal","Nadia",2013,"gp_head","pradhan",141,"238810badd4a39a733192c9c269ae3cea0171701253e159de32ae912c1211c43:141","Aranghata","Aranghata","Ranaghat-II","Aranghata","OBC","OBC","OBC",0,"complete_office_synopsis_with_explicit_UR","full_source_visual_review_single_assistant","block_unstated","data/wb/derived/nadia_2013_handbook/full_office_visual_audit.json","9fa81bb5b3696b27f851ec8c0a9871dbcbd2ced62fde42043a8b56bbd2b97d30","single_assistant_nonblinded_source_visual_audit","ARANGHATA",TRUE,TRUE,"bcbd13e1ef3782f13ed5","Aranghata",FALSE,74,"[63.71999999999999, 364.24999499999996, 560.6200200000001, 499.029995]","Ranaghat-II","NADIA|RANAGHATII|ARANGHATA",TRUE,"RANAGHAT-II","ARANGHATA",0,"OBC",2908,6319,4810,8390,TRUE,FALSE,TRUE,"included","222735d60dec865d7497"
"12d6dc778a4e7498c8a2","data/wb/gp_source_search/historical_expansion/nadia_Panchayat_20General_20Election_20-_20final_20book_election_202013__cf50563e.pdf","238810badd4a39a733192c9c269ae3cea0171701253e159de32ae912c1211c43",61,0,17,"[85.344, 356.80999499999996, 468.09999, 372.289995]","PDF points, top-left origin","[""144"", ""Jugalkishore"", """", ""SC"", """", """", """"]","West Bengal","Nadia",2013,"gp_head","pradhan",144,"238810badd4a39a733192c9c269ae3cea0171701253e159de32ae912c1211c43:144","Jugalkishore","Jugalkishore","Ranaghat-II","Jugalkishore","SC","SC","SC",0,"complete_office_synopsis_with_explicit_UR","full_source_visual_review_single_assistant","block_unstated","data/wb/derived/nadia_2013_handbook/full_office_visual_audit.json","9fa81bb5b3696b27f851ec8c0a9871dbcbd2ced62fde42043a8b56bbd2b97d30","single_assistant_nonblinded_source_visual_audit","JUGALKISHORE",TRUE,TRUE,"ca9bc54abea6cf2691d0","Jugalkishore",FALSE,74,"[63.71999999999999, 364.24999499999996, 560.6200200000001, 499.029995]","Ranaghat-II","NADIA|RANAGHATII|JUGALKISHORE",TRUE,"RANAGHAT-II","JUGALKISHORE",0,"SC",4709,10099,5856,14444,TRUE,FALSE,TRUE,"included","12d6dc778a4e7498c8a2"
"5bedddff13ca52baee45","data/wb/gp_source_search/historical_expansion/nadia_Panchayat_20General_20Election_20-_20final_20book_election_202013__cf50563e.pdf","238810badd4a39a733192c9c269ae3cea0171701253e159de32ae912c1211c43",61,0,18,"[85.344, 372.289995, 468.09999, 398.33000999999996]","PDF points, top-left origin","[""145"", ""Raghunathpur\nHijuli-II"", """", """", """", ""Women"", """"]","West Bengal","Nadia",2013,"gp_head","pradhan",145,"238810badd4a39a733192c9c269ae3cea0171701253e159de32ae912c1211c43:145","Raghunathpur Hijuli-II","Raghunathpur Hijuli-II","Ranaghat-II","Raghunathpur
Hijuli-II","Women","W","UR",1,"complete_office_synopsis_with_explicit_UR","full_source_visual_review_single_assistant","block_unstated","data/wb/derived/nadia_2013_handbook/full_office_visual_audit.json","9fa81bb5b3696b27f851ec8c0a9871dbcbd2ced62fde42043a8b56bbd2b97d30","single_assistant_nonblinded_source_visual_audit","RAGHUNATHPURHIJULIII",TRUE,TRUE,"5a6263d7a1799e35ada2","Raghunathpur-Hijuli-II",TRUE,74,"[63.71999999999999, 364.24999499999996, 560.6200200000001, 499.029995]","Ranaghat-II","NADIA|RANAGHATII|RAGHUNATHPURHIJULIII",TRUE,"RANAGHAT-II","RAGHUNATHPUR HIJULI-II",1,"unrestricted",2915,9707,4018,11066,TRUE,FALSE,TRUE,"included","5bedddff13ca52baee45"
"d7013f29b5f575841da2","data/wb/gp_source_search/historical_expansion/nadia_Panchayat_20General_20Election_20-_20final_20book_election_202013__cf50563e.pdf","238810badd4a39a733192c9c269ae3cea0171701253e159de32ae912c1211c43",61,0,19,"[85.344, 398.33000999999996, 468.09999, 413.80999499999996]","PDF points, top-left origin","[""146"", ""Kamalpur"", """", """", """", """", ""UR""]","West Bengal","Nadia",2013,"gp_head","pradhan",146,"238810badd4a39a733192c9c269ae3cea0171701253e159de32ae912c1211c43:146","Kamalpur","Kamalpur","Ranaghat-II","Kamalpur","UR","UR","UR",0,"complete_office_synopsis_with_explicit_UR","full_source_visual_review_single_assistant","block_unstated","data/wb/derived/nadia_2013_handbook/full_office_visual_audit.json","9fa81bb5b3696b27f851ec8c0a9871dbcbd2ced62fde42043a8b56bbd2b97d30","single_assistant_nonblinded_source_visual_audit","KAMALPUR",TRUE,TRUE,"9d88321189c2dab65e9d","kamalpur",FALSE,74,"[63.71999999999999, 364.24999499999996, 560.6200200000001, 499.029995]","Ranaghat-II","NADIA|RANAGHATII|KAMALPUR",TRUE,"RANAGHAT-II","KAMALPUR",0,"unrestricted",1681,6860,2166,7813,TRUE,FALSE,TRUE,"included","d7013f29b5f575841da2"
"a2fd3751002b0764809f","data/wb/gp_source_search/historical_expansion/nadia_Panchayat_20General_20Election_20-_20final_20book_election_202013__cf50563e.pdf","238810badd4a39a733192c9c269ae3cea0171701253e159de32ae912c1211c43",61,0,20,"[85.344, 413.80999499999996, 468.09999, 429.289995]","PDF points, top-left origin","[""147"", ""Ramnagar-II"", """", """", """", ""Women"", """"]","West Bengal","Nadia",2013,"gp_head","pradhan",147,"238810badd4a39a733192c9c269ae3cea0171701253e159de32ae912c1211c43:147","Ramnagar-II","Ramnagar-II","Ranaghat-I","Ramnagar-II","Women","W","UR",1,"complete_office_synopsis_with_explicit_UR","full_source_visual_review_single_assistant","block_unstated","data/wb/derived/nadia_2013_handbook/full_office_visual_audit.json","9fa81bb5b3696b27f851ec8c0a9871dbcbd2ced62fde42043a8b56bbd2b97d30","single_assistant_nonblinded_source_visual_audit","RAMNAGARII",TRUE,TRUE,"5e664da5e6211acc3e9f","Ramnagar-II",FALSE,73,"[63.72, 510.66999500000003, 560.62002, 634.2699799999999]","Ranaghat-I","NADIA|RANAGHATI|RAMNAGARII",TRUE,"RANAGHAT-I","RAMNAGAR-II",1,"unrestricted",1846,5387,1980,6313,TRUE,FALSE,TRUE,"included","a2fd3751002b0764809f"
"dd751034582bb8ef2d23","data/wb/gp_source_search/historical_expansion/nadia_Panchayat_20General_20Election_20-_20final_20book_election_202013__cf50563e.pdf","238810badd4a39a733192c9c269ae3cea0171701253e159de32ae912c1211c43",61,0,21,"[85.344, 429.289995, 468.09999, 444.7700099999999]","PDF points, top-left origin","[""148"", ""Habibpur"", """", ""SCW"", """", """", """"]","West Bengal","Nadia",2013,"gp_head","pradhan",148,"238810badd4a39a733192c9c269ae3cea0171701253e159de32ae912c1211c43:148","Habibpur","Habibpur","Ranaghat-I","Habibpur","SCW","SCW","SC",1,"complete_office_synopsis_with_explicit_UR","full_source_visual_review_single_assistant","block_unstated","data/wb/derived/nadia_2013_handbook/full_office_visual_audit.json","9fa81bb5b3696b27f851ec8c0a9871dbcbd2ced62fde42043a8b56bbd2b97d30","single_assistant_nonblinded_source_visual_audit","HABIBPUR",TRUE,TRUE,"07f8ac9a5f5531ce5661","Habibpur",FALSE,73,"[63.72, 510.66999500000003, 560.62002, 634.2699799999999]","Ranaghat-I","NADIA|RANAGHATI|HABIBPUR",TRUE,"RANAGHAT-I","HABIBPUR",1,"SC",2407,5399,2896,8569,TRUE,FALSE,TRUE,"included","dd751034582bb8ef2d23"
"fd4fb4f07d760716cd9c","data/wb/gp_source_search/historical_expansion/nadia_Panchayat_20General_20Election_20-_20final_20book_election_202013__cf50563e.pdf","238810badd4a39a733192c9c269ae3cea0171701253e159de32ae912c1211c43",61,0,22,"[85.344, 444.7700099999999, 468.09999, 460.24999499999996]","PDF points, top-left origin","[""149"", ""Tarapur"", """", """", """", """", ""UR""]","West Bengal","Nadia",2013,"gp_head","pradhan",149,"238810badd4a39a733192c9c269ae3cea0171701253e159de32ae912c1211c43:149","Tarapur","Tarapur","Ranaghat-I","Tarapur","UR","UR","UR",0,"complete_office_synopsis_with_explicit_UR","full_source_visual_review_single_assistant","block_unstated","data/wb/derived/nadia_2013_handbook/full_office_visual_audit.json","9fa81bb5b3696b27f851ec8c0a9871dbcbd2ced62fde42043a8b56bbd2b97d30","single_assistant_nonblinded_source_visual_audit","TARAPUR",TRUE,TRUE,"bd3908b12e07c233fb8f","Tarapur",FALSE,73,"[63.72, 510.66999500000003, 560.62002, 634.2699799999999]","Ranaghat-I","NADIA|RANAGHATI|TARAPUR",TRUE,"RANAGHAT-I","TARAPUR",0,"unrestricted",3688,7914,4538,11336,TRUE,FALSE,TRUE,"included","fd4fb4f07d760716cd9c"
"ac4a905cf80e9fab7227","data/wb/gp_source_search/historical_expansion/nadia_Panchayat_20General_20Election_20-_20final_20book_election_202013__cf50563e.pdf","238810badd4a39a733192c9c269ae3cea0171701253e159de32ae912c1211c43",61,0,24,"[85.344, 475.87001, 468.09999, 491.349995]","PDF points, top-left origin","[""151"", ""Anulia"", """", """", ""OBCW"", """", """"]","West Bengal","Nadia",2013,"gp_head","pradhan",151,"238810badd4a39a733192c9c269ae3cea0171701253e159de32ae912c1211c43:151","Anulia","Anulia","Ranaghat-I","Anulia","OBCW","OBCW","OBC",1,"complete_office_synopsis_with_explicit_UR","full_source_visual_review_single_assistant","block_unstated","data/wb/derived/nadia_2013_handbook/full_office_visual_audit.json","9fa81bb5b3696b27f851ec8c0a9871dbcbd2ced62fde42043a8b56bbd2b97d30","single_assistant_nonblinded_source_visual_audit","ANULIA",TRUE,TRUE,"700bc2caafe2fb64bcd2","Anulia",FALSE,73,"[63.72, 510.66999500000003, 560.62002, 634.2699799999999]","Ranaghat-I","NADIA|RANAGHATI|ANULIA",TRUE,"RANAGHAT-I","ANULIA",1,"OBC",3981,5307,4712,6865,TRUE,FALSE,TRUE,"included","ac4a905cf80e9fab7227"
"959491038c54a23b718d","data/wb/gp_source_search/historical_expansion/nadia_Panchayat_20General_20Election_20-_20final_20book_election_202013__cf50563e.pdf","238810badd4a39a733192c9c269ae3cea0171701253e159de32ae912c1211c43",61,0,26,"[85.344, 506.83000999999996, 468.09999, 532.8700099999999]","PDF points, top-left origin","[""153"", ""Raghunathpur\nHijuli-I"", """", """", """", """", ""UR""]","West Bengal","Nadia",2013,"gp_head","pradhan",153,"238810badd4a39a733192c9c269ae3cea0171701253e159de32ae912c1211c43:153","Raghunathpur Hijuli-I","Raghunathpur Hijuli-I","Ranaghat-II","Raghunathpur
Hijuli-I","UR","UR","UR",0,"complete_office_synopsis_with_explicit_UR","full_source_visual_review_single_assistant","block_unstated","data/wb/derived/nadia_2013_handbook/full_office_visual_audit.json","9fa81bb5b3696b27f851ec8c0a9871dbcbd2ced62fde42043a8b56bbd2b97d30","single_assistant_nonblinded_source_visual_audit","RAGHUNATHPURHIJULII",TRUE,TRUE,"fea80fd28cd0d92fe4a7","Raghunathpur-Hijuli-I",TRUE,74,"[63.71999999999999, 364.24999499999996, 560.6200200000001, 499.029995]","Ranaghat-II","NADIA|RANAGHATII|RAGHUNATHPURHIJULII",TRUE,"RANAGHAT-II","RAGHUNATHPUR HIJULI-I",0,"unrestricted",1530,4190,1920,4668,TRUE,FALSE,TRUE,"included","959491038c54a23b718d"
"4b4293230e0acf22456a","data/wb/gp_source_search/historical_expansion/nadia_Panchayat_20General_20Election_20-_20final_20book_election_202013__cf50563e.pdf","238810badd4a39a733192c9c269ae3cea0171701253e159de32ae912c1211c43",61,0,28,"[85.344, 548.3500099999999, 468.09999, 563.82998]","PDF points, top-left origin","[""155"", ""Nokari"", """", """", """", ""Women"", """"]","West Bengal","Nadia",2013,"gp_head","pradhan",155,"238810badd4a39a733192c9c269ae3cea0171701253e159de32ae912c1211c43:155","Nokari","Nokari","Ranaghat-II","Nokari","Women","W","UR",1,"complete_office_synopsis_with_explicit_UR","full_source_visual_review_single_assistant","block_unstated","data/wb/derived/nadia_2013_handbook/full_office_visual_audit.json","9fa81bb5b3696b27f851ec8c0a9871dbcbd2ced62fde42043a8b56bbd2b97d30","single_assistant_nonblinded_source_visual_audit","NOKARI",TRUE,TRUE,"70103feb5a5c141e19c6","Nokari",FALSE,74,"[63.71999999999999, 364.24999499999996, 560.6200200000001, 499.029995]","Ranaghat-II","NADIA|RANAGHATII|NOKARI",TRUE,"RANAGHAT-II","NOKARI",1,"unrestricted",4485,6201,5754,9463,TRUE,FALSE,TRUE,"included","4b4293230e0acf22456a"
"cda635adc7691971b3e1","data/wb/gp_source_search/historical_expansion/nadia_Panchayat_20General_20Election_20-_20final_20book_election_202013__cf50563e.pdf","238810badd4a39a733192c9c269ae3cea0171701253e159de32ae912c1211c43",61,0,30,"[85.344, 579.3100099999999, 468.09999, 594.7900099999999]","PDF points, top-left origin","[""157"", ""Baidyapur-II"", """", """", ""OBC"", """", """"]","West Bengal","Nadia",2013,"gp_head","pradhan",157,"238810badd4a39a733192c9c269ae3cea0171701253e159de32ae912c1211c43:157","Baidyapur-II","Baidyapur-II","Ranaghat-II","Baidyapur-II","OBC","OBC","OBC",0,"complete_office_synopsis_with_explicit_UR","full_source_visual_review_single_assistant","block_unstated","data/wb/derived/nadia_2013_handbook/full_office_visual_audit.json","9fa81bb5b3696b27f851ec8c0a9871dbcbd2ced62fde42043a8b56bbd2b97d30","single_assistant_nonblinded_source_visual_audit","BAIDYAPURII",TRUE,TRUE,"953a1f29e4876b206f99","Baidyapur-II",FALSE,74,"[63.71999999999999, 364.24999499999996, 560.6200200000001, 499.029995]","Ranaghat-II","NADIA|RANAGHATII|BAIDYAPURII",TRUE,"RANAGHAT-II","BAIDYAPUR-II",0,"OBC",1524,2403,1870,2670,TRUE,FALSE,TRUE,"included","cda635adc7691971b3e1"
"9788b3ca94fbf1859bc7","data/wb/gp_source_search/historical_expansion/nadia_Panchayat_20General_20Election_20-_20final_20book_election_202013__cf50563e.pdf","238810badd4a39a733192c9c269ae3cea0171701253e159de32ae912c1211c43",61,0,31,"[85.344, 594.7900099999999, 468.09999, 610.26998]","PDF points, top-left origin","[""158"", ""Baidyapur-I"", """", """", """", """", ""UR""]","West Bengal","Nadia",2013,"gp_head","pradhan",158,"238810badd4a39a733192c9c269ae3cea0171701253e159de32ae912c1211c43:158","Baidyapur-I","Baidyapur-I","Ranaghat-II","Baidyapur-I","UR","UR","UR",0,"complete_office_synopsis_with_explicit_UR","full_source_visual_review_single_assistant","block_unstated","data/wb/derived/nadia_2013_handbook/full_office_visual_audit.json","9fa81bb5b3696b27f851ec8c0a9871dbcbd2ced62fde42043a8b56bbd2b97d30","single_assistant_nonblinded_source_visual_audit","BAIDYAPURI",TRUE,TRUE,"d2c96e045fa47e84ecf6","Baidyapur-I",FALSE,74,"[63.71999999999999, 364.24999499999996, 560.6200200000001, 499.029995]","Ranaghat-II","NADIA|RANAGHATII|BAIDYAPURI",TRUE,"RANAGHAT-II","BAIDYAPUR-I",0,"unrestricted",1629,6803,2433,10185,TRUE,FALSE,TRUE,"included","9788b3ca94fbf1859bc7"
"546bb9fa739e4a21e4b3","data/wb/gp_source_search/historical_expansion/nadia_Panchayat_20General_20Election_20-_20final_20book_election_202013__cf50563e.pdf","238810badd4a39a733192c9c269ae3cea0171701253e159de32ae912c1211c43",62,0,9,"[85.34400000000001, 211.81999999999994, 468.09999000000005, 227.299995]","PDF points, top-left origin","[""178"", ""Kastodanga-II"", """", """", """", ""Women"", """"]","West Bengal","Nadia",2013,"gp_head","pradhan",178,"238810badd4a39a733192c9c269ae3cea0171701253e159de32ae912c1211c43:178","Kastodanga-II","Kastodanga-II","Haringhata","Kastodanga-II","Women","W","UR",1,"complete_office_synopsis_with_explicit_UR","full_source_visual_review_single_assistant","block_unstated","data/wb/derived/nadia_2013_handbook/full_office_visual_audit.json","9fa81bb5b3696b27f851ec8c0a9871dbcbd2ced62fde42043a8b56bbd2b97d30","single_assistant_nonblinded_source_visual_audit","KASTODANGAII",TRUE,TRUE,"1d62f612a088c4b5a9e1","Kastodanga-II",FALSE,74,"[63.71999999999999, 622.51001, 560.6200200000001, 734.98001]","Haringhata","NADIA|HARINGHATA|KASTODANGAII",TRUE,"HARINGHATA","KASTODANGA-II",1,"unrestricted",5667,9466,8264,15682,TRUE,FALSE,TRUE,"included","546bb9fa739e4a21e4b3"
"6385079002ac05fb31d3","data/wb/gp_source_search/historical_expansion/nadia_Panchayat_20General_20Election_20-_20final_20book_election_202013__cf50563e.pdf","238810badd4a39a733192c9c269ae3cea0171701253e159de32ae912c1211c43",62,0,10,"[85.34400000000001, 227.299995, 468.09999000000005, 242.77999999999997]","PDF points, top-left origin","[""179"", ""Kastodanga-I"", """", """", ""OBC"", """", """"]","West Bengal","Nadia",2013,"gp_head","pradhan",179,"238810badd4a39a733192c9c269ae3cea0171701253e159de32ae912c1211c43:179","Kastodanga-I","Kastodanga-I","Haringhata","Kastodanga-I","OBC","OBC","OBC",0,"complete_office_synopsis_with_explicit_UR","full_source_visual_review_single_assistant","block_unstated","data/wb/derived/nadia_2013_handbook/full_office_visual_audit.json","9fa81bb5b3696b27f851ec8c0a9871dbcbd2ced62fde42043a8b56bbd2b97d30","single_assistant_nonblinded_source_visual_audit","KASTODANGAI",TRUE,TRUE,"dafe85e45ba5c900ca57","Kastodanga-I",FALSE,74,"[63.71999999999999, 622.51001, 560.6200200000001, 734.98001]","Haringhata","NADIA|HARINGHATA|KASTODANGAI",TRUE,"HARINGHATA","KASTODANGA-I",0,"OBC",11740,10705,16216,16118,TRUE,FALSE,TRUE,"included","6385079002ac05fb31d3"
"93e09e30043522e66c13","data/wb/gp_source_search/historical_expansion/nadia_Panchayat_20General_20Election_20-_20final_20book_election_202013__cf50563e.pdf","238810badd4a39a733192c9c269ae3cea0171701253e159de32ae912c1211c43",62,0,15,"[85.34400000000001, 304.8499949999999, 468.09999000000005, 320.33000999999996]","PDF points, top-left origin","[""184"", ""Haringhata-II"", """", """", """", ""Women"", """"]","West Bengal","Nadia",2013,"gp_head","pradhan",184,"238810badd4a39a733192c9c269ae3cea0171701253e159de32ae912c1211c43:184","Haringhata-II","Haringhata-II","Haringhata","Haringhata-II","Women","W","UR",1,"complete_office_synopsis_with_explicit_UR","full_source_visual_review_single_assistant","block_unstated","data/wb/derived/nadia_2013_handbook/full_office_visual_audit.json","9fa81bb5b3696b27f851ec8c0a9871dbcbd2ced62fde42043a8b56bbd2b97d30","single_assistant_nonblinded_source_visual_audit","HARINGHATAII",TRUE,TRUE,"c4a6614f80d6244b20ba","Haringhata-II",FALSE,74,"[63.71999999999999, 622.51001, 560.6200200000001, 734.98001]","Haringhata","NADIA|HARINGHATA|HARINGHATAII",TRUE,"HARINGHATA","HARINGHATA-II",1,"unrestricted",7104,5863,9651,7591,TRUE,FALSE,TRUE,"included","93e09e30043522e66c13"
"2c463ad2d68bbf82f6f7","data/wb/gp_source_search/historical_expansion/nadia_Panchayat_20General_20Election_20-_20final_20book_election_202013__cf50563e.pdf","238810badd4a39a733192c9c269ae3cea0171701253e159de32ae912c1211c43",62,0,16,"[85.34400000000001, 320.33000999999996, 468.09999000000005, 335.80999499999996]","PDF points, top-left origin","[""185"", ""Fatepur"", """", """", """", """", ""UR""]","West Bengal","Nadia",2013,"gp_head","pradhan",185,"238810badd4a39a733192c9c269ae3cea0171701253e159de32ae912c1211c43:185","Fatepur","Fatepur","Haringhata","Fatepur","UR","UR","UR",0,"complete_office_synopsis_with_explicit_UR","full_source_visual_review_single_assistant","block_unstated","data/wb/derived/nadia_2013_handbook/full_office_visual_audit.json","9fa81bb5b3696b27f851ec8c0a9871dbcbd2ced62fde42043a8b56bbd2b97d30","single_assistant_nonblinded_source_visual_audit","FATEPUR",TRUE,TRUE,"220e7f9e30930a122243","Fatepur",FALSE,74,"[63.71999999999999, 622.51001, 560.6200200000001, 734.98001]","Haringhata","NADIA|HARINGHATA|FATEPUR",TRUE,"HARINGHATA","FATEPUR",0,"unrestricted",9695,9719,14295,14008,TRUE,FALSE,TRUE,"included","2c463ad2d68bbf82f6f7"
"37175a2e48f71e5fcf82","data/wb/gp_source_search/historical_expansion/nadia_Panchayat_20General_20Election_20-_20final_20book_election_202013__cf50563e.pdf","238810badd4a39a733192c9c269ae3cea0171701253e159de32ae912c1211c43",62,0,17,"[85.34400000000001, 335.80999499999996, 468.09999000000005, 351.289995]","PDF points, top-left origin","[""186"", ""Nagarukhra-I"", """", """", """", ""Women"", """"]","West Bengal","Nadia",2013,"gp_head","pradhan",186,"238810badd4a39a733192c9c269ae3cea0171701253e159de32ae912c1211c43:186","Nagarukhra-I","Nagarukhra-I","Haringhata","Nagarukhra-I","Women","W","UR",1,"complete_office_synopsis_with_explicit_UR","full_source_visual_review_single_assistant","block_unstated","data/wb/derived/nadia_2013_handbook/full_office_visual_audit.json","9fa81bb5b3696b27f851ec8c0a9871dbcbd2ced62fde42043a8b56bbd2b97d30","single_assistant_nonblinded_source_visual_audit","NAGARUKHRAI",TRUE,TRUE,"b0470545b30eeac0b332","nagarukhra-I",FALSE,74,"[63.71999999999999, 622.51001, 560.6200200000001, 734.98001]","Haringhata","NADIA|HARINGHATA|NAGARUKHRAI",TRUE,"HARINGHATA","NAGARUKHRA-I",1,"unrestricted",3482,4951,4561,6449,TRUE,FALSE,TRUE,"included","37175a2e48f71e5fcf82"
"98eb849cefa3130985b4","data/wb/gp_source_search/historical_expansion/nadia_Panchayat_20General_20Election_20-_20final_20book_election_202013__cf50563e.pdf","238810badd4a39a733192c9c269ae3cea0171701253e159de32ae912c1211c43",62,0,18,"[85.34400000000001, 351.289995, 468.09999000000005, 366.7700099999999]","PDF points, top-left origin","[""187"", ""Nagarukhra-II"", """", """", """", """", ""UR""]","West Bengal","Nadia",2013,"gp_head","pradhan",187,"238810badd4a39a733192c9c269ae3cea0171701253e159de32ae912c1211c43:187","Nagarukhra-II","Nagarukhra-II","Haringhata","Nagarukhra-II","UR","UR","UR",0,"complete_office_synopsis_with_explicit_UR","full_source_visual_review_single_assistant","block_unstated","data/wb/derived/nadia_2013_handbook/full_office_visual_audit.json","9fa81bb5b3696b27f851ec8c0a9871dbcbd2ced62fde42043a8b56bbd2b97d30","single_assistant_nonblinded_source_visual_audit","NAGARUKHRAII",TRUE,TRUE,"50dc98a73ceb8d37cca4","Nagarukhra-II",FALSE,74,"[63.71999999999999, 622.51001, 560.6200200000001, 734.98001]","Haringhata","NADIA|HARINGHATA|NAGARUKHRAII",TRUE,"HARINGHATA","NAGARUKHRA-II",0,"unrestricted",3375,3408,4147,4361,TRUE,FALSE,TRUE,"included","98eb849cefa3130985b4"
