"source","variable","label","value_labels","rows","missing","distinct","common_values"
"cd_a","gpnum","","[]",166,0,166,"1 1; 10 1; 100 1"
"cd_a","gpnumst","   0   Sl. no. of GP","[]",166,0,166,"GP 1 1; GP 10 1; GP 100 1"
"cd_a","womres","   0.1 Whether reserved for Woman Pradhan","[]",166,5,2,"2 107; 1 54; NA 5"
"cd_a","scres","   0.2 Whether reserved for SC","[]",166,5,2,"2 106; 1 55; NA 5"
"cd_a","stres","   0.3 Whether reserved for ST","[]",166,5,2,"2 142; 1 19; NA 5"
"cd_a","prsex","   A.2 Male / Female","[]",166,5,2,"1 99; 2 62; NA 5"
"cd_a","prcaste","   A.3 Caste of the Pradhan","[]",166,5,4,"1 63; 4 40; 5 37"
"cd_a","prage","   A.4 Age","[]",166,5,36,"32 11; 40 10; 42 9"
"cd_a","predu","   A.5 Education of the Pradhan","[]",166,5,15,"10 36; 12 20; 13 20"
"cd_a","prlit","   A.6  Able to read & write","[]",166,144,2,"NA 144; 2 13; 1 9"
"cd_a","procc","   A.7a    Main Occupation","[]",166,10,13,"1 62; 14 51; 9 13"
"cd_a","landac","   A.7b    Quantity of Cultivable land owns his/her family possess-Ac","[]",166,5,14,"0 57; 1 27; 3 24"
"cd_a","landbi","   A.7b    Quantity of Cultivable land owns his/her family possess-Bi","[]",166,5,3,"0 96; 1 39; 2 26"
"cd_a","landka","   A.7b    Quantity of Cultivable land owns his/her family possess-Ka","[]",166,6,10,"0 135; 10 16; NA 6"
"cd_a","hhelec","   A.7c    Whether having Electricity at home","[]",166,5,2,"2 83; 1 78; NA 5"
"cd_a","hhtel","   A.7d    Whether having telephone at home","[]",166,5,2,"2 134; 1 27; NA 5"
"cd_a","hhtv","   A.7e    Whether having TV set at home","[]",166,5,2,"2 86; 1 75; NA 5"
"cd_a","hhcyc","   A.7f    Whether having Cycle","[]",166,5,2,"1 131; 2 30; NA 5"
"cd_a","hhmcyc","   A.7f    Whether having Motor Cycle","[]",166,5,2,"2 128; 1 33; NA 5"
"cd_a","hhcar","   A.7f    Whether having car","[]",166,5,2,"2 159; NA 5; 1 2"
"cd_a","hhbpl","   A.8 Whether his/ her family enlisted as a BPL","[]",166,5,2,"2 106; 1 55; NA 5"
"cd_a","hhbarga","   A.9 Whether received land under operation Barga","[]",166,5,2,"2 137; 1 24; NA 5"
"cd_a","bargac","   A.10a   If yes, how much (in Ac.)","[]",166,142,16,"NA 142; 0.6700000166893 3; 3 3"
"cd_a","barguse","   A.10b   Quantity used productively (in Ac.)","[]",166,142,18,"NA 142; 0.6700000166893 3; 0.330000013113022 2"
"cd_a","pract","   A.11    Activities, other than political responsibilities","[]",166,5,5,"1 61; 3 51; 2 38"
"cd_a","prrespy","   A.12a   Responsibilities, other than Pradhan","[]",166,6,2,"2 110; 1 50; NA 6"
"cd_a","preresp","   A.12b    what responsibilities","[]",166,114,3,"NA 114; 1 49; 2 2"
"cd_a","praff","   A.13    Political Affiliation","[]",166,5,8,"1 101; 5 20; 6 17"
"cd_a","prmassy","   A.14a   Whether a member of any Mass Organization","[]",166,5,2,"1 102; 2 59; NA 5"
"cd_a","prmass","   A.14b   If yes, which?","[]",166,0,38," 64; ALL INDIA KRISHAK SABHA 29; AIDWF 24"
"cd_a","felec","   A.15a   When were elected for the first time","[]",166,5,7,"1998 109; 1993 24; 1983 15"
"cd_a","nelec","   A.15b   For how many times he/she electing","[]",166,5,4,"1 109; 2 30; 4 12"
"cd_a","futrun","   A.16    Planning to run for the same position","[]",166,5,5,"3 50; 2 40; 9 34"
"cd_a","mars","   A.17a   Marital status","[]",166,5,3,"1 141; 4 17; NA 5"
"cd_a","nboy","   A.17b   No. of children S","[]",166,20,6,"1 48; 2 42; 0 39"
"cd_a","ngirl","   A.17b   No. of children D","[]",166,20,6,"0 49; 1 48; 2 31"
"cd_a","nboy04","   A.17c   No. of children (0-4) S","[]",166,20,2,"0 124; 1 22; NA 20"
"cd_a","ngirl04","   A.17c   No. of children (0-4) D","[]",166,20,3,"0 121; 1 20; NA 20"
"cd_a","nboy514","   A.17d   No. of children (5-14) S","[]",166,20,4,"0 77; 1 50; NA 20"
"cd_a","ngirl514","   A.17d   No. of children (5-14) D","[]",166,20,5,"0 86; 1 44; NA 20"
"cd_a","nboy15","   A.17e   No. of children (15+) S","[]",166,20,5,"0 101; 1 25; NA 20"
"cd_a","ngirl15","   A.17e   No. of children (15+) D","[]",166,20,5,"0 105; 1 22; NA 20"
"cd_a","spedu","   A.18a   Education of the Spouse","[]",166,26,15,"8 28; NA 26; 0 23"
"cd_a","split","   A.18b   spouse able to read & write","[]",166,126,3,"NA 126; 2 30; 1 9"
"cd_a","spocc","   A.19    spouse Main occupation","[]",166,27,11,"14 80; 1 30; NA 27"
"cd_a","felect","   A.20a   Whether any family member elected in the panchayat","[]",166,5,2,"2 137; 1 24; NA 5"
"cd_a","spelect","   A.20b   is … elected? Spouse","[]",166,142,2,"NA 142; 2 13; 1 11"
"cd_a","parelect","   A.20b   is … elected? Parent","[]",166,142,2,"NA 142; 2 17; 1 7"
"cd_a","sibelect","   A.20b   is … elected? Sibling","[]",166,142,2,"NA 142; 2 19; 1 5"
"cd_a","othelect","   A.20b   is … elected? Other","[]",166,0,3," 164; COUSIN, AUNT 1; UNCLE 1"
"cd_a","gpmelect","   A.20c   level of fam. Member elected GP mem","[]",166,142,2,"NA 142; 1 17; 2 7"
"cd_a","gppelect","   A.20c   level of fam. Member elected GP pradhan","[]",166,142,2,"NA 142; 2 21; 1 3"
"cd_a","psmelect","   A.20c   level of fam. Member elected PS mem","[]",166,142,2,"NA 142; 2 19; 1 5"
"cd_a","pspelect","   A.20c   level of fam. Member elected pS SP","[]",166,142,1,"NA 142; 2 24"
"cd_a","zpmelect","   A.20c   level of fam. Member elected ZP member","[]",166,142,1,"NA 142; 2 24"
"cd_a","zppelect","   A.20c   level of fam. Member elected Zp pradhan","[]",166,142,1,"NA 142; 2 24"
"cd_a","fnelect","   A.20d   How many times family member was elected","[]",166,142,4,"NA 142; 1 15; 2 6"
"cd_a","fcresp","   A.20e   Present responsibilities","[]",166,143,3,"NA 143; 6 21; 2 1"
"cd_a","fhelp","   A.21a   Whether any family member helps in his/her duty as Pradhan","[]",166,5,2,"2 110; 1 51; NA 5"
"cd_a","sphelp","   A.21b   does… help? Spouse","[]",166,115,2,"NA 115; 1 37; 2 14"
"cd_a","parhelp","   A.21b   does… help? Parent","[]",166,115,2,"NA 115; 2 45; 1 6"
"cd_a","sibhelp","   A.21b   does… help? Sibling","[]",166,115,2,"NA 115; 2 45; 1 6"
"cd_a","othhelp","   A.21b   does… help? Other","[]",166,0,8," 154; SON 5; SONS 2"
"cd_a","futfrun","   A.22a   Planning to introduce any family member to run for next GP election","[]",166,5,3,"2 132; 9 23; 1 6"
"cd_a","spfut","   A.22b   is … planning to contest? Spouse","[]",166,160,2,"NA 160; 1 5; 2 1"
"cd_a","parfut","   A.22b   is … planning to contest? Parent","[]",166,160,1,"NA 160; 2 6"
"cd_a","sibfut","   A.22b   is … planning to contest? Sibling","[]",166,160,1,"NA 160; 2 6"
"cd_a","othfut","   A.22b   is … planning to contest? Other","[]",166,0,2," 164; SON 2; NA 0"
"cd_a","fcont","   A.23a   Whether any family member who contested but not elected","[]",166,5,2,"2 155; 1 6; NA 5"
"cd_a","spcont","   A.23b   has .. Constested an election Spouse","[]",166,160,2,"NA 160; 2 5; 1 1"
"cd_a","parcont","   A.23b   has .. Constested an election Parent","[]",166,160,2,"NA 160; 1 3; 2 3"
"cd_a","sibcont","   A.23b   has .. Constested an election Sibling","[]",166,160,2,"NA 160; 2 4; 1 2"
"cd_a","fpol","   A.24a   Whether any family member is a member of a political party","[]",166,5,2,"2 121; 1 40; NA 5"
"cd_a","sppol","   A.24b   is... a member of a political party Spouse","[]",166,126,2,"NA 126; 1 29; 2 11"
"cd_a","parpol","   A.24b   is... a member of a political party Parent","[]",166,126,2,"NA 126; 2 34; 1 6"
"cd_a","sibpol","   A.24b   is... a member of a political party Sibling","[]",166,126,2,"NA 126; 2 31; 1 9"
"cd_a","othpol","   A.24b   is... a member of a political party Other","[]",166,0,4," 163; DAUGHT 1; NEPHEW 1"
"cd_a","faff","   A.24c   His/ her political affiliation","[]",166,126,6,"NA 126; 1 29; 5 5"
"cd_a","fmass","   A.25a   Whether any family member is a member of a mass organization","[]",166,5,3,"2 109; 1 51; NA 5"
"cd_a","spmass","   A.25b   is … a member of a mass organization Spouse","[]",166,115,2,"NA 115; 1 36; 2 15"
"cd_a","parmass","   A.25b   is … a member of a mass organization Father","[]",166,115,2,"NA 115; 2 44; 1 7"
"cd_a","sibmass","   A.25b   is … a member of a mass organization Brother","[]",166,115,2,"NA 115; 2 36; 1 15"
"cd_a","othass","   A.25b   is … a member of a mass organization Other","[]",166,0,5," 161; SON 2; DAUGHTERS 1"
"cd_a","fmassn","   A.25c   Name of organization","[]",166,0,20," 115; AIDWF 14; ALL INDIA KRISHAK SABHA 10"
"cd_a","prexp","   A.26    Whether took part in panchayat activities before elected","[]",166,5,2,"1 98; 2 63; NA 5"
"cd_a","prtlc","   A.27a   Whether participated in Total Literacy Movement","[]",166,5,2,"1 138; 2 23; NA 5"
"cd_a","prtlcc","   A.27b   If yes, in what capacity","[]",166,28,4,"4 50; 2 42; 3 34"
"cd_a","proposed","   A.28    Who first proposed to contest the Panchyat Election","[]",166,5,5,"1 123; 4 25; 5 7"
"cd_a","agreed","   A.29a   Whether agreed immediately","[]",166,6,2,"2 81; 1 79; NA 6"
"cd_a","spper","   A.29b   If no, who persuaded to agree Spouse","[]",166,88,2,"NA 88; 2 65; 1 13"
"cd_a","parsper","   A.29b   If no, who persuaded to agree Other relative","[]",166,88,2,"NA 88; 2 74; 1 4"
"cd_a","sibper","   A.29b   If no, who persuaded to agree Family member","[]",166,88,2,"NA 88; 2 61; 1 17"
"cd_a","allper","   A.29b   If no, who persuaded to agree People","[]",166,88,2,"NA 88; 2 54; 1 24"
"cd_a","pres","   A.30a   Whether anyone want you to contest the election","[]",166,5,2,"2 87; 1 74; NA 5"
"cd_a","sppres","   A.30b   who did not want you to contest? Spouse","[]",166,91,2,"NA 91; 2 72; 1 3"
"cd_a","pilpres","   A.30b   who did not want you to contest? In laws","[]",166,91,2,"NA 91; 2 73; 1 2"
"cd_a","fpres","   A.30b   who did not want you to contest? Family members","[]",166,91,2,"NA 91; 2 59; 1 16"
"cd_a","neigpres","   A.30b   who did not want you to contest? Friends","[]",166,91,2,"NA 91; 2 71; 1 4"
"cd_a","opppres","   A.30b   who did not want you to contest? Political opponents","[]",166,91,2,"NA 91; 1 53; 2 22"
"cd_a","knfunc","   A.31a   Before elected, does he/she know the panchayat functions","[]",166,5,3,"3 76; 2 48; 1 37"
"cd_a","knresp","   A.31b   Whether aware of would be responsibilities","[]",166,5,3,"3 71; 1 57; 2 33"
"cd_a","partrain","   A.31c   Trained by Party (1)","[]",166,72,2,"NA 72; 2 67; 1 27"
"cd_a","eldtrain","   A.31c   trained by Elders/Former members (irrespective of party) (2)","[]",166,72,2,"2 88; NA 72; 1 6"
"cd_a","loctrain","   A.31c   Trained by local Government Officials (3)","[]",166,72,2,"1 81; NA 72; 2 13"
"cd_a","govtrain","   A.31c   Formally trained by Government Agencies (4)","[]",166,72,2,"2 87; NA 72; 1 7"
"cd_a","notrain","   A.31c   Did not get any formal training (5)","[]",166,72,2,"2 91; NA 72; 1 3"
"cd_a","feelcomp","   A.32    Whether feel competent to discharge duties","[]",166,5,3,"1 105; 3 47; 2 9"
"cd_a","gethelp","   A.33    Whether get required help from Government Functionaries","[]",166,5,2,"1 119; 2 42; NA 5"
"cd_a","wompb","   A.34a   If woman, whether face any special problem to discharge your duty","[]",166,105,2,"NA 105; 2 46; 1 15"
"cd_a","fampb","   A.34b   Problems: Family (resentment) (1)","[]",166,150,2,"NA 150; 1 9; 2 7"
"cd_a","neighpb","   A.34b   Problems:  Neighbors (unreasonable requests) (2)","[]",166,150,2,"NA 150; 2 10; 1 6"
"cd_a","mempb","   A.34b   Problems:  Other elected members (competition) (3)","[]",166,150,2,"NA 150; 2 14; 1 2"
"cd_a","partpb","   A.34b   Problems:  The parties (pressure) (4)","[]",166,150,2,"NA 150; 2 13; 1 3"
"cd_a","funcpb","   A.34b   Problems:  Government functionaries (non-cooperation) (5)","[]",166,150,2,"NA 150; 2 15; 1 1"
"cd_a","distpb","   A.34b   Problems:  Panchayat members (distrust) (6)","[]",166,150,2,"NA 150; 2 14; 1 2"
"cd_a","enpower","   A.36a   panchayats have all the necessary resources","[]",166,5,2,"2 136; 1 25; NA 5"
"cd_a","enress","   A.36b   panchayats have all the necessary powers","[]",166,5,2,"2 135; 1 26; NA 5"
"cd_a","shadow","       SHADOW PRADHAN","[]",166,5,3,"1 89; 2 56; 7 16"
"cd_a","hesit","       HESITATION IN ANSWERING THE QUESTIONS","[]",166,5,3,"1 78; 2 67; 7 16"
"cd_a","regular","       ATTENDANCE IN OFFICE WORK","[]",166,5,3,"1 113; 2 32; 7 16"
"cd_a","othper","   A.29b   If no, who persuaded to agree Neighbors","[]",166,88,2,"NA 88; 2 54; 1 24"
"cd_b","gpnum","   0   gp id","[]",166,0,166,"1 1; 10 1; 100 1"
"cd_b","gpnumst","   0   Sl. no. of GP","[]",166,0,166,"GP 1 1; GP 10 1; GP 100 1"
"cd_b","gpnamep","   0   Name of the GP","[]",166,0,165,"SAHAPUR 2; AHAMADPUR 1; ALUNDA 1"
"cd_b","blockp","   0   Name of the Block","[]",166,0,20,"MAHAMMADBAZAR 12; SAINTHIA 12; LABHPUR 11"
"cd_b","subdiv","   0   Name of the Sub-division","[]",166,0,4,"RAMPURHAT 63; SURI 62; BOLPUR 40"
"cd_b","invest","   0   Name of the Investigator","[]",166,0,10,"SASANKA SEKHER DEY 44; SUJIT PRASAD 32; NIKHIL KANJILAL 31"
"cd_b","keypunch","   0   Tabulated by","[]",166,0,3,"DEV 121; RINA 40;  5"
"cd_b","nvill","   B.0.    No. of villages in the GP","[]",166,5,28,"17 14; 13 13; 10 12"
"cd_b","ghosp","   B.1.1.  Whether any Hospital situated in the GP","[]",166,5,2,"2 152; 1 9; NA 5"
"cd_b","gphc","   B.1.2a  Whether the GP had a Primary Health Center","[]",166,5,3,"2 107; 1 53; NA 5"
"cd_b","gphcb","   B.1.2b  No. of Beds in PHC","[]",166,112,11,"NA 112; 0 33; 10 7"
"cd_b","gphcd","   B.1.3a  No. of Doctors in the PHC : in Roll","[]",166,112,8,"NA 112; 1 26; 2 10"
"cd_b","gphcda","   B.1.3b  No. of Doctors in the PHC : Acctually available","[]",166,112,6,"NA 112; 1 33; 0 7"
"cd_b","gphcd98","   B.1.3c  No. of Doctors appointed since 1998 in the PHC","[]",166,112,5,"NA 112; 0 41; 1 10"
"cd_b","gphca","   B.1.4a  No. of ANM / Trained DAI in the PHC","[]",166,112,7,"NA 112; 1 15; 2 15"
"cd_b","gphca98","   B.1.4b  No. of ANM / trained DAI appointed since 1998 in the PHC","[]",166,112,4,"NA 112; 0 43; 1 5"
"cd_b","gphcdis","   B.1.5   Distance of the nearest PHC (km.)","[]",166,58,17,"NA 58; 8 18; 5 11"
"cd_b","gphcv","   B.1.6   Whether Health workers of closest PHC visits the villages in the GP","[]",166,5,2,"1 112; 2 49; NA 5"
"cd_b","gphcvloc","   B.1.7a  Where do PHC hw go","[]",166,54,3,"3 97; NA 54; 2 8"
"cd_b","gphcvinf","   B.1.7b  Do PHC hw inform you of these visits","[]",166,54,2,"1 74; NA 54; 2 38"
"cd_b","gphcvn","   B.1.7c  How many visits have PHC hw done in the last 6 months","[]",166,54,25,"NA 54; 24 44; 6 17"
"cd_b","gphcvs1","   B.1.8   PHC Services while visit:  Examine sick people (1)","[]",166,54,2,"2 77; NA 54; 1 35"
"cd_b","gphcvs2","   B.1.8   PHC Services while visit: Write Prescription (2)","[]",166,54,2,"2 105; NA 54; 1 7"
"cd_b","gphcvs3","   B.1.8   PHC Services while visit:  Immunize children (3)","[]",166,54,2,"1 106; NA 54; 2 6"
"cd_b","gphcvs4","   B.1.8   PHC  Services while visit:  Give injections (4)","[]",166,54,2,"1 98; NA 54; 2 14"
"cd_b","gphcvs5","   B.1.8   PHC Services while visit:  Give vitamins (5)","[]",166,54,2,"1 104; NA 54; 2 8"
"cd_b","gphcvs6","   B.1.8   PHC Services while visit:  Provide contraceptives (6)","[]",166,54,2,"1 99; NA 54; 2 13"
"cd_b","gphcvs7","   B.1.8   PHC Services while visit:  Weight children (7)","[]",166,54,2,"1 59; NA 54; 2 53"
"cd_b","gphcvs8","   B.1.8   PHC Services while visit:  Measure BP (8)","[]",166,54,2,"2 98; NA 54; 1 14"
"cd_b","gphcvs9","   B.1.8   PHC Services while visit:  Examine teeth (9)","[]",166,54,2,"2 104; NA 54; 1 8"
"cd_b","gphcvs10","   B.1.8   PHC Services while visit:  Examine eye (10)","[]",166,54,2,"2 104; NA 54; 1 8"
"cd_b","gphcvs11","   B.1.8   PHC Services while visit:  Pre-natal care (11)","[]",166,54,2,"1 97; NA 54; 2 15"
"cd_b","gphcvs12","   B.1.8   PHCServices while visit:  Post-natal care (12)","[]",166,54,2,"1 100; NA 54; 2 12"
"cd_b","gphcvs13","   B.1.8   PHC Services while visit:  Sterilization camp for women (13)","[]",166,54,2,"1 59; NA 54; 2 53"
"cd_b","gphcvs14","   B.1.8   PHC Services while visit:  Sterilization camp for men (14)","[]",166,54,2,"2 84; NA 54; 1 28"
"cd_b","gphcvs15","   B.1.8   PHC Services while visit:  Advice on AIDS (15)","[]",166,54,2,"2 59; NA 54; 1 53"
"cd_b","gphcvs16","   B.1.8   PHCServices while visit:  Advice on Leprocy (16)","[]",166,54,2,"1 99; NA 54; 2 13"
"cd_b","gphcvs17","   B.1.8   PHC Services while visit:  Advice on Malaria (17)","[]",166,54,2,"1 82; NA 54; 2 30"
"cd_b","gphcvs18","   B.1.8   PHC Services while visit:  Others","[]",166,0,11," 150; ADVICE ON DIORIHA 3; ADVICE ON ENTRIC 3"
"cd_b","ghsc","   B.1.9a  Are there a Health Sub-center or Subsidiary center in the GP","[]",166,5,2,"1 151; 2 10; NA 5"
"cd_b","ghscn","   B.1.9b  How many HSC","[]",166,15,6,"1 72; 2 41; 3 29"
"cd_b","ghscs1","   B.1.9c  HSC Services : Examine sick people (1)","[]",166,15,2,"2 108; 1 43; NA 15"
"cd_b","ghscs2","   B.1.9c  HSC Services:Write Prescription (2)","[]",166,15,2,"2 136; 1 15; NA 15"
"cd_b","ghscs3","   B.1.9c  HSC Services  : Immunize children (3)","[]",166,15,2,"1 138; NA 15; 2 13"
"cd_b","ghscs4","   B.1.9c  HSC Services  :Give injections (4)","[]",166,15,2,"1 135; 2 16; NA 15"
"cd_b","ghscs5","   B.1.9c  HSC Services :Give vitamins (5)","[]",166,15,2,"1 138; NA 15; 2 13"
"cd_b","ghscs6","   B.1.9c  HSC Services  :Provide contraceptives (6)","[]",166,15,2,"1 131; 2 20; NA 15"
"cd_b","ghscs7","   B.1.9c  HSC Services  :Weight children (7)","[]",166,15,2,"2 77; 1 74; NA 15"
"cd_b","ghscs8","   B.1.9c  HSC Services : Measure BP (8)","[]",166,15,2,"2 129; 1 22; NA 15"
"cd_b","ghscs9","   B.1.9c  HSC Services  : Examine teeth (9)","[]",166,15,2,"2 141; NA 15; 1 10"
"cd_b","ghscs10","   B.1.9c  HSC Services  :Examine eye (10)","[]",166,15,2,"2 141; NA 15; 1 10"
"cd_b","ghscs11","   B.1.9c  HSC Services :Pre-natal care (11)","[]",166,15,2,"1 130; 2 21; NA 15"
"cd_b","ghscs12","   B.1.9c  HSC Services  :Post-natal care (12)","[]",166,15,2,"1 136; 2 15; NA 15"
"cd_b","ghscs13","   B.1.9c  HSC Services  :Sterilization camp for women (13)","[]",166,15,2,"2 99; 1 52; NA 15"
"cd_b","ghscs14","   B.1.9c  HSC Services  :Sterilization camp for men (14)","[]",166,15,2,"2 123; 1 28; NA 15"
"cd_b","ghscs15","   B.1.9c  HSC Services  :Advice on AIDS (15)","[]",166,15,2,"2 82; 1 69; NA 15"
"cd_b","ghscs16","   B.1.9c  HSC Services  :Advice on Leprocy (16)","[]",166,15,2,"1 127; 2 24; NA 15"
"cd_b","ghscs17","   B.1.9c  HSC Services  :Advice on Malaria (17)","[]",166,15,2,"1 112; 2 39; NA 15"
"cd_b","ghscs18","   B.1.9c  HSC Services  :Others (18)","[]",166,0,15," 143; ADVICE ON ENTRIC 8; ADVICE ON DIORIHA 2"
"cd_b","ghsca_1","   B.1.10a No. of ANMs, hs1","[]",166,15,7,"0 67; 1 64; 2 15"
"cd_b","ghsca_2","   B.1.10a No. of ANMs, hs2","[]",166,87,4,"NA 87; 0 39; 1 33"
"cd_b","ghsca_3","   B.1.10a No. of ANMs, hs3","[]",166,128,4,"NA 128; 0 20; 1 16"
"cd_b","ghsca_4","   B.1.10a No. of ANMs, hs4","[]",166,157,2,"NA 157; 1 7; 0 2"
"cd_b","ghsca_5","   B.1.10a No. of ANMs, hs5","[]",166,164,2,"NA 164; 0 1; 1 1"
"cd_b","ghsca_6","   B.1.10a No. of ANMs, hs6","[]",166,165,1,"NA 165; 0 1"
"cd_b","ghschw_1","   B.1.10b No. of Health Worker, hsc1","[]",166,15,10,"2 58; 1 57; NA 15"
"cd_b","ghschw_2","   B.1.10b No. of Health Worker, hsc2","[]",166,87,6,"NA 87; 1 39; 2 28"
"cd_b","ghschw_3","   B.1.10b No. of Health Worker, hsc3","[]",166,128,5,"NA 128; 1 20; 0 8"
"cd_b","ghschw_4","   B.1.10b No. of Health Worker, hsc4","[]",166,157,3,"NA 157; 1 5; 0 3"
"cd_b","ghschw_5","   B.1.10b No. of Health Worker, hsc5","[]",166,164,1,"NA 164; 1 2"
"cd_b","ghschw_6","   B.1.10b No. of Health Worker, hsc6","[]",166,165,1,"NA 165; 2 1"
"cd_b","ghscdi_1","   B.1.10c No. ofEnlisted DAIs, hsc1","[]",166,15,8,"0 62; 1 48; 2 22"
"cd_b","ghscdi_2","   B.1.10c No. ofEnlisted DAIs, hsc2","[]",166,87,6,"NA 87; 0 31; 1 31"
"cd_b","ghscdi_3","   B.1.10c No. ofEnlisted DAIs, hsc3","[]",166,128,5,"NA 128; 1 19; 0 14"
"cd_b","ghscdi_4","   B.1.10c No. ofEnlisted DAIs, hsc4","[]",166,157,3,"NA 157; 1 5; 0 3"
"cd_b","ghscdi_5","   B.1.10c No. ofEnlisted DAIs, hsc5","[]",166,164,2,"NA 164; 0 1; 1 1"
"cd_b","ghscdi_6","   B.1.10c No. ofEnlisted DAIs, hsc6","[]",166,165,1,"NA 165; 1 1"
"cd_b","ghsc98_1","   B.1.10d hsc created after 1998? , hsc1","[]",166,15,1,"2 151; NA 15"
"cd_b","ghsc98_2","   B.1.10d hsc created after 1998? , hsc2","[]",166,87,1,"NA 87; 2 79"
"cd_b","ghsc98_3","   B.1.10d hsc created after 1998? , hsc3","[]",166,128,1,"NA 128; 2 38"
"cd_b","ghsc98_4","   B.1.10d hsc created after 1998? , hsc4","[]",166,157,1,"NA 157; 2 9"
"cd_b","ghsc98_5","   B.1.10d hsc created after 1998? , hsc5","[]",166,164,1,"NA 164; 2 2"
"cd_b","ghsc98_6","   B.1.10d hsc created after 1998? , hsc6","[]",166,165,1,"NA 165; 2 1"
"cd_b","gimu","   B.1.11  Mass Immunization (Ex. Pulse Polio)","[]",166,5,2,"2 126; 1 35; NA 5"
"cd_b","gimun","   B.1.12  No. of mass immunization Programmes since 1998","[]",166,132,13,"NA 132; 2 8; 1 7"
"cd_b","ginf2","   B.1.13  Since 1998, campaign to provide information about contraception","[]",166,5,2,"1 94; 2 67; NA 5"
"cd_b","ginf3","   B.1.13  Since 1998, campaign to provide information about aids/STI","[]",166,5,2,"1 83; 2 78; NA 5"
"cd_b","ginf4","   B.1.13  Since 1998, campaign to provide information about immunization","[]",166,5,2,"1 136; 2 25; NA 5"
"cd_b","ginf5","   B.1.13  Since 1998, campaign to provide information about child nutrition","[]",166,5,3,"1 101; 2 59; NA 5"
"cd_b","ginf6","   B.1.13  Since 1998, campaign to provide information about maternal health","[]",166,5,3,"1 111; 2 49; NA 5"
"cd_b","ginf7","   B.1.13  Since 1998, campaign to provide information about leprosy","[]",166,5,2,"1 145; 2 16; NA 5"
"cd_b","ginf8","   B.1.13  Since 1998, campaign to provide information about others","[]",166,0,25," 126; MALARIA 8; malaria 4"
"cd_b","gpsc","   B.2.1   No. of Govt. Primary School in the GP","[]",166,5,21,"15 19; 14 18; 12 17"
"cd_b","gnopsc","   B.2.2   No. of villages do not have a Primary School within 1 km.","[]",166,5,9,"0 70; 1 37; 2 31"
"cd_b","gva","   B.2.3a  Was there any attandance committee in the GP","[]",166,5,2,"2 102; 1 59; NA 5"
"cd_b","gvan","   B.2.3b  No. of AC","[]",166,107,19,"NA 107; 1 7; 12 7"
"cd_b","gvan98","   B.2.3c  No. AC created since 1998","[]",166,107,8,"NA 107; 0 30; 1 15"
"cd_b","gvaeff","   B.2.3d  Whether AC play any role","[]",166,106,3,"NA 106; 1 41; 2 15"
"cd_b","gvec","   B.2.4a  Was there any village education committee in the GP","[]",166,5,1,"1 161; NA 5"
"cd_b","gvecn","   B.2.4b  No. of VEC","[]",166,5,18,"10 19; 13 19; 14 19"
"cd_b","gvecn98","   B.2.4c  No. VEC created since 1998","[]",166,5,22,"0 28; 13 15; 11 13"
"cd_b","gveceff","   B.2.4d  Are VEC  effective","[]",166,5,3,"1 138; 2 19; NA 5"
"cd_b","gedc","   B.2.5a  Does the Panchayat have an education standing committee (Apart from V","[]",166,5,2,"1 90; 2 71; NA 5"
"cd_b","gedcd","   B.2.5b  When was it standing committee created","[]",166,76,8,"NA 76; 1999 42; 1998 39"
"cd_b","gedceff","   B.2.5c  Whether standing comittee have any influence on the running of the sc","[]",166,75,3,"NA 75; 1 54; 2 21"
"cd_b","gpscinf","   B.2.6   Overall, has the panchayat any say in the running of the Primary Scho","[]",166,5,3,"1 101; 2 44; 3 16"
"cd_b","pscpb1","   B.2.7   Problem with schools: Low Enrollment (1)","[]",166,5,2,"2 114; 1 47; NA 5"
"cd_b","gscpb2","   B.2.7   Problems with schools: Low attendence (2)","[]",166,5,2,"2 85; 1 76; NA 5"
"cd_b","gscpb3","   B.2.7   Problems with schools:  Drop out (3)","[]",166,5,2,"1 118; 2 43; NA 5"
"cd_b","gscpb4","   B.2.7   Problems with schools:  Low teacher turn out (4)","[]",166,5,2,"1 94; 2 67; NA 5"
"cd_b","gscpb5","   B.2.7   Problems with schools:  Low teaching quality (5)","[]",166,5,2,"2 108; 1 53; NA 5"
"cd_b","gscpb6","   B.2.7   Problems with schools:  Teachers involved in Political Activitiers (6","[]",166,5,2,"2 94; 1 67; NA 5"
"cd_b","gssk","   B.2.8a  Are there any SSK in the GP","[]",166,5,2,"1 124; 2 37; NA 5"
"cd_b","gsskn","   B.2.8b  No. of SSK in the GP","[]",166,42,5,"1 69; NA 42; 2 40"
"cd_b","gssk98","   B.2.8c  Was any SSK established since1998","[]",166,42,2,"1 118; NA 42; 2 6"
"cd_b","gsskn98","   B.2.8d  No. of SSK established since 1998","[]",166,47,6,"1 68; NA 47; 2 37"
"cd_b","gsskps_1","   B.2.9a  Does the village where the SSK was established have a Government Scho","[]",166,48,2,"1 71; NA 48; 2 47"
"cd_b","gsskps_2","   B.2.9a  Does the village where the SSK was established have a Government Scho","[]",166,116,2,"NA 116; 2 27; 1 23"
"cd_b","gsskps_3","   B.2.9a  Does the village where the SSK was established have a Government Scho","[]",166,153,2,"NA 153; 1 7; 2 6"
"cd_b","gsskps_4","   B.2.9a  Does the village where the SSK was established have a Government Scho","[]",166,164,2,"NA 164; 1 1; 2 1"
"cd_b","gsskps_5","   B.2.9a  Does the village where the SSK was established have a Government Scho","[]",166,165,1,"NA 165; 1 1"
"cd_b","gsskat_1","   B.2.9b  Approx no. of Children attending the SSK, ssk1","[]",166,48,38,"NA 48; 40 19; 30 13"
"cd_b","gsskat_2","   B.2.9b  Approx no. of Children attending the SSK, ssk2","[]",166,116,25,"NA 116; 40 9; 50 7"
"cd_b","gsskat_3","   B.2.9b  Approx no. of Children attending the SSK, ssk3","[]",166,153,10,"NA 153; 30 2; 45 2"
"cd_b","gsskat_4","   B.2.9b  Approx no. of Children attending the SSK, ssk4","[]",166,164,2,"NA 164; 30 1; 35 1"
"cd_b","gsskat_5","   B.2.9b  Approx no. of Children attending the SSK, ssk5","[]",166,165,1,"NA 165; 45 1"
"cd_b","gsskmt_1","   B.2.9c  How many teachers are there in the ssk, males, ssk1","[]",166,48,2,"0 106; NA 48; 1 12"
"cd_b","gsskft_1","   B.2.9c  How many teachers are there in the ssk, females, ssk1","[]",166,48,3,"2 90; NA 48; 1 26"
"cd_b","gsskmt_2","   B.2.9c  How many teachers are there in the ssk, males, ssk2","[]",166,116,3,"NA 116; 0 47; 1 2"
"cd_b","gsskft_2","   B.2.9c  How many teachers are there in the ssk, females, ssk2","[]",166,116,3,"NA 116; 2 39; 1 10"
"cd_b","gsskmt_3","   B.2.9c  How many teachers are there in the ssk, males, ssk3","[]",166,153,1,"NA 153; 0 13"
"cd_b","gsskft_3","   B.2.9c  How many teachers are there in the ssk, females, ssk3","[]",166,153,3,"NA 153; 2 11; 1 1"
"cd_b","gsskmt_4","   B.2.9c  How many teachers are there in the ssk, males, ssk4","[]",166,164,1,"NA 164; 0 2"
"cd_b","gsskft_4","   B.2.9c  How many teachers are there in the ssk, females, ssk4","[]",166,164,1,"NA 164; 2 2"
"cd_b","gsskmt_5","   B.2.9c  How many teachers are there in the ssk, males, ssk5","[]",166,165,1,"NA 165; 1 1"
"cd_b","gsskft_5","   B.2.9c  How many teachers are there in the ssk, females, ssk5","[]",166,165,1,"NA 165; 1 1"
"cd_b","gcep98","   B.2.10  Has there been a CEP in this GP since 1998","[]",166,5,2,"1 95; 2 66; NA 5"
"cd_b","gcec","   B.2.11a Is there any CEC in the GP","[]",166,5,2,"1 137; 2 24; NA 5"
"cd_b","gcecn","   B.2.11b No. of CEC","[]",166,29,25,"NA 29; 1 16; 2 15"
"cd_b","gaw","   B.2.12a Is there any ICDS (Anganwadi) Programme in the GP","[]",166,5,1,"1 161; NA 5"
"cd_b","gawn","   B.2.12b How many Anganwadi Programme in the GP","[]",166,5,19,"10 24; 11 17; 12 16"
"cd_b","gaw98","   B.2.13a Were any Anganwadi established since 1998","[]",166,5,2,"2 118; 1 43; NA 5"
"cd_b","gawn98","   B.2.13b How many Anganwadi Established since 1998","[]",166,123,14,"NA 123; 1 17; 17 4"
"cd_b","gshalb","   B.3.1a  Were any Shallow Pump for irrigation built since 1998?","[]",166,5,2,"2 143; 1 18; NA 5"
"cd_b","gshalbn","   B.3.1a  How many were built: shallow pump","[]",166,148,8,"NA 148; 1 6; 2 3"
"cd_b","gshalr","   B.3.1b  Were any Shallow Pump for irrigation repaired since 1998?","[]",166,5,2,"2 156; 1 5; NA 5"
"cd_b","gshalrn","   B.3.1b  How many were repaired: shallow pump","[]",166,161,3,"NA 161; 1 2; 2 2"
"cd_b","gminb","   B.3.2a  Were any Minor irrigation canals built since 1998?","[]",166,5,2,"2 150; 1 11; NA 5"
"cd_b","gminbn","   B.3.2a  How many were built: minor irrigation canals","[]",166,155,3,"NA 155; 1 7; 2 3"
"cd_b","gminr","   B.3.2b  Were any Minor irrigation canals maintained since 1998?","[]",166,5,2,"2 104; 1 57; NA 5"
"cd_b","gminrn","   B.3.2a  How many were repaired: minor irrigation canals","[]",166,109,6,"NA 109; 1 23; 2 18"
"cd_b","gcalb","   B.3.3a  Were any calvert built since 1998?","[]",166,5,2,"1 127; 2 34; NA 5"
"cd_b","gcalbn","   B.3.3a  How many were built: calvert","[]",166,39,17,"NA 39; 1 24; 2 21"
"cd_b","gcalr","   B.3.3b  Were any calvert repaired since 1998?","[]",166,5,2,"2 84; 1 77; NA 5"
"cd_b","gcalrn","   B.3.3b  How many were repaired: calvert","[]",166,89,14,"NA 89; 1 23; 2 18"
"cd_b","gtubb","   B.3.4a  Were any new Tube well / Hand Pump (for drinking water) built since 1","[]",166,5,2,"1 154; 2 7; NA 5"
"cd_b","gtubbn","   B.3.4a  How many were built: handpumps","[]",166,12,33,"6 16; 10 14; 5 13"
"cd_b","gtubr","   B.3.4b  Were any new Tube well / Hand Pump (for drinking water) repaired sinc","[]",166,5,2,"1 160; NA 5; 2 1"
"cd_b","gtubrn","   B.3.4b  How many were repaired: handpumps","[]",166,6,95,"150 9; 100 6; 120 6"
"cd_b","gtap","   B.3.4c  Was any additional village covered by tap water since 1998?","[]",166,5,2,"2 142; 1 19; NA 5"
"cd_b","gtapn","   B.3.4c  How many were covered: tap water","[]",166,147,7,"NA 147; 1 6; 2 4"
"cd_b","gdwc","   B.3.4d  Does the GP has a standing drinking water committee?","[]",166,5,2,"1 109; 2 52; NA 5"
"cd_b","gdwcsw","   B.3.4e  What percentage of the standing drinking water committee members are","[]",166,55,17,"NA 55; 33 24; 20 23"
"cd_b","gpond","   B.3.5   Was any work of Excavation or Disilting of a Pond since 1998?","[]",166,5,2,"1 96; 2 65; NA 5"
"cd_b","gpondn","   B.3.5   How many were excavated: ponds","[]",166,70,16,"NA 70; 1 29; 2 16"
"cd_b","gsoak","   B.3.6   Drainage / Soak pit built since 1998? If yes, how many?","[]",166,5,2,"2 154; 1 7; NA 5"
"cd_b","gsoakn","   B.3.6   How many were built: soak pits","[]",166,159,4,"NA 159; 2 4; 3 1"
"cd_b","gtoil","   B.3.7   Was any Toilet with sanitary block built since 1998?","[]",166,5,2,"1 85; 2 76; NA 5"
"cd_b","goiln","   B.3.7   How many were built: toilets","[]",166,81,37,"NA 81; 20 10; 999 6"
"cd_b","ggarb","   B.3.8A  Is there any system of Garbage disposal in the GP?","[]",166,5,1,"2 161; NA 5"
"cd_b","gbarb98","   B.3.8B  Is there any new system of Garbage disposal introduced in the GP sinc","[]",166,5,1,"2 161; NA 5"
"cd_b","gbio","   B.3.8C  Was any Bio-Gas introduced in the GP?","[]",166,5,2,"2 86; 1 75; NA 5"
"cd_b","gbion","   B.3.8C  How many were introduced: biogas","[]",166,91,22,"NA 91; 999 33; 15 4"
"cd_b","gelecn","   B.3.10  How many villages have electricity connection in the GP","[]",166,5,26,"11 14; 6 13; 7 12"
"cd_b","gelecn98","   B.3.11  How many villages added since 1998?","[]",166,6,7,"0 114; 1 29; 2 7"
"cd_b","gmetb","   B.3.12  Was there any new metal road built since 1998","[]",166,5,2,"2 137; 1 24; NA 5"
"cd_b","gmetbn","   B.3.12  How many km were built: metal road","[]",166,142,7,"NA 142; 2 7; 1 5"
"cd_b","gmetr","   B.3.12B Was there any metal road repaired since 1998","[]",166,5,2,"2 85; 1 76; NA 5"
"cd_b","gmetrn","   B.3.12B How many km were repaired: metal road","[]",166,89,14,"NA 89; 1 12; 3 12"
"cd_b","gmorb","   B.3.12  Was there any new moram road built since 1998","[]",166,5,2,"1 107; 2 54; NA 5"
"cd_b","gmorbn","   B.3.12  How many km were built: moram road","[]",166,59,18,"NA 59; 1 16; 5 15"
"cd_b","gmorr","   B.3.12B Was there any moram road repaired since 1998","[]",166,5,3,"1 154; 2 6; NA 5"
"cd_b","gmorrn","   B.3.12B How many km were repaired: moram road","[]",166,11,30,"15 19; 10 18; 5 15"
"cd_b","gkutb","   B.3.12  Was there any new kutcha road built since 1998","[]",166,5,2,"2 86; 1 75; NA 5"
"cd_b","gkutbn","   B.3.12  How many km were built: kutcha road","[]",166,91,11,"NA 91; 1 33; 2 16"
"cd_b","gkutr","   B.3.12B Was there any kutcha road repaired since 1998","[]",166,5,2,"1 145; 2 16; NA 5"
"cd_b","gkutrn","   B.3.12B How many km were repaired: kutcha road","[]",166,21,32,"5 21; NA 21; 10 16"
"cd_b","gfor","   B.2.13A What is the total area under social forestry?","[]",166,5,20,"0 91; 3 13; 10 8"
"cd_b","gfor98","   B.2.13B What area was bought under social forestry since 1998","[]",166,95,10,"NA 95; 0 55; 1 4"
"cd_b","gforbe","   B.2.13C No. of beneficiaries of social forestries (HHs)","[]",166,95,35,"NA 95; 100 9; 50 8"
"cd_b","gforear","   B.2.13D Total earnings from social forestries","[]",166,95,29,"NA 95; 0 21; 999999 12"
"cd_b","gfis","   B.2.14  What is the total area under social fishery?","[]",166,5,15,"0 118; 2 7; 3 7"
"cd_b","gfis98","   B.2.14B What area was bought under social fishery since 1998","[]",166,122,6,"NA 122; 0 36; 2 4"
"cd_b","gfispn","   B.2.14C No. of Ponds under social fishery?","[]",166,122,22,"NA 122; 3 6; 2 5"
"cd_b","gfispn98","   B.2.14D No. of ponds brought under social fishery since 1998","[]",166,122,8,"NA 122; 0 36; 2 2"
"cd_b","gfisbe","   B.2.14E No. of beneficiaries of social fisheries (HHs)","[]",166,122,27,"NA 122; 40 4; 100 3"
"cd_b","gfisear","   B.2.14F Total earnings from social fisheries","[]",166,122,33,"NA 122; 6000 4; 10000 3"
"cd_b","gsch1","   B.4.1   Which district schemes were taken up by the GP, scheme 1","[]",166,0,48," 98; INFRASTRUCTURE DEVELOPMENT 14; DWCRA 4"
"cd_b","gsch2","   B.4.1   Which district schemes were taken up by the GP, scheme 2","[]",166,0,21," 145; COAL & CESS 2; Bridge over drain 1"
"cd_b","gsch3","   B.4.1   Which district schemes were taken up by the GP, scheme 3","[]",166,0,11," 156; 5 KM MORRAM ROAD BUILT 1; CONSTRUCTION OF 4 PRIMARY SCHOOL 1"
"cd_b","gsch4","   B.4.1   Which district schemes were taken up by the GP, scheme 4","[]",166,0,6," 161; CONSTRUCTION OF BY-PASS 1; Excavation of 11 ponds for Irrigation 1"
"cd_b","gsch5","   B.4.1   Which district schemes were taken up by the GP, scheme 5","[]",166,0,4," 163; Beds in PSHC in Batikor 1; CONSTRUCTION OF EMBERKMENT 1"
"cd_b","gsch6","   B.4.1   Which district schemes were taken up by the GP, scheme 6","[]",166,0,2," 165; Electrification of every Mouza 1; NA 0"
"cd_b","gsch7","   B.4.1   Which district schemes were taken up by the GP, scheme 7","[]",166,0,2," 165; construction of a HS school 1; NA 0"
"cd_b","gfund","   B.5.1   What was the amount of own funds collect by the GP in the last fiscal","[]",166,6,83,"26 7; NA 6; 29 5"
"cd_b","gfundu1","   B.5.2   usage of own funds: Road Repair (amount as % of total)","[]",166,125,29,"NA 125; 2 4; 20 4"
"cd_b","gfundu2","   B.5.2   usage of own funds:Tubewell Repair (amount as % of total)","[]",166,110,34,"NA 110; 30 4; 16 3"
"cd_b","gfundu3","   B.5.2   usage of own funds:School Repair (amount as % of total)","[]",166,155,9,"NA 155; 23 2; 6 2"
"cd_b","gfundu4","   B.5.2   usage of own funds:Office Building Repair (amount as % of total)","[]",166,149,15,"NA 149; 3 2; 31 2"
"cd_b","gfundu5","   B.5.2   usage of own funds: Culvert Repair (amount as % of total)","[]",166,161,4,"NA 161; 6 2; 3 1"
"cd_b","gfundu6","   B.5.2   usage of own funds: Canal Repair (amount as % of total)","[]",166,161,5,"NA 161; 13 1; 2 1"
"cd_b","gfundu7","   B.5.2   usage of own funds: Ponds Repair (amount as % of total)","[]",166,164,2,"NA 164; 5 1; 6 1"
"cd_b","gfundu8","   B.5.2   usage of own funds: Other Repairs (amount as % of total)","[]",166,141,14,"NA 141; 3 6; 2 4"
"cd_b","gfundu9","   B.5.2   usage of own funds: Road Construction (amount as % of total)","[]",166,164,2,"NA 164; 1 1; 16 1"
"cd_b","gfundu10","   B.5.2   usage of own funds: Tubewell Construction (amount as % of total)","[]",166,164,2,"NA 164; 13 1; 8 1"
"cd_b","gfundu11","   B.5.2   usage of own funds: Culvert Construction (amount as % of total)","[]",166,161,4,"NA 161; 6 2; 23 1"
"cd_b","gfundu13","   B.5.2   usage of own funds: TA (amount as % of total)","[]",166,75,26,"NA 75; 5 11; 1 8"
"cd_b","gfundu14","   B.5.2   usage of own funds: Sports & Culture (amount as % of total)","[]",166,76,24,"NA 76; 3 14; 4 12"
"cd_b","gfundu15","   B.5.2   usage of own funds: Electricity & Telephone Bill (amount as % of tota","[]",166,100,18,"NA 100; 4 12; 1 10"
"cd_b","gfundu16","   B.5.2   usage of own funds: Collector's Commission (amount as % of total)","[]",166,70,20,"NA 70; 10 9; 8 9"
"cd_b","gfundu17","   B.5.2   usage of own funds: Entertainment & Refreshment (amount as % of total","[]",166,41,36,"NA 41; 6 12; 9 10"
"cd_b","gfundu25","   B.5.2   usage of own funds: Purchase of Assets (amount as % of total)","[]",166,153,8,"NA 153; 1 5; 9 2"
"cd_b","gfundu18","   B.5.2   usage of own funds:Contingency (amount as % of total)","[]",166,43,58,"NA 43; 23 6; 12 5"
"cd_b","gfundu19","   B.5.2   usage of own funds: GS Meeting (amount as % of total)","[]",166,111,18,"NA 111; 2 12; 3 6"
"cd_b","gfundu20","   B.5.2   usage of own funds: Immunization (amount as % of total)","[]",166,155,7,"NA 155; 1 4; 2 2"
"cd_b","gfundu21","   B.5.2   usage of own funds: Office maintenance (amount as % of total)","[]",166,136,16,"NA 136; 1 4; 2 4"
"cd_b","gfundu22","   B.5.2   usage of own funds: Social Foresty & Fishery (amount as % of total)","[]",166,155,9,"NA 155; 11 2; 2 2"
"cd_b","gfundu23","   B.5.2   usage of own funds:Other expances (amount as % of total)","[]",166,63,42,"NA 63; 3 12; 4 8"
"cd_b","gfundu24","   B.5.2   usage of own funds: Balance (amount as % of total)","[]",166,88,46,"NA 88; 14 4; 18 4"
"cd_b","gpngs","   B.6.1a  No. of Gram Sansad in the GP","[]",166,5,17,"13 24; 10 23; 11 19"
"cd_b","gpngsm","   B.6.1b  No. of GS meetings held in the GP since 1998","[]",166,5,32,"50 19; 65 17; 55 15"
"cd_b","gpgsp","   B.6.2   % of potential voters at the GS held in May-June 2000","[]",166,5,19,"10 38; 11 37; 12 35"
"cd_b","gpgswp","   B.6.3   Avg. % of women among the participants","[]",166,5,22,"2 37; 1 36; 3 17"
"cd_b","gpgsscp","   B.6.4   Avg. % of SC among the participants","[]",166,5,37,"30 16; 50 16; 40 13"
"cd_b","gpgsstp","   B.6.5   Avg. % of ST among the participants","[]",166,7,25,"0 34; 1 32; 2 17"
"cd_b","gpwor","   B.7.1   Whether the GP have any women organization","[]",166,5,2,"1 93; 2 68; NA 5"
"cd_b","gpworn","   B.7.2   No. of Women organization","[]",166,73,3,"NA 73; 1 71; 2 19"
"cd_b","gpwor1","   B.7.3a  WO 1","[]",166,0,9,"AIDWF 85;  74; BHABANIPUR MAHILA SAMITY 1"
"cd_b","gpwor2","   B.7.3a  WO 2","[]",166,0,18," 145; TMC MAHILA SAMITY 4; INWC (BIRBHUM) 2"
"cd_b","gpwor3","   B.7.3a  WO 3","[]",166,0,4," 163; AIDWC 1; BALISHWAR JANAKALAYAN MAHILA SAMITI 1"
"cd_b","gpwor4","   B.7.3a  WO 4","[]",166,166,0,"NA 166"
"cd_b","gpwor98","   B.7.3b  whether any one introduced since 1998","[]",166,73,2,"2 82; NA 73; 1 11"
"cd_b","gpwor98w","   B.7.3c  If yes, which one?","[]",166,154,3,"NA 154; 2 7; 1 4"
"cd_b","gpfor","   B.7.4a  Whether the GP has a Joint Forest Management Committee","[]",166,5,2,"2 128; 1 33; NA 5"
"cd_b","gpforn","   B.7.4b  If yes, how many?","[]",166,133,7,"NA 133; 1 17; 2 8"
"cd_b","gpformn","   B.7.4c  How many have mostly male members","[]",166,133,8,"NA 133; 1 15; 2 8"
"cd_b","gpforwn","   B.7.4d  How many have mostly female members","[]",166,133,3,"NA 133; 0 30; 1 2"
"cd_b","gpform98","   B.7.4e  How many with mostly male members created since 1998","[]",166,133,4,"NA 133; 0 28; 1 3"
"cd_b","gpforw98","   B.7.4f  How many with mostly female members created since 1998","[]",166,133,2,"NA 133; 0 32; 1 1"
"cd_b","gpwsh","   B.7.5a  Whether any women co-operative /Self help group in the Gp","[]",166,5,2,"2 85; 1 76; NA 5"
"cd_b","gpwshn","   B.7.5b  If yes, how many?","[]",166,90,13,"NA 90; 1 33; 2 22"
"cd_b","gpwsh98n","   B.7.5c  How many were created since 1998","[]",166,90,9,"NA 90; 0 38; 1 17"
"cd_b","gpgra","   B.7.5d  Is there any Grameen bank in the GP","[]",166,5,2,"2 105; 1 56; NA 5"
"cd_b","gpgran","   B.7.5e  How many Grameen bank are there in the GP","[]",166,110,1,"NA 110; 1 56"
"cd_b","gpgra98","   B.7.5f  Was there any Grameen Bank introduced in the GP since 1998","[]",166,108,2,"NA 108; 2 57; 1 1"
"cd_b","gpgra98n","   B.7.5g  How many Grameen Bank introduced in the GP since 1998","[]",166,165,1,"NA 165; 1 1"
"cd_b","gpwiss","   B.7.6a  Whether wemen taken up any important issuein past 6 months","[]",166,5,2,"2 132; 1 29; NA 5"
"cd_b","wmarrage","   B.7.7a  Avg. marriage age for women in the GP","[]",166,5,13,"18 73; 19 21; 16 16"
"cd_c","gpnum","   0   gp id","[]",498,0,166,"1 3; 10 3; 100 3"
"cd_c","villnum","   sl No.","[]",498,0,3,"1 166; 2 166; 3 166"
"cd_c","jlnum","   JL no.","[]",498,15,197,"NA 15; 40 8; 11 7"
"cd_c","prvill","   Whether the Pradhan's Mouza","[]",498,0,3,"NO 322; YES 161;  15"
"cd_c","vnhh","   No. of Household    Total","[]",498,16,239,"NA 16; 250 12; 400 12"
"cd_c","vnhhsc","   No. of Household    SC","[]",498,16,154,"0 26; 40 21; 100 20"
"cd_c","vnhhst","   No. of Household    ST","[]",498,15,87,"0 276; NA 15; 25 14"
"cd_c","vnhhm","   No. of Household    Min","[]",498,16,145,"0 220; NA 16; 150 8"
"cd_c","vnhhgen","   No. of Household    Gen","[]",498,16,155,"0 93; 50 23; NA 16"
"cd_c","spprat","C.1a Shallow Pumps for Irrig Pvt qty avail Total","[]",498,0,44,"0 264; 5 23; 1 20"
"cd_c","spprasc","C.1a Shallow Pumps for Irrig Pvt qty avail SC","[]",498,0,20,"0 397; 1 26; 2 14"
"cd_c","spprast","C.1a Shallow Pumps for Irrig Pvt qty avail ST","[]",498,0,10,"0 474; 1 9; 3 6"
"cd_c","sppram","C.1a Shallow Pumps for Irrig Pvt qty avail Min","[]",498,0,28,"0 397; 1 16; 2 10"
"cd_c","sppracm","C.1a Shallow Pumps for Irrig Pvt qty avail Common","[]",498,0,18,"0 451; 5 8; 2 5"
"cd_c","spprrt","C.1a Shallow Pumps for Irrig Pvt qty Rep Total","[]",498,0,31,"0 357; 1 20; 5 18"
"cd_c","spprrsc","C.1a Shallow Pumps for Irrig Pvt qty Rep SC","[]",498,0,14,"0 439; 1 17; 2 14"
"cd_c","spprrst","C.1a Shallow Pumps for Irrig Pvt qty Rep ST","[]",498,0,7,"0 483; 1 5; 2 4"
"cd_c","spprrm","C.1a Shallow Pumps for Irrig Pvt qty Rep Min","[]",498,0,21,"0 436; 1 11; 5 9"
"cd_c","spprrcm","C.1a Shallow Pumps for Irrig Pvt qty Rep Common","[]",498,0,11,"0 475; 5 4; 1 3"
"cd_c","spprbt","C.1a Shallow Pumps for Irrig Pvt qty Built Total","[]",498,0,14,"0 414; 1 25; 2 18"
"cd_c","spprbsc","C.1a Shallow Pumps for Irrig Pvt qty Built SC","[]",498,0,8,"0 468; 1 12; 2 6"
"cd_c","spprbst","C.1a Shallow Pumps for Irrig Pvt qty Built ST","[]",498,0,6,"0 492; 2 2; 1 1"
"cd_c","spprbm","C.1a Shallow Pumps for Irrig Pvt qty Built Min","[]",498,0,8,"0 468; 1 11; 2 8"
"cd_c","spprbcm","C.1a Shallow Pumps for Irrig Pvt qty Built Common","[]",498,0,7,"0 488; 1 3; 2 3"
"cd_c","sppuat","C.1b Shallow Pumps for Irrig Pub qty avail Total","[]",498,0,6,"0 484; 1 8; 2 2"
"cd_c","sppuasc","C.1b Shallow Pumps for Irrig Pub qty avail SC","[]",498,0,3,"0 494; 2 2; 4 2"
"cd_c","sppuast","C.1b Shallow Pumps for Irrig Pub qty avail ST","[]",498,0,2,"0 495; 1 3; NA 0"
"cd_c","sppuam","C.1b Shallow Pumps for Irrig Pub qty avail Min","[]",498,0,2,"0 497; 1 1; NA 0"
"cd_c","sppuacm","C.1b Shallow Pumps for Irrig Pub qty avail Common","[]",498,0,3,"0 495; 1 2; 4 1"
"cd_c","sppurt","C.1b Shallow Pumps for Irrig Pub qty Rep Total","[]",498,0,3,"0 494; 1 3; 3 1"
"cd_c","sppursc","C.1b Shallow Pumps for Irrig Pub qty Rep SC","[]",498,0,1,"0 498; NA 0"
"cd_c","sppurst","C.1b Shallow Pumps for Irrig Pub qty Rep ST","[]",498,0,2,"0 497; 1 1; NA 0"
"cd_c","sppurm","C.1b Shallow Pumps for Irrig Pub qty Rep Min","[]",498,0,2,"0 497; 1 1; NA 0"
"cd_c","sppurcm","C.1b Shallow Pumps for Irrig Pub qty Rep Common","[]",498,0,3,"0 496; 1 1; 3 1"
"cd_c","sppubt","C.1b Shallow Pumps for Irrig Pub qty Built Total","[]",498,0,3,"0 496; 1 1; 2 1"
"cd_c","sppubsc","C.1b Shallow Pumps for Irrig Pub qty Built SC","[]",498,0,3,"0 496; 1 1; 2 1"
"cd_c","sppubst","C.1b Shallow Pumps for Irrig Pub qty Built ST","[]",498,0,1,"0 498; NA 0"
"cd_c","sppubm","C.1b Shallow Pumps for Irrig Pub qty Built Min","[]",498,0,1,"0 498; NA 0"
"cd_c","sppubcm","C.1b Shallow Pumps for Irrig Pub qty Built Common","[]",498,0,1,"0 498; NA 0"
"cd_c","dwprat","C.2a Deep wells for Irrig Pvt qty avail Total","[]",498,0,6,"0 487; 1 3; 2 3"
"cd_c","dwprasc","C.2a Deep wells for Irrig Pvt qty avail SC","[]",498,0,4,"0 495; 1 1; 2 1"
"cd_c","dwprast","C.2a Deep wells for Irrig Pvt qty avail ST","[]",498,0,1,"0 498; NA 0"
"cd_c","dwpram","C.2a Deep wells for Irrig Pvt qty avail Min","[]",498,0,4,"0 493; 1 3; 3 1"
"cd_c","dwpracm","C.2a Deep wells for Irrig Pvt qty avail Common","[]",498,0,3,"0 496; 1 1; 2 1"
"cd_c","dwprrt","C.2a Deep wells for Irrig Pvt qty Rep Total","[]",498,0,3,"0 495; 3 2; 5 1"
"cd_c","dwprrsc","C.2a Deep wells for Irrig Pvt qty Rep SC","[]",498,0,2,"0 497; 2 1; NA 0"
"cd_c","dwprrst","C.2a Deep wells for Irrig Pvt qty Rep ST","[]",498,0,1,"0 498; NA 0"
"cd_c","dwprrm","C.2a Deep wells for Irrig Pvt qty Rep Min","[]",498,0,4,"0 495; 1 1; 3 1"
"cd_c","dwprrcm","C.2a Deep wells for Irrig Pvt qty Rep Common","[]",498,0,1,"0 498; NA 0"
"cd_c","dwprbt","C.2a Deep wells for Irrig Pvt qty Built Total","[]",498,0,5,"0 493; 1 2; 2 1"
"cd_c","dwprbsc","C.2a Deep wells for Irrig Pvt qty Built SC","[]",498,0,3,"0 496; 1 1; 2 1"
"cd_c","dwprbst","C.2a Deep wells for Irrig Pvt qty Built ST","[]",498,0,1,"0 498; NA 0"
"cd_c","dwprbm","C.2a Deep wells for Irrig Pvt qty Built Min","[]",498,0,2,"0 497; 5 1; NA 0"
"cd_c","dwprbcm","C.2a Deep wells for Irrig Pvt qty Built Common","[]",498,0,2,"0 497; 1 1; NA 0"
"cd_c","dwpuat","C.2b Deep wells for Irrig Pub qty avail Total","[]",498,0,7,"0 481; 1 9; 2 2"
"cd_c","dwpuasc","C.2b Deep wells for Irrig Pub qty avail SC","[]",498,0,4,"0 489; 1 7; 2 1"
"cd_c","dwpuast","C.2b Deep wells for Irrig Pub qty avail ST","[]",498,0,5,"0 492; 1 2; 2 2"
"cd_c","dwpuam","C.2b Deep wells for Irrig Pub qty avail Min","[]",498,0,2,"0 497; 1 1; NA 0"
"cd_c","dwpuacm","C.2b Deep wells for Irrig Pub qty avail Common","[]",498,0,2,"0 496; 1 2; NA 0"
"cd_c","dwpurt","C.2b Deep wells for Irrig Pub qty Rep Total","[]",498,0,4,"0 490; 1 5; 2 2"
"cd_c","dwpursc","C.2b Deep wells for Irrig Pub qty Rep SC","[]",498,0,2,"0 494; 1 4; NA 0"
"cd_c","dwpurst","C.2b Deep wells for Irrig Pub qty Rep ST","[]",498,0,2,"0 495; 1 3; NA 0"
"cd_c","dwpurm","C.2b Deep wells for Irrig Pub qty Rep Min","[]",498,0,2,"0 497; 1 1; NA 0"
"cd_c","dwpurcm","C.2b Deep wells for Irrig Pub qty Rep Common","[]",498,0,2,"0 497; 1 1; NA 0"
"cd_c","dwpubt","C.2b Deep wells for Irrig Pub qty Built Total","[]",498,0,2,"0 497; 2 1; NA 0"
"cd_c","dwpubsc","C.2b Deep wells for Irrig Pub qty Built SC","[]",498,0,1,"0 498; NA 0"
"cd_c","dwpubst","C.2b Deep wells for Irrig Pub qty Built ST","[]",498,0,1,"0 498; NA 0"
"cd_c","dwpubm","C.2b Deep wells for Irrig Pub qty Built Min","[]",498,0,1,"0 498; NA 0"
"cd_c","dwpubcm","C.2b Deep wells for Irrig Pub qty Built Common","[]",498,0,1,"0 498; NA 0"
"cd_c","pondfat","C.3a Ponds for irrig and fisheries qty avail Total","[]",498,0,41,"0 70; 3 45; 1 43"
"cd_c","pondfasc","C.3a Ponds for irrig and fisheries qty avail SC","[]",498,0,21,"0 302; 1 60; 2 39"
"cd_c","pondfast","C.3a Ponds for irrig and fisheries qty avail ST","[]",498,0,11,"0 424; 1 25; 2 20"
"cd_c","pondfam","C.3a Ponds for irrig and fisheries qty avail Min","[]",498,0,21,"0 362; 2 20; 1 18"
"cd_c","pondfacm","C.3a Ponds for irrig and fisheries qty avail Common","[]",498,0,29,"0 324; 2 29; 1 27"
"cd_c","pondfrt","C.3a Ponds for irrig and fisheries qty Rep Total","[]",498,0,10,"0 423; 1 30; 2 22"
"cd_c","pondfrsc","C.3a Ponds for irrig and fisheries qty Rep SC","[]",498,0,4,"0 471; 1 14; 2 8"
"cd_c","pondfrst","C.3a Ponds for irrig and fisheries qty Rep ST","[]",498,0,3,"0 487; 1 7; 2 4"
"cd_c","pondfrm","C.3a Ponds for irrig and fisheries qty Rep Min","[]",498,0,7,"0 482; 1 7; 2 5"
"cd_c","pondfrcm","C.3a Ponds for irrig and fisheries qty Rep Common","[]",498,0,6,"0 475; 1 14; 4 4"
"cd_c","pondfbt","C.3a Ponds for irrig and fisheries qty Built Total","[]",498,0,4,"0 493; 1 3; 12 1"
"cd_c","pondfbsc","C.3a Ponds for irrig and fisheries qty Built SC","[]",498,0,1,"0 498; NA 0"
"cd_c","pondfbst","C.3a Ponds for irrig and fisheries qty Built ST","[]",498,0,2,"0 497; 1 1; NA 0"
"cd_c","pondfbm","C.3a Ponds for irrig and fisheries qty Built Min","[]",498,0,2,"0 497; 3 1; NA 0"
"cd_c","pondfbcm","C.3a Ponds for irrig and fisheries qty Built Common","[]",498,0,2,"0 497; 1 1; NA 0"
"cd_c","pondtat","C.3b Total number of ponds qty avail Total","[]",498,0,72,"7 26; 10 24; 12 24"
"cd_c","pondtasc","C.3b Total number of ponds qty avail SC","[]",498,0,37,"0 165; 2 50; 1 49"
"cd_c","pondtast","C.3b Total number of ponds qty avail ST","[]",498,0,17,"0 367; 1 41; 2 25"
"cd_c","pondtam","C.3b Total number of ponds qty avail Min","[]",498,0,44,"0 294; 1 17; 2 17"
"cd_c","pondtacm","C.3b Total number of ponds qty avail Common","[]",498,0,41,"0 275; 2 30; 1 20"
"cd_c","pondtrt","C.3b Total number of ponds qty Rep Total","[]",498,0,13,"0 419; 1 31; 2 22"
"cd_c","pondtrsc","C.3b Total number of ponds qty Rep SC","[]",498,0,6,"0 464; 1 21; 2 5"
"cd_c","pondtrst","C.3b Total number of ponds qty Rep ST","[]",498,0,4,"0 484; 1 11; 2 2"
"cd_c","pondtrm","C.3b Total number of ponds qty Rep Min","[]",498,0,7,"0 475; 1 11; 2 4"
"cd_c","pondtrcm","C.3b Total number of ponds qty Rep Common","[]",498,0,6,"0 482; 1 9; 2 3"
"cd_c","pondtbt","C.3b Total number of ponds qty Built Total","[]",498,0,4,"0 486; 1 8; 2 3"
"cd_c","pondtbsc","C.3b Total number of ponds qty Built SC","[]",498,0,2,"0 496; 1 2; NA 0"
"cd_c","pondtbst","C.3b Total number of ponds qty Built ST","[]",498,0,3,"0 494; 1 3; 2 1"
"cd_c","pondtbm","C.3b Total number of ponds qty Built Min","[]",498,0,2,"0 497; 2 1; NA 0"
"cd_c","pondtbcm","C.3b Total number of ponds qty Built Common","[]",498,0,3,"0 495; 1 2; 2 1"
"cd_c","wwprat","C.4a Wells for drink wtr Pvt qty avail Total","[]",498,0,41,"0 359; 1 27; 2 11"
"cd_c","wwprasc","C.4a Wells for drink wtr Pvt qty avail SC","[]",498,0,15,"0 445; 1 19; 5 7"
"cd_c","wwprast","C.4a Wells for drink wtr Pvt qty avail ST","[]",498,0,9,"0 476; 1 13; 4 2"
"cd_c","wwpram","C.4a Wells for drink wtr Pvt qty avail Min","[]",498,0,23,"0 441; 1 14; 2 8"
"cd_c","wwpracm","C.4a Wells for drink wtr Pvt qty avail Common","[]",498,0,6,"0 491; 1 3; 10 1"
"cd_c","wwprrt","C.4a Wells for drink wtr Pvt qty Rep Total","[]",498,0,32,"0 429; 1 11; 2 7"
"cd_c","wwprrsc","C.4a Wells for drink wtr Pvt qty Rep SC","[]",498,0,12,"0 472; 1 10; 3 3"
"cd_c","wwprrst","C.4a Wells for drink wtr Pvt qty Rep ST","[]",498,0,6,"0 488; 1 5; 2 2"
"cd_c","wwprrm","C.4a Wells for drink wtr Pvt qty Rep Min","[]",498,0,14,"0 475; 1 4; 2 3"
"cd_c","wwprrcm","C.4a Wells for drink wtr Pvt qty Rep Common","[]",498,0,4,"0 495; 2 1; 3 1"
"cd_c","wwprbt","C.4a Wells for drink wtr Pvt qty Built Total","[]",498,0,16,"0 444; 1 17; 2 8"
"cd_c","wwprbsc","C.4a Wells for drink wtr Pvt qty Built SC","[]",498,0,8,"0 484; 1 7; 3 2"
"cd_c","wwprbst","C.4a Wells for drink wtr Pvt qty Built ST","[]",498,0,2,"0 493; 1 5; NA 0"
"cd_c","wwprbm","C.4a Wells for drink wtr Pvt qty Built Min","[]",498,0,9,"0 479; 2 7; 1 3"
"cd_c","wwprbcm","C.4a Wells for drink wtr Pvt qty Built Common","[]",498,0,3,"0 496; 4 1; 6 1"
"cd_c","wwpuat","C.4b Wells for drink wtr Pub qty avail Total","[]",498,0,23,"0 358; 1 29; 4 15"
"cd_c","wwpuasc","C.4b Wells for drink wtr Pub qty avail SC","[]",498,0,10,"0 403; 1 33; 2 19"
"cd_c","wwpuast","C.4b Wells for drink wtr Pub qty avail ST","[]",498,0,10,"0 445; 1 15; 3 12"
"cd_c","wwpuam","C.4b Wells for drink wtr Pub qty avail Min","[]",498,0,9,"0 452; 1 13; 2 13"
"cd_c","wwpuacm","C.4b Wells for drink wtr Pub qty avail Common","[]",498,0,8,"0 463; 1 22; 2 6"
"cd_c","wwpurt","C.4b Wells for drink wtr Pub qty Rep Total","[]",498,0,15,"0 416; 1 17; 2 16"
"cd_c","wwpursc","C.4b Wells for drink wtr Pub qty Rep SC","[]",498,0,9,"0 447; 1 20; 2 10"
"cd_c","wwpurst","C.4b Wells for drink wtr Pub qty Rep ST","[]",498,0,7,"0 469; 1 11; 2 7"
"cd_c","wwpurm","C.4b Wells for drink wtr Pub qty Rep Min","[]",498,0,7,"0 473; 2 11; 1 6"
"cd_c","wwpurcm","C.4b Wells for drink wtr Pub qty Rep Common","[]",498,0,6,"0 479; 1 13; 2 3"
"cd_c","wwpubt","C.4b Wells for drink wtr Pub qty Built Total","[]",498,0,7,"0 464; 1 18; 3 7"
"cd_c","wwpubsc","C.4b Wells for drink wtr Pub qty Built SC","[]",498,0,4,"0 477; 1 14; 2 6"
"cd_c","wwpubst","C.4b Wells for drink wtr Pub qty Built ST","[]",498,0,3,"0 493; 1 4; 2 1"
"cd_c","wwpubm","C.4b Wells for drink wtr Pub qty Built Min","[]",498,0,4,"0 487; 2 6; 1 4"
"cd_c","wwpubcm","C.4b Wells for drink wtr Pub qty Built Common","[]",498,0,3,"0 494; 1 3; 2 1"
"cd_c","twprat","C.5a Tubewells / Hand Pumps for drink wtr Pvt qty avail Total","[]",498,0,62,"0 135; 1 24; 12 21"
"cd_c","twprasc","C.5a Tubewells / Hand Pumps for drink wtr Pvt qty avail SC","[]",498,0,27,"0 328; 1 57; 2 30"
"cd_c","twprast","C.5a Tubewells / Hand Pumps for drink wtr Pvt qty avail ST","[]",498,0,11,"0 472; 2 7; 1 6"
"cd_c","twpram","C.5a Tubewells / Hand Pumps for drink wtr Pvt qty avail Min","[]",498,0,41,"0 328; 3 19; 2 18"
"cd_c","twpracm","C.5a Tubewells / Hand Pumps for drink wtr Pvt qty avail Common","[]",498,0,14,"0 480; 1 2; 10 2"
"cd_c","twprrt","C.5a Tubewells / Hand Pumps for drink wtr Pvt qty Rep Total","[]",498,0,51,"0 234; 2 21; 4 20"
"cd_c","twprrsc","C.5a Tubewells / Hand Pumps for drink wtr Pvt qty Rep SC","[]",498,0,23,"0 388; 1 39; 2 23"
"cd_c","twprrst","C.5a Tubewells / Hand Pumps for drink wtr Pvt qty Rep ST","[]",498,0,8,"0 480; 2 6; 1 4"
"cd_c","twprrm","C.5a Tubewells / Hand Pumps for drink wtr Pvt qty Rep Min","[]",498,0,36,"0 371; 2 18; 1 14"
"cd_c","twprrcm","C.5a Tubewells / Hand Pumps for drink wtr Pvt qty Rep Common","[]",498,0,6,"0 490; 2 3; 1 2"
"cd_c","twprbt","C.5a Tubewells / Hand Pumps for drink wtr Pvt qty Built Total","[]",498,0,22,"0 321; 1 44; 2 30"
"cd_c","twprbsc","C.5a Tubewells / Hand Pumps for drink wtr Pvt qty Built SC","[]",498,0,11,"0 445; 1 19; 2 12"
"cd_c","twprbst","C.5a Tubewells / Hand Pumps for drink wtr Pvt qty Built ST","[]",498,0,4,"0 494; 1 2; 2 1"
"cd_c","twprbm","C.5a Tubewells / Hand Pumps for drink wtr Pvt qty Built Min","[]",498,0,13,"0 425; 1 23; 2 14"
"cd_c","twprbcm","C.5a Tubewells / Hand Pumps for drink wtr Pvt qty Built Common","[]",498,0,3,"0 494; 1 3; 2 1"
"cd_c","twpuat","C.5b Tubewells / Hand Pumps for drink wtr Pub qty avail Total","[]",498,0,38,"6 49; 4 47; 0 39"
"cd_c","twpuasc","C.5b Tubewells / Hand Pumps for drink wtr Pub qty avail SC","[]",498,0,21,"0 128; 1 89; 2 87"
"cd_c","twpuast","C.5b Tubewells / Hand Pumps for drink wtr Pub qty avail ST","[]",498,0,11,"0 346; 1 65; 2 38"
"cd_c","twpuam","C.5b Tubewells / Hand Pumps for drink wtr Pub qty avail Min","[]",498,0,24,"0 298; 1 41; 2 24"
"cd_c","twpuacm","C.5b Tubewells / Hand Pumps for drink wtr Pub qty avail Common","[]",498,0,17,"0 297; 1 89; 2 43"
"cd_c","twpurt","C.5b Tubewells / Hand Pumps for drink wtr Pub qty Rep Total","[]",498,0,35,"0 110; 2 42; 3 40"
"cd_c","twpursc","C.5b Tubewells / Hand Pumps for drink wtr Pub qty Rep SC","[]",498,0,19,"0 192; 1 82; 2 74"
"cd_c","twpurst","C.5b Tubewells / Hand Pumps for drink wtr Pub qty Rep ST","[]",498,0,11,"0 373; 1 54; 2 38"
"cd_c","twpurm","C.5b Tubewells / Hand Pumps for drink wtr Pub qty Rep Min","[]",498,0,24,"0 326; 1 33; 2 32"
"cd_c","twpurcm","C.5b Tubewells / Hand Pumps for drink wtr Pub qty Rep Common","[]",498,0,14,"0 336; 1 82; 2 36"
"cd_c","twpubt","C.5b Tubewells / Hand Pumps for drink wtr Pub qty Built Total","[]",498,0,11,"0 288; 1 110; 2 48"
"cd_c","twpubsc","C.5b Tubewells / Hand Pumps for drink wtr Pub qty Built SC","[]",498,0,7,"0 400; 1 70; 2 20"
"cd_c","twpubst","C.5b Tubewells / Hand Pumps for drink wtr Pub qty Built ST","[]",498,0,5,"0 476; 1 16; 2 4"
"cd_c","twpubm","C.5b Tubewells / Hand Pumps for drink wtr Pub qty Built Min","[]",498,0,7,"0 422; 1 43; 2 19"
"cd_c","twpubcm","C.5b Tubewells / Hand Pumps for drink wtr Pub qty Built Common","[]",498,0,5,"0 454; 1 36; 2 6"
"cd_c","twgpat","C.5c Tubewells / Hand Pumps for drink wtr Grmn Proj qty avail Total","[]",498,0,16,"0 442; 1 17; 2 12"
"cd_c","twgpasc","C.5c Tubewells / Hand Pumps for drink wtr Grmn Proj qty avail SC","[]",498,0,8,"0 463; 1 18; 2 5"
"cd_c","twgpast","C.5c Tubewells / Hand Pumps for drink wtr Grmn Proj qty avail ST","[]",498,0,5,"0 477; 1 9; 2 6"
"cd_c","twgpam","C.5c Tubewells / Hand Pumps for drink wtr Grmn Proj qty avail Min","[]",498,0,9,"0 481; 1 5; 2 3"
"cd_c","twgpacm","C.5c Tubewells / Hand Pumps for drink wtr Grmn Proj qty avail Common","[]",498,0,5,"0 487; 1 4; 2 4"
"cd_c","twgprt","C.5c Tubewells / Hand Pumps for drink wtr Grmn Proj qty Rep Total","[]",498,0,9,"0 479; 1 8; 2 5"
"cd_c","twgprsc","C.5c Tubewells / Hand Pumps for drink wtr Grmn Proj qty Rep SC","[]",498,0,3,"0 489; 1 5; 2 4"
"cd_c","twgprst","C.5c Tubewells / Hand Pumps for drink wtr Grmn Proj qty Rep ST","[]",498,0,4,"0 495; 1 1; 2 1"
"cd_c","twgprm","C.5c Tubewells / Hand Pumps for drink wtr Grmn Proj qty Rep Min","[]",498,0,6,"0 490; 1 3; 2 2"
"cd_c","twgprcm","C.5c Tubewells / Hand Pumps for drink wtr Grmn Proj qty Rep Common","[]",498,0,3,"0 494; 1 3; 2 1"
"cd_c","twgpbt","C.5c Tubewells / Hand Pumps for drink wtr Grmn Proj qty Built Total","[]",498,0,13,"0 474; 1 7; 20 3"
"cd_c","twgpbsc","C.5c Tubewells / Hand Pumps for drink wtr Grmn Proj qty Built SC","[]",498,0,8,"0 480; 1 7; 3 3"
"cd_c","twgpbst","C.5c Tubewells / Hand Pumps for drink wtr Grmn Proj qty Built ST","[]",498,0,5,"0 485; 1 6; 2 4"
"cd_c","twgpbm","C.5c Tubewells / Hand Pumps for drink wtr Grmn Proj qty Built Min","[]",498,0,6,"0 489; 1 3; 16 2"
"cd_c","twgpbcm","C.5c Tubewells / Hand Pumps for drink wtr Grmn Proj qty Built Common","[]",498,0,5,"0 491; 1 2; 2 2"
"cd_c","garbat","C.6 Garbage disposals qty avail Total","[]",498,0,2,"0 496; 1 2; NA 0"
"cd_c","garbasc","C.6 Garbage disposals qty avail SC","[]",498,0,1,"0 498; NA 0"
"cd_c","garbast","C.6 Garbage disposals qty avail ST","[]",498,0,1,"0 498; NA 0"
"cd_c","garbam","C.6 Garbage disposals qty avail Min","[]",498,0,2,"0 497; 1 1; NA 0"
"cd_c","garbacm","C.6 Garbage disposals qty avail Common","[]",498,0,1,"0 498; NA 0"
"cd_c","garbrt","C.6 Garbage disposals qty Rep Total","[]",498,0,1,"0 498; NA 0"
"cd_c","garbrsc","C.6 Garbage disposals qty Rep SC","[]",498,0,1,"0 498; NA 0"
"cd_c","garbrst","C.6 Garbage disposals qty Rep ST","[]",498,0,1,"0 498; NA 0"
"cd_c","garbrm","C.6 Garbage disposals qty Rep Min","[]",498,0,1,"0 498; NA 0"
"cd_c","garbrcm","C.6 Garbage disposals qty Rep Common","[]",498,0,1,"0 498; NA 0"
"cd_c","garbbt","C.6 Garbage disposals qty Built Total","[]",498,0,1,"0 498; NA 0"
"cd_c","garbbsc","C.6 Garbage disposals qty Built SC","[]",498,0,1,"0 498; NA 0"
"cd_c","garbbst","C.6 Garbage disposals qty Built ST","[]",498,0,1,"0 498; NA 0"
"cd_c","garbbm","C.6 Garbage disposals qty Built Min","[]",498,0,1,"0 498; NA 0"
"cd_c","garbbcm","C.6 Garbage disposals qty Built Common","[]",498,0,1,"0 498; NA 0"
"cd_c","biogat","C.7 BIO GAS Project qty avail Total","[]",498,0,28,"0 221; 2 48; 1 39"
"cd_c","biogasc","C.7 BIOGAS project qty avail SC","[]",498,0,13,"0 410; 1 30; 2 24"
"cd_c","biogast","C.7 BIOGAS project qty avail ST","[]",498,0,7,"0 481; 1 6; 2 5"
"cd_c","biogam","C.7 BIOGAS project qty avail Min","[]",498,0,11,"0 435; 1 26; 2 16"
"cd_c","biogacm","C.7 BIOGAS project qty avail Common","[]",498,0,5,"0 488; 1 4; 5 3"
"cd_c","biogrt","C.7 BIOGAS project qty Rep Total","[]",498,0,16,"0 445; 1 14; 2 8"
"cd_c","biogrsc","C.7 BIOGAS project qty Rep SC","[]",498,0,8,"0 485; 2 4; 1 3"
"cd_c","biogrst","C.7 BIOGAS project qty Rep ST","[]",498,0,4,"0 494; 1 2; 2 1"
"cd_c","biogrm","C.7 BIOGAS project qty Rep Min","[]",498,0,7,"0 479; 1 7; 2 5"
"cd_c","biogrcm","C.7 BIOGAS project qty Rep Common","[]",498,0,3,"0 495; 1 2; 8 1"
"cd_c","biogbt","C.7 BIOGAS project qty Built Total","[]",498,0,9,"0 452; 1 16; 2 15"
"cd_c","biogbsc","C.7 BIOGAS project qty Built SC","[]",498,0,6,"0 487; 1 4; 2 4"
"cd_c","biogbst","C.7 BIOGAS project qty Built ST","[]",498,0,3,"0 494; 1 3; 3 1"
"cd_c","biogbm","C.7 BIOGAS project qty Built Min","[]",498,0,4,"0 485; 1 7; 2 5"
"cd_c","biogbcm","C.7 BIOGAS project qty Built Common","[]",498,0,2,"0 497; 1 1; NA 0"
"cd_c","latrat","C.8 Latrines w/ sanitary Blocks / Dug well qty avail Total","[]",498,0,19,"0 391; 1 17; 3 17"
"cd_c","latrasc","C.8 Latrines w/ sanitary Blocks / Dug well qty avail SC","[]",498,0,16,"0 424; 2 18; 1 15"
"cd_c","latrast","C.8 Latrines w/ sanitary Blocks / Dug well qty avail ST","[]",498,0,9,"0 481; 1 5; 2 4"
"cd_c","latram","C.8 Latrines w/ sanitary Blocks / Dug well qty avail Min","[]",498,0,10,"0 454; 1 12; 2 10"
"cd_c","latracm","C.8 Latrines w/ sanitary Blocks / Dug well qty avail Common","[]",498,0,2,"0 496; 1 2; NA 0"
"cd_c","latrrt","C.8 Latrines w/ sanitary Blocks / Dug well qty Rep Total","[]",498,0,3,"0 495; 2 2; 3 1"
"cd_c","latrrsc","C.8 Latrines w/ sanitary Blocks / Dug well qty Rep SC","[]",498,0,1,"0 498; NA 0"
"cd_c","latrrst","C.8 Latrines w/ sanitary Blocks / Dug well qty Rep ST","[]",498,0,2,"0 497; 2 1; NA 0"
"cd_c","latrrm","C.8 Latrines w/ sanitary Blocks / Dug well qty Rep Min","[]",498,0,2,"0 497; 2 1; NA 0"
"cd_c","latrrcm","C.8 Latrines w/ sanitary Blocks / Dug well qty Rep Common","[]",498,0,1,"0 498; NA 0"
"cd_c","latrbt","C.8 Latrines w/ sanitary Blocks / Dug well qty Built Total","[]",498,0,15,"0 439; 2 12; 1 11"
"cd_c","latrbsc","C.8 Latrines w/ sanitary Blocks / Dug well qty Built SC","[]",498,0,12,"0 450; 1 18; 2 12"
"cd_c","latrbst","C.8 Latrines w/ sanitary Blocks / Dug well qty Built ST","[]",498,0,6,"0 488; 1 4; 2 2"
"cd_c","latrbm","C.8 Latrines w/ sanitary Blocks / Dug well qty Built Min","[]",498,0,7,"0 467; 1 11; 2 7"
"cd_c","latrbcm","C.8 Latrines w/ sanitary Blocks / Dug well qty Built Common","[]",498,0,2,"0 497; 1 1; NA 0"
"cd_c","twdrat","C.9 Tubewells / Hand Pumps w/ Drainage Pit qty avail Total","[]",498,0,5,"0 493; 2 2; 3 1"
"cd_c","twdrasc","C.9 Tubewells / Hand Pumps w/ Drainage Pit qty avail SC","[]",498,0,3,"0 496; 1 1; 5 1"
"cd_c","twdrast","C.9 Tubewells / Hand Pumps w/ Drainage Pit qty avail ST","[]",498,0,2,"0 497; 1 1; NA 0"
"cd_c","twdram","C.9 Tubewells / Hand Pumps w/ Drainage Pit qty avail Min","[]",498,0,3,"0 496; 1 1; 2 1"
"cd_c","twdracm","C.9 Tubewells / Hand Pumps w/ Drainage Pit qty avail Common","[]",498,0,1,"0 498; NA 0"
"cd_c","twdrrt","C.9 Tubewells / Hand Pumps w/ Drainage Pit qty Rep Total","[]",498,0,3,"0 496; 2 1; 8 1"
"cd_c","twdrrsc","C.9 Tubewells / Hand Pumps w/ Drainage Pit qty Rep SC","[]",498,0,2,"0 497; 5 1; NA 0"
"cd_c","twdrrst","C.9 Tubewells / Hand Pumps w/ Drainage Pit qty Rep ST","[]",498,0,2,"0 497; 1 1; NA 0"
"cd_c","twdrrm","C.9 Tubewells / Hand Pumps w/ Drainage Pit qty Rep Min","[]",498,0,1,"0 498; NA 0"
"cd_c","twdrrcm","C.9 Tubewells / Hand Pumps w/ Drainage Pit qty Rep Common","[]",498,0,1,"0 498; NA 0"
"cd_c","twdrbt","C.9 Tubewells / Hand Pumps w/ Drainage Pit qty Built Total","[]",498,0,4,"0 494; 1 2; 2 1"
"cd_c","twdrbsc","C.9 Tubewells / Hand Pumps w/ Drainage Pit qty Built SC","[]",498,0,2,"0 496; 1 2; NA 0"
"cd_c","twdrbst","C.9 Tubewells / Hand Pumps w/ Drainage Pit qty Built ST","[]",498,0,1,"0 498; NA 0"
"cd_c","twdrbm","C.9 Tubewells / Hand Pumps w/ Drainage Pit qty Built Min","[]",498,0,2,"0 497; 2 1; NA 0"
"cd_c","twdrbcm","C.9 Tubewells / Hand Pumps w/ Drainage Pit qty Built Common","[]",498,0,1,"0 498; NA 0"
"cd_c","sskat","C.10 SSK qty avail Total","[]",498,0,3,"0 447; 1 46; 2 5"
"cd_c","sskasc","C.10 SSK qty avail SC","[]",498,0,2,"0 482; 1 16; NA 0"
"cd_c","sskast","C.10 SSK qty avail ST","[]",498,0,3,"0 485; 1 12; 2 1"
"cd_c","sskam","C.10 SSK qty avail Min","[]",498,0,3,"0 481; 1 16; 2 1"
"cd_c","sskacm","C.10 SSK qty avail Common","[]",498,0,2,"0 491; 1 7; NA 0"
"cd_c","sskrt","C.10 SSK qty Rep Total","[]",498,0,2,"0 491; 1 7; NA 0"
"cd_c","sskrsc","C.10 SSK qty Rep SC","[]",498,0,2,"0 495; 1 3; NA 0"
"cd_c","sskrst","C.10 SSK qty Rep ST","[]",498,0,2,"0 497; 1 1; NA 0"
"cd_c","sskrm","C.10 SSK qty Rep Min","[]",498,0,2,"0 497; 1 1; NA 0"
"cd_c","sskrcm","C.10 SSK qty Rep Common","[]",498,0,2,"0 496; 1 2; NA 0"
"cd_c","sskbt","C.10 SSK qty Built Total","[]",498,0,3,"0 457; 1 37; 2 4"
"cd_c","sskbsc","C.10 SSK qty Built SC","[]",498,0,2,"0 484; 1 14; NA 0"
"cd_c","sskbst","C.10 SSK qty Built ST","[]",498,0,3,"0 489; 1 8; 2 1"
"cd_c","sskbm","C.10 SSK qty Built Min","[]",498,0,3,"0 482; 1 15; 2 1"
"cd_c","sskbcm","C.10 SSK qty Built Common","[]",498,0,2,"0 495; 1 3; NA 0"
"cd_c","awat"," C.11 Anganwadi (ICDS) qty avail Total","[]",498,0,10,"1 272; 0 96; 2 82"
"cd_c","awasc"," C.11 Anganwadi (ICDS) qty avail SC","[]",498,0,5,"0 311; 1 157; 2 23"
"cd_c","awast"," C.11 Anganwadi (ICDS) qty avail ST","[]",498,0,3,"0 434; 1 59; 2 5"
"cd_c","awam"," C.11 Anganwadi (ICDS) qty avail Min","[]",498,0,6,"0 402; 1 67; 2 23"
"cd_c","awacm"," C.11 Anganwadi (ICDS) qty avail Common","[]",498,0,7,"0 404; 1 79; 2 10"
"cd_c","awrt"," C.11 Anganwadi (ICDS) qty Rep Total","[]",498,0,4,"0 469; 1 25; 2 3"
"cd_c","awrsc"," C.11 Anganwadi (ICDS) qty Rep SC","[]",498,0,3,"0 488; 1 9; 2 1"
"cd_c","awrst"," C.11 Anganwadi (ICDS) qty Rep ST","[]",498,0,3,"0 492; 1 5; 2 1"
"cd_c","awrm"," C.11 Anganwadi (ICDS) qty Rep Min","[]",498,0,2,"0 495; 1 3; NA 0"
"cd_c","awrcm"," C.11 Anganwadi (ICDS) qty Rep Common","[]",498,0,3,"0 489; 1 8; 2 1"
"cd_c","awbt"," C.11 Anganwadi (ICDS) qty Built Total","[]",498,0,6,"0 443; 1 36; 2 11"
"cd_c","awbsc"," C.11 Anganwadi (ICDS) qty Built SC","[]",498,0,3,"0 474; 1 19; 2 5"
"cd_c","awbst"," C.11 Anganwadi (ICDS) qty Built ST","[]",498,0,2,"0 491; 1 7; NA 0"
"cd_c","awbm"," C.11 Anganwadi (ICDS) qty Built Min","[]",498,0,4,"0 478; 1 13; 2 6"
"cd_c","awbcm"," C.11 Anganwadi (ICDS) qty Built Common","[]",498,0,5,"0 487; 1 7; 2 2"
"cd_c","pspuat"," C.12 Primary Schools w/ Pucca Building qty avail Total","[]",498,0,8,"1 285; 0 138; 2 49"
"cd_c","pspuasc"," C.12 Primary Schools w/ Pucca Building qty avail SC","[]",498,0,4,"0 392; 1 102; 2 2"
"cd_c","pspuast"," C.12 Primary Schools w/ Pucca Building qty avail ST","[]",498,0,4,"0 450; 1 42; 3 4"
"cd_c","pspuam"," C.12 Primary Schools w/ Pucca Building qty avail Min","[]",498,0,4,"0 417; 1 76; 2 4"
"cd_c","pspuacm"," C.12 Primary Schools w/ Pucca Building qty avail Common","[]",498,0,6,"0 378; 1 105; 2 10"
"cd_c","pspurt"," C.12 Primary Schools w/ Pucca Building qty Rep Total","[]",498,0,5,"0 333; 1 136; 2 23"
"cd_c","pspursc"," C.12 Primary Schools w/ Pucca Building qty Rep SC","[]",498,0,3,"0 456; 1 41; 2 1"
"cd_c","pspurst"," C.12 Primary Schools w/ Pucca Building qty Rep ST","[]",498,0,3,"0 477; 1 19; 2 2"
"cd_c","pspurm"," C.12 Primary Schools w/ Pucca Building qty Rep Min","[]",498,0,4,"0 459; 1 37; 2 1"
"cd_c","pspurcm"," C.12 Primary Schools w/ Pucca Building qty Rep Common","[]",498,0,3,"0 441; 1 54; 2 3"
"cd_c","pspubt"," C.12 Primary Schools w/ Pucca Building qty Built Total","[]",498,0,3,"0 468; 1 27; 2 3"
"cd_c","pspubsc"," C.12 Primary Schools w/ Pucca Building qty Built SC","[]",498,0,2,"0 488; 1 10; NA 0"
"cd_c","pspubst"," C.12 Primary Schools w/ Pucca Building qty Built ST","[]",498,0,2,"0 496; 1 2; NA 0"
"cd_c","pspubm"," C.12 Primary Schools w/ Pucca Building qty Built Min","[]",498,0,2,"0 493; 1 5; NA 0"
"cd_c","pspubcm"," C.12 Primary Schools w/ Pucca Building qty Built Common","[]",498,0,3,"0 490; 1 7; 2 1"
"cd_c","pskuat"," C.13 Primary Schools w/ Kutcha Building qty avail Total","[]",498,0,5,"0 410; 1 77; 2 9"
"cd_c","pskuasc"," C.13 Primary Schools w/ Kutcha Building qty avail SC","[]",498,0,3,"0 469; 1 28; 2 1"
"cd_c","pskuast"," C.13 Primary Schools w/ Kutcha Building qty avail ST","[]",498,0,2,"0 489; 1 9; NA 0"
"cd_c","pskuam"," C.13 Primary Schools w/ Kutcha Building qty avail Min","[]",498,0,3,"0 484; 1 13; 3 1"
"cd_c","pskuacm"," C.13 Primary Schools w/ Kutcha Building qty avail Common","[]",498,0,3,"0 466; 1 30; 2 2"
"cd_c","pskurt"," C.13 Primary Schools w/ Kutcha Building qty Rep Total","[]",498,0,5,"0 463; 1 32; 2 1"
"cd_c","pskursc"," C.13 Primary Schools w/ Kutcha Building qty Rep SC","[]",498,0,2,"0 482; 1 16; NA 0"
"cd_c","pskurst"," C.13 Primary Schools w/ Kutcha Building qty Rep ST","[]",498,0,2,"0 495; 1 3; NA 0"
"cd_c","pskurm"," C.13 Primary Schools w/ Kutcha Building qty Rep Min","[]",498,0,3,"0 492; 1 5; 3 1"
"cd_c","pskurcm"," C.13 Primary Schools w/ Kutcha Building qty Rep Common","[]",498,0,2,"0 491; 1 7; NA 0"
"cd_c","pskubt"," C.13 Primary Schools w/ Kutcha Building qty Built Total","[]",498,0,3,"0 495; 1 2; 2 1"
"cd_c","pskubsc"," C.13 Primary Schools w/ Kutcha Building qty Built SC","[]",498,0,2,"0 497; 1 1; NA 0"
"cd_c","pskubst"," C.13 Primary Schools w/ Kutcha Building qty Built ST","[]",498,0,1,"0 498; NA 0"
"cd_c","pskubm"," C.13 Primary Schools w/ Kutcha Building qty Built Min","[]",498,0,1,"0 498; NA 0"
"cd_c","pskubcm"," C.13 Primary Schools w/ Kutcha Building qty Built Common","[]",498,0,1,"0 498; NA 0"
"cd_c","psnbat"," C.14 Primary Schools w/o Building qty avail Total","[]",498,0,2,"0 481; 1 17; NA 0"
"cd_c","psnbasc"," C.14 Primary Schools w/o Building qty avail SC","[]",498,0,2,"0 491; 1 7; NA 0"
"cd_c","psnbast"," C.14 Primary Schools w/o Building qty avail ST","[]",498,0,1,"0 498; NA 0"
"cd_c","psnbam"," C.14 Primary Schools w/o Building qty avail Min","[]",498,0,2,"0 496; 1 2; NA 0"
"cd_c","psnbacm"," C.14 Primary Schools w/o Building qty avail Common","[]",498,0,2,"0 496; 1 2; NA 0"
"cd_c","psnbrt"," C.14 Primary Schools w/o Building qty Rep Total","[]",498,0,2,"0 495; 1 3; NA 0"
"cd_c","psnbrsc"," C.14 Primary Schools w/o Building qty Rep SC","[]",498,0,2,"0 496; 1 2; NA 0"
"cd_c","psnbrst"," C.14 Primary Schools w/o Building qty Rep ST","[]",498,0,1,"0 498; NA 0"
"cd_c","psnbrm"," C.14 Primary Schools w/o Building qty Rep Min","[]",498,0,1,"0 498; NA 0"
"cd_c","psnbrcm"," C.14 Primary Schools w/o Building qty Rep Common","[]",498,0,1,"0 498; NA 0"
"cd_c","psnbbt"," C.14 Primary Schools w/o Building qty Built Total","[]",498,0,2,"0 492; 1 6; NA 0"
"cd_c","psnbbsc"," C.14 Primary Schools w/o Building qty Built SC","[]",498,0,2,"0 496; 1 2; NA 0"
"cd_c","psnbbst"," C.14 Primary Schools w/o Building qty Built ST","[]",498,0,1,"0 498; NA 0"
"cd_c","psnbbm"," C.14 Primary Schools w/o Building qty Built Min","[]",498,0,2,"0 497; 1 1; NA 0"
"cd_c","psnbbcm"," C.14 Primary Schools w/o Building qty Built Common","[]",498,0,1,"0 498; NA 0"
"cd_c","secsat"," C.15 Secondary Schools qty avail Total","[]",498,0,3,"0 425; 1 69; 2 4"
"cd_c","secsasc"," C.15 Secondary Schools qty avail SC","[]",498,0,2,"0 491; 1 7; NA 0"
"cd_c","secsast"," C.15 Secondary Schools qty avail ST","[]",498,0,2,"0 496; 1 2; NA 0"
"cd_c","secsam"," C.15 Secondary Schools qty avail Min","[]",498,0,2,"0 486; 1 12; NA 0"
"cd_c","secsacm"," C.15 Secondary Schools qty avail Common","[]",498,0,3,"0 457; 1 40; 2 1"
"cd_c","secsrt"," C.15 Secondary Schools qty Rep Total","[]",498,0,3,"0 451; 1 43; 2 4"
"cd_c","secsrsc"," C.15 Secondary Schools qty Rep SC","[]",498,0,2,"0 494; 1 4; NA 0"
"cd_c","secsrst"," C.15 Secondary Schools qty Rep ST","[]",498,0,2,"0 497; 1 1; NA 0"
"cd_c","secsrm"," C.15 Secondary Schools qty Rep Min","[]",498,0,2,"0 490; 1 8; NA 0"
"cd_c","secsrcm"," C.15 Secondary Schools qty Rep Common","[]",498,0,3,"0 473; 1 24; 2 1"
"cd_c","secsbt"," C.15 Secondary Schools qty Built Total","[]",498,0,2,"0 494; 1 4; NA 0"
"cd_c","secsbsc"," C.15 Secondary Schools qty Built SC","[]",498,0,1,"0 498; NA 0"
"cd_c","secsbst"," C.15 Secondary Schools qty Built ST","[]",498,0,1,"0 498; NA 0"
"cd_c","secsbm"," C.15 Secondary Schools qty Built Min","[]",498,0,2,"0 497; 1 1; NA 0"
"cd_c","secsbcm"," C.15 Secondary Schools qty Built Common","[]",498,0,1,"0 498; NA 0"
"cd_c","libat"," C.16a Library qty avail Total","[]",498,0,3,"0 444; 1 53; 2 1"
"cd_c","libasc"," C.16a Library qty avail SC","[]",498,0,2,"0 486; 1 12; NA 0"
"cd_c","libast"," C.16a Library qty avail ST","[]",498,0,2,"0 497; 1 1; NA 0"
"cd_c","libam"," C.16a Library qty avail Min","[]",498,0,2,"0 489; 1 9; NA 0"
"cd_c","libacm"," C.16a Library qty avail Common","[]",498,0,2,"0 482; 1 16; NA 0"
"cd_c","librt"," C.16a Library qty Rep Total","[]",498,0,2,"0 483; 1 15; NA 0"
"cd_c","librsc"," C.16a Library qty Rep SC","[]",498,0,2,"0 494; 1 4; NA 0"
"cd_c","librst"," C.16a Library qty Rep ST","[]",498,0,1,"0 498; NA 0"
"cd_c","librm"," C.16a Library qty Rep Min","[]",498,0,2,"0 495; 1 3; NA 0"
"cd_c","librcm"," C.16a Library qty Rep Common","[]",498,0,2,"0 493; 1 5; NA 0"
"cd_c","libbt"," C.16a Library qty Built Total","[]",498,0,2,"0 495; 1 3; NA 0"
"cd_c","libbsc"," C.16a Library qty Built SC","[]",498,0,2,"0 497; 1 1; NA 0"
"cd_c","libbst"," C.16a Library qty Built ST","[]",498,0,1,"0 498; NA 0"
"cd_c","libbm"," C.16a Library qty Built Min","[]",498,0,1,"0 498; NA 0"
"cd_c","libbcm"," C.16a Library qty Built Common","[]",498,0,2,"0 497; 1 1; NA 0"
"cd_c","cecat"," C.16b CE center / CE Library qty avail Total","[]",498,0,6,"0 414; 1 57; 2 17"
"cd_c","cecasc"," C.16b CE center / CE Library qty avail SC","[]",498,0,4,"0 445; 1 44; 2 8"
"cd_c","cecast"," C.16b CE center / CE Library qty avail ST","[]",498,0,3,"0 488; 1 9; 2 1"
"cd_c","cecam"," C.16b CE center / CE Library qty avail Min","[]",498,0,4,"0 475; 1 20; 2 2"
"cd_c","cecacm"," C.16b CE center / CE Library qty avail Common","[]",498,0,3,"0 485; 1 12; 2 1"
"cd_c","cecrt"," C.16b CE center / CE Library qty Rep Total","[]",498,0,2,"0 490; 1 8; NA 0"
"cd_c","cecrsc"," C.16b CE center / CE Library qty Rep SC","[]",498,0,2,"0 493; 1 5; NA 0"
"cd_c","cecrst"," C.16b CE center / CE Library qty Rep ST","[]",498,0,2,"0 497; 1 1; NA 0"
"cd_c","cecrm"," C.16b CE center / CE Library qty Rep Min","[]",498,0,2,"0 497; 1 1; NA 0"
"cd_c","cecrcm"," C.16b CE center / CE Library qty Rep Common","[]",498,0,1,"0 498; NA 0"
"cd_c","cecbt"," C.16b CE center / CE Library qty Built Total","[]",498,0,4,"0 479; 1 16; 2 2"
"cd_c","cecbsc"," C.16b CE center / CE Library qty Built SC","[]",498,0,3,"0 489; 1 8; 2 1"
"cd_c","cecbst"," C.16b CE center / CE Library qty Built ST","[]",498,0,2,"0 495; 1 3; NA 0"
"cd_c","cecbm"," C.16b CE center / CE Library qty Built Min","[]",498,0,3,"0 495; 1 2; 2 1"
"cd_c","cecbcm"," C.16b CE center / CE Library qty Built Common","[]",498,0,3,"0 494; 1 3; 2 1"
"cd_c","phcat"," C.17 PHC qty avail Total","[]",498,0,3,"0 474; 1 23; 2 1"
"cd_c","phcasc"," C.17 PHC qty avail SC","[]",498,0,2,"0 494; 1 4; NA 0"
"cd_c","phcast"," C.17 PHC qty avail ST","[]",498,0,1,"0 498; NA 0"
"cd_c","phcam"," C.17 PHC qty avail Min","[]",498,0,3,"0 492; 1 5; 2 1"
"cd_c","phcacm"," C.17 PHC qty avail Common","[]",498,0,2,"0 486; 1 12; NA 0"
"cd_c","phcrt"," C.17 PHC qty Rep Total","[]",498,0,2,"0 493; 1 5; NA 0"
"cd_c","phcrsc"," C.17 PHC qty Rep SC","[]",498,0,2,"0 497; 1 1; NA 0"
"cd_c","phcrst"," C.17 PHC qty Rep ST","[]",498,0,1,"0 498; NA 0"
"cd_c","phcrm"," C.17 PHC qty Rep Min","[]",498,0,2,"0 497; 1 1; NA 0"
"cd_c","phcrcm"," C.17 PHC qty Rep Common","[]",498,0,2,"0 496; 1 2; NA 0"
"cd_c","phcbt"," C.17 PHC qty Built Total","[]",498,0,1,"0 498; NA 0"
"cd_c","phcbsc"," C.17 PHC qty Built SC","[]",498,0,1,"0 498; NA 0"
"cd_c","phcbst"," C.17 PHC qty Built ST","[]",498,0,1,"0 498; NA 0"
"cd_c","phcbm"," C.17 PHC qty Built Min","[]",498,0,1,"0 498; NA 0"
"cd_c","phcbcm"," C.17 PHC qty Built Common","[]",498,0,1,"0 498; NA 0"
"cd_c","hscat"," C.18 Health Sub-center / Sundiary Center qty avail Total","[]",498,0,4,"0 411; 1 85; 2 1"
"cd_c","hscasc"," C.18 Health Sub-center / Sundiary Center qty avail SC","[]",498,0,2,"0 475; 1 23; NA 0"
"cd_c","hscast"," C.18 Health Sub-center / Sundiary Center qty avail ST","[]",498,0,3,"0 492; 1 5; 2 1"
"cd_c","hscam"," C.18 Health Sub-center / Sundiary Center qty avail Min","[]",498,0,2,"0 482; 1 16; NA 0"
"cd_c","hscacm"," C.18 Health Sub-center / Sundiary Center qty avail Common","[]",498,0,3,"0 470; 1 27; 2 1"
"cd_c","hscrt"," C.18 Health Sub-center / Sundiary Center qty Rep Total","[]",498,0,2,"0 494; 1 4; NA 0"
"cd_c","hscrsc"," C.18 Health Sub-center / Sundiary Center qty Rep SC","[]",498,0,2,"0 496; 1 2; NA 0"
"cd_c","hscrst"," C.18 Health Sub-center / Sundiary Center qty Rep ST","[]",498,0,1,"0 498; NA 0"
"cd_c","hscrm"," C.18 Health Sub-center / Sundiary Center qty Rep Min","[]",498,0,2,"0 497; 1 1; NA 0"
"cd_c","hscrcm"," C.18 Health Sub-center / Sundiary Center qty Rep Common","[]",498,0,2,"0 497; 1 1; NA 0"
"cd_c","hscbt"," C.18 Health Sub-center / Sundiary Center qty Built Total","[]",498,0,1,"0 498; NA 0"
"cd_c","hscbsc"," C.18 Health Sub-center / Sundiary Center qty Built SC","[]",498,0,1,"0 498; NA 0"
"cd_c","hscbst"," C.18 Health Sub-center / Sundiary Center qty Built ST","[]",498,0,1,"0 498; NA 0"
"cd_c","hscbm"," C.18 Health Sub-center / Sundiary Center qty Built Min","[]",498,0,1,"0 498; NA 0"
"cd_c","hscbcm"," C.18 Health Sub-center / Sundiary Center qty Built Common","[]",498,0,1,"0 498; NA 0"
"cd_c","tdaiat"," C.19 Trained DAIs qty avail Total","[]",498,0,8,"0 357; 1 87; 2 34"
"cd_c","tdaiasc"," C.19 Trained DAIs qty avail SC","[]",498,0,8,"0 373; 1 74; 2 32"
"cd_c","tdaiast"," C.19 Trained DAIs qty avail ST","[]",498,0,2,"0 496; 1 2; NA 0"
"cd_c","tdaiam"," C.19 Trained DAIs qty avail Min","[]",498,0,3,"0 487; 1 8; 2 3"
"cd_c","tdaiacm"," C.19 Trained DAIs qty avail Common","[]",498,0,1,"0 498; NA 0"
"cd_c","tdaibt"," C.19 Trained DAIs qty Built Total","[]",498,0,5,"0 490; 1 3; 2 3"
"cd_c","tdaibsc"," C.19 Trained DAIs qty Built SC","[]",498,0,5,"0 490; 1 3; 2 3"
"cd_c","tdaibst"," C.19 Trained DAIs qty Built ST","[]",498,0,1,"0 498; NA 0"
"cd_c","tdaibm"," C.19 Trained DAIs qty Built Min","[]",498,0,1,"0 498; NA 0"
"cd_c","tdaibcm"," C.19 Trained DAIs qty Built Common","[]",498,0,1,"0 498; NA 0"
"cd_c","udaiat"," C.20 Untrained DAIs qty avail Total","[]",498,0,15,"0 281; 1 65; 2 55"
"cd_c","udaiasc"," C.20 Untrained DAIs qty avail SC","[]",498,0,15,"0 318; 1 53; 2 49"
"cd_c","udaiast"," C.20 Untrained DAIs qty avail ST","[]",498,0,5,"0 476; 1 9; 2 8"
"cd_c","udaiam"," C.20 Untrained DAIs qty avail Min","[]",498,0,6,"0 482; 1 6; 3 4"
"cd_c","udaiacm"," C.20 Untrained DAIs qty avail Common","[]",498,0,1,"0 498; NA 0"
"cd_c","udaibt"," C.20 Untrained DAIs qty Built Total","[]",498,0,6,"0 489; 3 3; 1 2"
"cd_c","udaibsc"," C.20 Untrained DAIs qty Built SC","[]",498,0,5,"0 491; 1 2; 2 2"
"cd_c","udaibst"," C.20 Untrained DAIs qty Built ST","[]",498,0,2,"0 497; 1 1; NA 0"
"cd_c","udaibm"," C.20 Untrained DAIs qty Built Min","[]",498,0,4,"0 495; 1 1; 2 1"
"cd_c","udaibcm"," C.20 Untrained DAIs qty Built Common","[]",498,0,1,"0 498; NA 0"
"cd_c","hwat"," C.21 Health Worker qty avail Total","[]",498,0,7,"0 345; 1 91; 2 38"
"cd_c","hwasc"," C.21 Health Worker qty avail SC","[]",498,0,4,"0 460; 1 28; 2 8"
"cd_c","hwast"," C.21 Health Worker qty avail ST","[]",498,0,2,"0 496; 1 2; NA 0"
"cd_c","hwam"," C.21 Health Worker qty avail Min","[]",498,0,5,"0 462; 1 23; 2 9"
"cd_c","hwacm"," C.21 Health Worker qty avail Common","[]",498,0,3,"0 487; 1 8; 2 3"
"cd_c","hwbt"," C.21 Health Worker qty Built Total","[]",498,0,3,"0 496; 2 1; 3 1"
"cd_c","hwbsc"," C.21 Health Worker qty Built SC","[]",498,0,1,"0 498; NA 0"
"cd_c","hwbst"," C.21 Health Worker qty Built ST","[]",498,0,1,"0 498; NA 0"
"cd_c","hwbm"," C.21 Health Worker qty Built Min","[]",498,0,3,"0 496; 2 1; 3 1"
"cd_c","hwbcm"," C.21 Health Worker qty Built Common","[]",498,0,1,"0 498; NA 0"
"cd_c","dcprat"," C.22 Private Doctor qty avail Total","[]",498,0,8,"0 382; 1 74; 2 27"
"cd_c","dcprasc"," C.22 Private Doctor qty avail SC","[]",498,0,5,"0 482; 1 13; 2 1"
"cd_c","dcprast"," C.22 Private Doctor qty avail ST","[]",498,0,2,"0 497; 1 1; NA 0"
"cd_c","dcpram"," C.22 Private Doctor qty avail Min","[]",498,0,5,"0 470; 1 18; 2 6"
"cd_c","dcpracm"," C.22 Private Doctor qty avail Common","[]",498,0,3,"0 486; 1 8; 2 4"
"cd_c","dcprbt"," C.22 Private Doctor qty Built Total","[]",498,0,2,"0 496; 1 2; NA 0"
"cd_c","dcprbsc"," C.22 Private Doctor qty Built SC","[]",498,0,1,"0 498; NA 0"
"cd_c","dcprbst"," C.22 Private Doctor qty Built ST","[]",498,0,1,"0 498; NA 0"
"cd_c","dcprbm"," C.22 Private Doctor qty Built Min","[]",498,0,1,"0 498; NA 0"
"cd_c","dcprbcm"," C.22 Private Doctor qty Built Common","[]",498,0,1,"0 498; NA 0"
"cd_d","gpnum","   gp serial number","[]",498,0,166,"1 3; 10 3; 100 3"
"cd_d","villnum","   Mouza sl No.","[]",498,0,3,"1 166; 2 166; 3 166"
"cd_d","villname","   Name of Mouza","[]",498,0,464," 15; JAMNA 3; KALIKAPUR 3"
"cd_d","jlnum","   JL no.","[]",498,16,197,"NA 16; 40 8; 11 7"
"cd_d","blckp","   Block","[]",498,0,19,"MAHAMMADBAZAR 36; SAINTHIA 36; LABHPUR 33"
"cd_d","dubdiv","   Sub-division","[]",498,0,3,"RAMPURHAT 192; SURI 186; BOLPUR 120"
"cd_d","invest","   Investigator","[]",498,0,12,"BARUN SAMANTA 84; SOUVIK ROY 82; RAGHUNATH ROY 72"
"cd_d","keypunch","   Tabulated by","[]",498,0,4,"RINA 358; DEV 123;  15"
"cd_d","vphc","   D.1.1a  Whether the Mouza have a PHC","[]",498,15,2,"2 458; 1 25; NA 15"
"cd_d","gphcb","   D.1.1b  No. of Beds in the PHC","[]",498,475,5,"NA 475; 0 11; 10 4"
"cd_d","vphcd","   D.1.2a  No. of Doctors in the PHC","[]",498,475,5,"NA 475; 1 12; 2 5"
"cd_d","vphcd98","   D.1.2b  No. added since 1998","[]",498,475,4,"NA 475; 0 18; 1 3"
"cd_d","vphca","   D.1.3a  No. of Nurses/ ANMs in the PHC","[]",498,475,6,"NA 475; 2 8; 0 4"
"cd_d","bphca98","   D.1.3b  No. added since 1998","[]",498,475,3,"NA 475; 0 16; 1 5"
"cd_d","vphcdis","   D.1.4   Distance of the Nearest PHC","[]",498,37,20,"2 67; 3 65; 5 64"
"cd_d","vhsub","   D.1.5   Is there a Health Sub-center in the village","[]",498,15,2,"2 410; 1 73; NA 15"
"cd_d","vhsc","   D.1.6   Is there a Health Subsidiary center in the village","[]",498,15,2,"2 467; 1 16; NA 15"
"cd_d","vhscd","   D.1.7a  No. of Doctors in Sub / Subsidiary Center","[]",498,410,4,"NA 410; 0 68; 1 15"
"cd_d","vhscd98","   D.1.7b  No. added since 1998","[]",498,412,3,"NA 412; 0 82; 1 2"
"cd_d","vhsca","   D.1.8a  No. of ANMs in Sub / Subsidiary Center","[]",498,410,6,"NA 410; 1 43; 0 37"
"cd_d","vhsca98","   D.1.8b  No. added since 1998","[]",498,410,4,"NA 410; 0 82; 1 4"
"cd_d","vhschw","   D.1.9a  No. of Health Workers in Sub / Subsidiary Center","[]",498,409,7,"NA 409; 2 39; 1 31"
"cd_d","vhschw98","   D.1.9b  No. added since 1998","[]",498,409,3,"NA 409; 0 84; 1 4"
"cd_d","vhscs1","   D.1.10  Services visit hsc: Examine sick people (1)","[]",498,409,2,"NA 409; 2 52; 1 37"
"cd_d","vhscs2","   D.1.10  Services visit hsc: Write Prescription (2)","[]",498,409,2,"NA 409; 2 79; 1 10"
"cd_d","vhscs3","   D.1.10  Services visit hsc: Immunize children (3)","[]",498,409,2,"NA 409; 1 81; 2 8"
"cd_d","vhscs4","   D.1.10  Services visit hsc: Give injections (4)","[]",498,409,2,"NA 409; 1 75; 2 14"
"cd_d","vhscs5","   D.1.10  Services visit hsc: Give vitamins (5)","[]",498,409,2,"NA 409; 1 70; 2 19"
"cd_d","vhscs6","   D.1.10  Services visit hsc: Provide contraceptives (6)","[]",498,409,2,"NA 409; 1 73; 2 16"
"cd_d","vhscs7","   D.1.10  Services visit hsc: Weight children (7)","[]",498,409,2,"NA 409; 1 47; 2 42"
"cd_d","vhscs8","   D.1.10  Services visit hsc: Measure BP (8)","[]",498,409,2,"NA 409; 2 76; 1 13"
"cd_d","vhscs9","   D.1.10  Services visit hsc: Examine teeth (9)","[]",498,409,2,"NA 409; 2 87; 1 2"
"cd_d","vhscs10","   D.1.10  Services visit hsc: Examine eye (10)","[]",498,409,2,"NA 409; 2 87; 1 2"
"cd_d","vhscs11","   D.1.10  Services visit hsc: Pre-natal care (11)","[]",498,409,2,"NA 409; 1 80; 2 9"
"cd_d","vhscs12","   D.1.10  Services visit hsc: Post-natal care (12)","[]",498,409,2,"NA 409; 1 77; 2 12"
"cd_d","vhscs13","   D.1.10  Services visit hsc: Sterilization camp for women (13)","[]",498,409,2,"NA 409; 2 59; 1 30"
"cd_d","vhscs14","   D.1.10  Services visit hsc: Sterilization camp for men (14)","[]",498,409,3,"NA 409; 2 68; 1 20"
"cd_d","vhscs15","   D.1.10  Services visit hsc: Advice on AIDS (15)","[]",498,409,2,"NA 409; 2 46; 1 43"
"cd_d","vhscs16","   D.1.10  Services visit hsc: Advice on Leprocy (16)","[]",498,409,2,"NA 409; 1 63; 2 26"
"cd_d","vhscs17","   D.1.10  Services visit hsc: Advice on Malaria (17)","[]",498,409,2,"NA 409; 1 62; 2 27"
"cd_d","vhscs18","   D.1.10  Services visit hsc: Others (18)","[]",498,0,6," 492; ADVICE ON ENTRIC & FILERIA 2; ADVICE ON DIORIHA 1"
"cd_d","vdocv","   D.1.11a Do out reach Doctors visits the village","[]",498,15,2,"2 453; 1 30; NA 15"
"cd_d","vdocvn","   D.1.11b No. of visits in las t6 months","[]",498,468,16,"NA 468; 24 7; 2 5"
"cd_d","vdocvs1","   D.1.11c Services visit doc: Examine sick people (1)","[]",498,467,2,"NA 467; 1 25; 2 6"
"cd_d","vdocvs2","   D.1.11c Services visit doc: Write Prescription (2)","[]",498,467,2,"NA 467; 1 24; 2 7"
"cd_d","vdocvs3","   D.1.11c Services visit doc: Immunize children (3)","[]",498,467,2,"NA 467; 2 19; 1 12"
"cd_d","vdocvs4","   D.1.11c Services visit doc: Give injections (4)","[]",498,467,2,"NA 467; 1 25; 2 6"
"cd_d","vdocvs5","   D.1.11c Services visit doc: Give vitamins (5)","[]",498,467,2,"NA 467; 2 18; 1 13"
"cd_d","vdocvs6","   D.1.11c Services visit doc: Provide contraceptives (6)","[]",498,467,2,"NA 467; 2 23; 1 8"
"cd_d","vdocvs7","   D.1.11c Services visit doc: Weight children (7)","[]",498,467,2,"NA 467; 2 22; 1 9"
"cd_d","vdocvs8","   D.1.11c Services visit doc: Measure BP (8)","[]",498,467,2,"NA 467; 2 17; 1 14"
"cd_d","vdocvs9","   D.1.11c Services visit doc: Examine teeth (9)","[]",498,467,2,"NA 467; 2 19; 1 12"
"cd_d","vdocvs10","   D.1.11c Services visit doc: Examine eye (10)","[]",498,467,2,"NA 467; 2 18; 1 13"
"cd_d","vdocvs11","   D.1.11c Services visit doc: Pre-natal care (11)","[]",498,467,2,"NA 467; 2 17; 1 14"
"cd_d","vdocvs12","   D.1.11c Services visit doc: Post-natal care (12)","[]",498,467,2,"NA 467; 2 18; 1 13"
"cd_d","vdocvs13","   D.1.11c Services visit doc: Sterilization camp for women (13)","[]",498,467,2,"NA 467; 2 28; 1 3"
"cd_d","vdocvs14","   D.1.11c Services visit doc: Sterilization camp for men (14)","[]",498,467,2,"NA 467; 2 28; 1 3"
"cd_d","vdocvs15","   D.1.11c Services visit doc: Advice on AIDS (15)","[]",498,467,2,"NA 467; 2 26; 1 5"
"cd_d","vdocvs16","   D.1.11c Services visit doc: Advice on Leprocy (16)","[]",498,467,2,"NA 467; 2 20; 1 11"
"cd_d","vdocvs17","   D.1.11c Services visit doc: Advice on Malaria (17)","[]",498,467,2,"NA 467; 2 25; 1 6"
"cd_d","vhwv","   D.12a   Do reach out health workers visit village","[]",498,15,2,"1 390; 2 93; NA 15"
"cd_d","vhwvn","   D.12b   No. of visits in las t6 months","[]",498,107,24,"NA 107; 6 103; 24 82"
"cd_d","vhwvs1","   D.1.12.c    Services visit hw: Examine sick people (1)","[]",498,107,2,"2 294; NA 107; 1 97"
"cd_d","vhwvs2","   D.1.12.c    Services visit hw: Write Prescription (2)","[]",498,107,2,"2 379; NA 107; 1 12"
"cd_d","vhwvs3","   D.1.12.c    Services visit hw: Immunize children (3)","[]",498,107,2,"1 321; NA 107; 2 70"
"cd_d","vhwvs4","   D.1.12.c    Services visit hw: Give injections (4)","[]",498,107,2,"1 269; 2 122; NA 107"
"cd_d","vhwvs5","   D.1.12.c    Services visit hw: Give vitamins (5)","[]",498,107,2,"1 291; NA 107; 2 100"
"cd_d","vhwvs6","   D.1.12.c    Services visit hw: Provide contraceptives (6)","[]",498,107,2,"1 292; NA 107; 2 99"
"cd_d","vhwvs7","   D.1.12.c    Services visit hw: Weight children (7)","[]",498,107,2,"2 266; 1 125; NA 107"
"cd_d","vhwvs8","   D.1.12.c    Services visit hw: Measure BP (8)","[]",498,107,2,"2 365; NA 107; 1 26"
"cd_d","vhwvs9","   D.1.12.c    Services visit hw: Examine teeth (9)","[]",498,107,2,"2 378; NA 107; 1 13"
"cd_d","vhwvs10","   D.1.12.c    Services visit hw: Examine eye (10)","[]",498,107,2,"2 377; NA 107; 1 14"
"cd_d","vhwvs11","   D.1.12.c    Services visit hw: Pre-natal care (11)","[]",498,107,2,"1 336; NA 107; 2 55"
"cd_d","vhwvs12","   D.1.12.c    Services visit hw: Post-natal care (12)","[]",498,107,2,"1 336; NA 107; 2 55"
"cd_d","vhwvs13","   D.1.12.c    Services visit hw: Sterilization camp for women (13)","[]",498,107,2,"2 307; NA 107; 1 84"
"cd_d","vhwvs14","   D.1.12.c    Services visit hw: Sterilization camp for men (14)","[]",498,107,2,"2 340; NA 107; 1 51"
"cd_d","vhwvs15","   D.1.12.c    Services visit hw: Advice on AIDS (15)","[]",498,107,2,"2 276; 1 115; NA 107"
"cd_d","vhwvs16","   D.1.12.c    Services visit hw: Advice on Leprocy (16)","[]",498,107,2,"1 260; 2 131; NA 107"
"cd_d","vhwvs17","   D.1.12.c    Services visit hw: Advice on Malaria (17)","[]",498,107,2,"1 220; 2 171; NA 107"
"cd_d","vhwvs18","   D.1.12.c    Services visit hw: Others (18)","[]",498,0,12," 480; ADVICE ON ENTRIC 8; ADVICE ON ENTRIC, ADVICE ON FILARIA 1"
"cd_d","vtdain","   D.1.13  How many Enlisted DAIs are there in the village","[]",498,15,8,"0 347; 1 84; 2 32"
"cd_d","vudain","   D.1.14  How many Private untrained DAIs are there in the village","[]",498,15,15,"0 269; 1 64; 2 57"
"cd_d","vpnurn","   D.1.15  How many Private Nurses are there in the village","[]",498,15,4,"0 474; NA 15; 1 6"
"cd_d","vpdocn","   D.1.16  How many Private Doctors are there in the village","[]",498,15,8,"0 370; 1 69; 2 28"
"cd_d","vimmu","   D.1.17  Has there been a mass immunization programme in this Mouza since 1998","[]",498,15,2,"2 378; 1 105; NA 15"
"cd_d","vinf2","   D.1.18  information campaign since 1998: Contra-ception","[]",498,15,2,"2 259; 1 224; NA 15"
"cd_d","vinf3","   D.1.18  information campaign since 1998: AIDS / STI","[]",498,15,2,"2 338; 1 145; NA 15"
"cd_d","vinf4","   D.1.18  information campaign since 1998: Immu-nization","[]",498,15,2,"1 266; 2 217; NA 15"
"cd_d","vinf5","   D.1.18  information campaign since 1998: Child Nutrition","[]",498,15,2,"2 304; 1 179; NA 15"
"cd_d","vinf6","   D.1.18  information campaign since 1998: Maternal Health","[]",498,15,2,"2 244; 1 239; NA 15"
"cd_d","vinf7","   D.1.18  information campaign since 1998: Leprocy","[]",498,15,2,"1 313; 2 170; NA 15"
"cd_d","vinf8","   D.1.18  information campaign since 1998: Others","[]",498,0,2," 497; Malaria 1; NA 0"
"cd_d","vpsc","   D.2.1a  Is there a Government Primary School in the village","[]",498,15,2,"1 430; 2 53; NA 15"
"cd_d","vpsctn","   D.2.1b  No. of Teacher","[]",498,17,22,"3 110; 2 109; 4 79"
"cd_d","vpsct98","   D.2.1c  Whether added since 1998","[]",498,15,2,"1 285; 2 198; NA 15"
"cd_d","vvec","   D.2.2a  Is there a Village Education Committee in the Village","[]",498,15,3,"1 424; 2 58; NA 15"
"cd_d","vvecd","   D.2.2b  When was it formed","[]",498,72,12,"1998 158; 1999 157; NA 72"
"cd_d","vvecmn","   D.2.2c  How often did it meet in the last 6 months","[]",498,73,19,"6 165; NA 73; 2 56"
"cd_d","vvecr1","   D.2.2d  Responsibilities-Ensure: Universal enrollment (1)","[]",498,76,2,"1 331; 2 91; NA 76"
"cd_d","vvecr2","   D.2.2d  Responsibilities-Ensure:minimization of dropout (2)","[]",498,76,2,"1 336; 2 86; NA 76"
"cd_d","vvecr3","   D.2.2d  Responsibilities-Ensure:Regular classes (3)","[]",498,76,2,"1 342; 2 80; NA 76"
"cd_d","vvecr4","   D.2.2d  Responsibilities-Ensure:Quality of teaching (4)","[]",498,76,2,"1 321; 2 101; NA 76"
"cd_d","vvecr5","   D.2.2d  Responsibilities-Ensure: take care of infrastructure (5)","[]",498,76,2,"1 329; 2 93; NA 76"
"cd_d","vvecr6","   D.2.2d  Responsibilities-Ensure: Take care of Books (6)","[]",498,76,2,"1 320; 2 102; NA 76"
"cd_d","vpscinf","   D.2.3a  Has the panchayat any say in running of the Primary School","[]",498,15,3,"1 200; 3 154; 2 129"
"cd_d","vscpb1","   D.2.3b  Problems  Primary School: Low enrollment (1)","[]",498,15,3,"2 341; 1 125; 9 17"
"cd_d","vscpb2","   D.2.3b  Problems  Primary School:  Low attendance (2)","[]",498,15,3,"2 296; 1 170; 9 17"
"cd_d","vscpb3","   D.2.3b  Problems  Primary School:  Drop out (3)","[]",498,15,3,"2 238; 1 228; 9 17"
"cd_d","vscpb4","   D.2.3b  Problems  Primary School:  Low teacher turnout (4)","[]",498,15,3,"2 302; 1 164; 9 17"
"cd_d","vscpb5","   D.2.3b  Problems  Primary School:  Low teaching quality (5)","[]",498,15,3,"2 372; 1 94; 9 17"
"cd_d","vscpb6","   D.2.3b  Problems  Primary School:  Teachers involved in Pol. Actv. (6)","[]",498,15,3,"2 386; 1 80; 9 17"
"cd_d","vssk","   D.2.4a  Whether Mouza have a SSK","[]",498,16,2,"2 431; 1 51; NA 16"
"cd_d","vsskn","   D.2.4b  No. of SSK in the Village","[]",498,448,2,"NA 448; 1 45; 2 5"
"cd_d","vsskr1","   D.2.4c  Runner(s) of ssk: Govt (1)","[]",498,448,2,"NA 448; 2 30; 1 20"
"cd_d","vsskr2","   D.2.4c  Runner(s) of ssk: Panchayat (2)","[]",498,448,2,"NA 448; 2 26; 1 24"
"cd_d","vsskr3","   D.2.4c  Runner(s) of ssk: Pry School teachers (3)","[]",498,448,1,"NA 448; 2 50"
"cd_d","vsskr4","   D.2.4c  Runner(s) of ssk: NGO (4)","[]",498,448,2,"NA 448; 2 49; 1 1"
"cd_d","vsskr5","   D.2.4c  Runner(s) of ssk: Villagers (5)","[]",498,448,2,"NA 448; 2 49; 1 1"
"cd_d","vsskr6","   D.2.4c  Runner(s) of ssk: Others (6)","[]",498,0,6," 493; BDO 1; P SAMITY 1"
"cd_d","vsskn98","   D.2.4d  No. Established after 1998","[]",498,449,3,"NA 449; 1 40; 0 5"
"cd_d","vsskmt","   D.2.4e  No. of Teacher: Male (1)","[]",498,450,3,"NA 450; 0 42; 1 5"
"cd_d","vsskft","   D.2.4e  No. of Teacher: Female (1)","[]",498,448,5,"NA 448; 2 33; 1 11"
"cd_d","vsskat","   D.2.4f  No. of Children enrolled","[]",498,448,24,"NA 448; 40 8; 60 7"
"cd_d","vsskfreq","   D.2.4g  Running Frequency","[]",498,448,3,"NA 448; 1 43; 4 5"
"cd_d","vssktime","   D.2.4h  running time","[]",498,448,3,"NA 448; 1 46; 2 2"
"cd_d","vedc","   D.2.5a  Is there a panchayat standing education committee apart from VEC","[]",498,17,2,"2 345; 1 136; NA 17"
"cd_d","vedcnm","   D.2.5b  How often did it meet in the last 6 months","[]",498,359,11,"NA 359; 6 32; 99 18"
"cd_d","vaw","   D.2.6a  Whether Mouza have an Angan Wadi","[]",498,16,2,"1 402; 2 80; NA 16"
"cd_d","vawn","   D.2.6b  No. of Angan Wadi","[]",498,95,10,"1 271; NA 95; 2 84"
"cd_d","vawn98","   D.2.6c  No. added since 1998","[]",498,95,7,"0 341; NA 95; 1 38"
"cd_d","vawat","   D.2.6d  Total no. of Children enrolled","[]",498,95,88,"NA 95; 50 33; 30 31"
"cd_d","vawact1","   D.2.6e  Activities in the Anganwadi: Home visit (1)","[]",498,95,2,"1 299; 2 104; NA 95"
"cd_d","vawact2","   D.2.6e  Activities in the Anganwadi: Nutri-tion (2)","[]",498,95,2,"1 390; NA 95; 2 13"
"cd_d","vawact3","   D.2.6e  Activities in the Anganwadi: Pre-school activities (3)","[]",498,95,2,"1 311; NA 95; 2 92"
"cd_d","vawact4","   D.2.6e  Activities in the Anganwadi: Health check-up (4)","[]",498,95,2,"1 269; 2 134; NA 95"
"cd_d","vawact5","   D.2.6e  Activities in the Anganwadi: Immuni-zation (5)","[]",498,95,2,"1 231; 2 172; NA 95"
"cd_d","vawact6","   D.2.6e  Activities in the Anganwadi:Others","[]",498,0,34," 444; MATERNAL CARE 12; NATAL CARE 4"
"cd_d","vngocc","   D.2.7   Is there any NGO run child center / ECCE","[]",498,17,2,"2 457; 1 24; NA 17"
"cd_d","vngs","   D.3.1a  No. of Gram Sansad are there in the village","[]",498,15,11,"1 317; 2 88; 0 26"
"cd_d","vngsm","   D.3.1b  No. of GS meetings held since 1998","[]",498,26,23,"5 239; 10 57; 4 50"
"cd_d","vgslmm","   D.3.2   When Does the Last GS held:Month","[]",498,34,8,"5 361; 6 89; NA 34"
"cd_d","vgslmy","   D.3.2   When Does the Last GS held:Year","[]",498,34,2,"2000 456; NA 34; 1999 8"
"cd_d","vgsp","   D.3.3   Avg. % of potential voters at the GS held in May-June 2000","[]",498,33,42,"10 80; 11 57; NA 33"
"cd_d","vgsscp","   D.3.4   Avg. % of SC among the participants","[]",498,58,77,"NA 58; 60 38; 50 31"
"cd_d","vgsstp","   D.3.5   Avg. % of ST among the participants","[]",498,289,44,"NA 289; 0 34; 1 21"
"cd_d","vgswp","   D.3.6   Avg. % of women among the participants","[]",498,35,41,"0 130; 1 43; 5 42"
"cd_d","vgswq","   D.3.7   Did women raised any question","[]",498,33,3,"2 315; 1 149; NA 33"
"cd_d","vgswq1","   D.3.8   Questions raised by women: Question 1","[]",498,0,133," 344; IMPROVE THE ROAD CONDITION 14; WIDOW PENSION 3"
"cd_d","vgswq2","   D.3.8   Questions raised by women: Question 2","[]",498,0,109," 380; DEMAND FOR DRINKING WATER 3; DRINKING WATER 3"
"cd_d","vgswq3","   D.3.8   Questions raised by women: Question 3","[]",498,0,48," 448; DRINKING WATER 2; WANT MORE TUBEWELL 2"
"cd_d","vgswq4","   D.3.8   Questions raised by women: Question 4","[]",498,0,21," 478;  WIDOW PENSION 1; DEMAND FOR ROAD 1"
"cd_d","vgswq5","   D.3.8   Questions raised by women:  Question 5","[]",498,0,4," 495;  FOR DESELTING OF PONDS 1; GOVT.EMPLOYMENT AGAINST LAND ORGANISATION BY GOVT. 1"
"cd_d","vwor","   D.4.1   Are there any women organizations in the village","[]",498,15,2,"2 375; 1 108; NA 15"
"cd_d","vworn","   D.4.2   No. of Women Organization","[]",498,388,3,"NA 388; 1 102; 2 7"
"cd_d","vwor1","   D.4.3   WO 1","[]",498,0,25," 388; AIDWF 85; AGRAGENI MAHELA SAMITY 2"
"cd_d","vwor2","   D.4.3   WO 2","[]",498,0,9," 490; AIDWF 1; INWC 1"
"cd_d","vwor3","   D.4.3   WO 3","[]",498,0,2," 497; AGRAGAMI MAHILA SAMITY 1; NA 0"
"cd_d","vwor98","   D.4.4a  Whether any Women Organization created since 1998","[]",498,383,2,"NA 383; 2 104; 1 11"
"cd_d","vwor98w","   D.4.4b  If yes, which ones","[]",498,490,2,"NA 490; 1 7; 2 1"
"cd_d","vdwc","   D.4.5a  Is there any Tubewell management committee in the Village","[]",498,15,2,"2 448; 1 35; NA 15"
"cd_d","vdwcn","   D.4.5b  No. of TMC","[]",498,463,9,"NA 463; 1 21; 2 4"
"cd_d","vdwcwn","   D.4.5c  How many are: Only women","[]",498,460,4,"NA 460; 0 33; 1 3"
"cd_d","vdwcmn","   D.4.5c  How many are:  Only men","[]",498,460,5,"NA 460; 0 25; 1 9"
"cd_d","vdwcmwn","   D.4.5c  How many are:  Mostly women","[]",498,460,4,"NA 460; 0 32; 1 3"
"cd_d","vdwcmmn","   D.4.5c  How many are:  Mostly men","[]",498,460,6,"NA 460; 0 29; 1 5"
"cd_d","vdwcmxn","   D.4.5c  How many are:  Mixed","[]",498,460,3,"NA 460; 0 35; 1 2"
"cd_d","vdwcn98","   D.4.5d  How many Created after 1998","[]",498,460,9,"NA 460; 0 16; 1 14"
"cd_d","vdwcnwn","   D.4.5e  How many created after 98 are: Only women","[]",498,460,4,"NA 460; 0 34; 1 2"
"cd_d","vdwcnmn","   D.4.5e  How manycreated after 98  are:  Only men","[]",498,460,3,"NA 460; 0 31; 1 6"
"cd_d","vdwcnmwn","   D.4.5e  How many created after 98 are:  Mostly women","[]",498,460,4,"NA 460; 0 34; 1 2"
"cd_d","vdwcnmmn","   D.4.5e  How manycreated after 98  are:  Mostly men","[]",498,460,5,"NA 460; 0 32; 1 3"
"cd_d","vdwcnmxn","   D.4.5e  How many created after 98 are:  Mixed","[]",498,460,2,"NA 460; 0 37; 1 1"
"cd_d","vwsh","   D.4.6a  Is there a Women Cooperative / Self Help group in the Village","[]",498,15,2,"2 448; 1 35; NA 15"
"cd_d","vwsh98","   D.4.6b  Was it Created after 1998","[]",498,463,2,"NA 463; 2 20; 1 15"
"cd_d","vgra","   D.4.7a  Is there a Grameen Bank in the village","[]",498,15,2,"2 464; 1 19; NA 15"
"cd_d","vcoop","   D.4.7b  Is there any other co-operative in the Village","[]",498,17,2,"2 405; 1 76; NA 17"
"cd_d","vwiss","   D.4.8a  Whether women of this Mouza taken up any important issue in past 6 mo","[]",498,15,2,"2 425; 1 58; NA 15"
"cd_d","vwiss1","   D.4.8b   The issues are- Issue 1","[]",498,0,52," 441; IMPROVE THE ROAD CONDITION 3; DRINKING WATER PROBLEM 2"
"cd_d","vwiss2","   D.4.8b  The issues are- Issue 2","[]",498,0,26," 473; BATHING GHAT FOR WOMEN 1; CHILD CARE PROGRAMME TO BE ORGANIZE 1"
"cd_d","vwiss3","   D.4.8b  The issues are- Issue 3","[]",498,0,6," 493; CONSTRAIN OF CLASSROOM 1; DISTILLATION OF PONDS NEEDED. 1"
"cd_d","vwiss4","   D.4.8b  The issues are- Issue 4","[]",498,0,5," 494; ARRANGE DRAINAGE SYSTEM 1; BUSINESS OF COUNTRY LIQUIRE SHOULD BE STOP. 1"
"cd_d","vflood","   Flood / Draught prone area  Flood - 1 Draught - 2 Both - 8 Neither - 9","[]",498,15,5,"1 177; 2 171; 9 78"
"cd_d","vroad","   Road Condition  Good - 1, Moderate - 2, Poor - 3, Can't say - 9","[]",498,15,3,"3 312; 2 102; 1 69"
"cd_d","vserv","   Service holder (as %)   NO IDEA - 99","[]",498,15,20,"1 177; 0 140; 2 65"
"cd_d","vlit","   Literecy (as %) NO IDEA - 99","[]",498,15,31,"60 68; 50 52; 80 51"
"reservations","res_id","*id from reservation data*","[]",165,0,165,"1 1; 10 1; 100 1"
"reservations","AA0_2b","id according to PRA data","[]",165,0,165,"1 1; 10 1; 100 1"
"reservations","block","Block name","[]",165,0,19,"MOHAMMAD BAZAR 12; SAINTHIA 12; LABHPUR 11"
"reservations","gp","GP name","[]",165,0,164,"Sahapur 2; Abinashpur 1; Ahmadpur 1"
"reservations","pradhan","Curr pradhan name","[]",165,0,164,"Smt. Saraswati Das 2; Miss Alpana Aditya 1; Miss Mitali Mitra 1"
"reservations","year","Yr curr pradhan elected","{""2003"":1,""Other year"":2,""Other"":888,""Not applicable"":998}",165,0,3,"1 163; 2 1; 998 1"
"reservations","year_2","Specify, if other year","[]",165,164,1,"NA 164; 2004 1"
"reservations","year_888","Specify, if other","[]",165,164,1,"NA 164; 2006 1"
"reservations","res_woman","Curr reserved for woman","{""Yes"":1,""No"":2}",165,0,2,"2 110; 1 55; NA 0"
"reservations","res_sc","Curr reserved for SC","{""Yes"":1,""No"":2}",165,0,2,"2 114; 1 51; NA 0"
"reservations","res_st","Curr reserved for ST","{""Yes"":1,""No"":2}",165,0,2,"2 153; 1 12; NA 0"
"reservations","prev_pradhan","Prev pradhan name","[]",165,0,165,"Miss Probasini Murmu 1; Miss Rekha Roy 1; Miss Rinku Ganguly 1"
"reservations","prev_year","Yrs prev pradhan in power","{""From 1998 to 2003"":1,""Other"":888}",165,0,2,"1 152; 888 13; NA 0"
"reservations","prev_year_888_1","Specify from, if other","[]",165,152,5,"NA 152; 2000 3; 2001 3"
"reservations","prev_year_888_2","Specify to, if other","[]",165,152,5,"NA 152; 2003 9; 2001 1"
"reservations","prev_res_woman","Prev reserved for woman","{""Yes"":1,""No"":2}",165,0,2,"2 109; 1 56; NA 0"
"reservations","prev_res_sc","Prev reserved for SC","{""Yes"":1,""No"":2}",165,0,2,"2 112; 1 53; NA 0"
"reservations","prev_res_st","Prev reserved for ST","{""Yes"":1,""No"":2}",165,0,2,"2 148; 1 17; NA 0"
"reservations","comments","Special remarks","[]",165,0,14," 152; After loosing in a no confidence motion the Pradhan elected in the 1998 Panchayat elections, Smt. Duli Soren,  stepped down and due to lack of majority in the Panchayat no party could field up a Pradhan after that. 1; After loosing in a no-confidence motion in 2000, Mr. Nanda Dulal Das stepped down from the Pradhan's post and Mr. Umapada Mondal took over as the Pradhan 1"
"reservations","round","Round of data collection","{""baseline"":0}",165,0,1,"0 165; NA 0"
"reservations","endline","Flag for final round of data collection","{""endline"":1}",165,0,1,"1 165; NA 0"
"reservations","studycode","Unique ID of corresponding study","[]",165,0,1,"498 165; NA 0"
"reservations","unitobs","Unit of observation","{""individual"":1,""household"":2,""community"":3,""other"":4,""firm"":5}",165,0,1,"3 165; NA 0"
"reservations","countrycode","Country of study","{""Afghanistan"":1,""Åland Islands"":2,""Albania"":3,""Algeria"":4,""American Samoa"":5,""Andorra"":6,""Angola"":7,""Anguilla"":8,""Antarctica"":9,""Antigua and Barbuda"":10,""Argentina"":11,""Armenia"":12,""Aruba"":13,""Australia"":14,""Austria"":15,""Azerbaijan"":16,""Bahamas"":17,""Bahrain"":18,""Bangladesh"":19,""Barbados"":20,""Belarus"":21,""Belgium"":22,""Belize"":23,""Benin"":24,""Bermuda"":25,""Bhutan"":26,""Bolivia Plurinational State of"":27,""Bonaire Sint Eustatius and Saba"":28,""Bosnia and Herzegovina"":29,""Botswana"":30,""Bouvet Island"":31,""Brazil"":32,""British Indian Ocean Territory"":33,""Brunei Darussalam"":34,""Bulgaria"":35,""Burkina Faso"":36,""Burundi"":37,""Cambodia"":38,""Cameroon"":39,""Canada"":40,""Cape Verde"":41,""Cayman Islands"":42,""Central African Republic"":43,""Chad"":44,""Chile"":45,""China"":46,""Christmas Island"":47,""Cocos (Keeling) Islands"":48,""Colombia"":49,""Comoros"":50,""Congo"":51,""Congo the Democratic Republic of the"":52,""Cook Islands"":53,""Costa Rica"":54,""Côte dIvoire"":55,""Croatia"":56,""Cuba"":57,""Curaçao"":58,""Cyprus"":59,""Czech Republic"":60,""Denmark"":61,""Djibouti"":62,""Dominica"":63,""Dominican Republic"":64,""Ecuador"":65,""Egypt"":66,""El Salvador"":67,""Equatorial Guinea"":68,""Eritrea"":69,""Estonia"":70,""Ethiopia"":71,""Falkland Islands (Malvinas)"":72,""Faroe Islands"":73,""Fiji"":74,""Finland"":75,""France"":76,""French Guiana"":77,""French Polynesia"":78,""French Southern Territories"":79,""Gabon"":80,""Gambia"":81,""Georgia"":82,""Germany"":83,""Ghana"":84,""Gibraltar"":85,""Greece"":86,""Greenland"":87,""Grenada"":88,""Guadeloupe"":89,""Guam"":90,""Guatemala"":91,""Guernsey"":92,""Guinea"":93,""Guinea-Bissau"":94,""Guyana"":95,""Haiti"":96,""Heard Island and McDonald Islands"":97,""Holy See (Vatican City State)"":98,""Honduras"":99,""Hong Kong"":100,""Hungary"":101,""Iceland"":102,""India"":103,""Indonesia"":104,""Iran Islamic Republic of"":105,""Iraq"":106,""Ireland"":107,""Isle of Man"":108,""Israel"":109,""Italy"":110,""Jamaica"":111,""Japan"":112,""Jersey"":113,""Jordan"":114,""Kazakhstan"":115,""Kenya"":116,""Kiribati"":117,""Korea Democratic Peoples Republic of"":118,""Korea Republic of"":119,""Kuwait"":120,""Kyrgyzstan"":121,""Lao Peoples Democratic Republic"":122,""Latvia"":123,""Lebanon"":124,""Lesotho"":125,""Liberia"":126,""Libya"":127,""Liechtenstein"":128,""Lithuania"":129,""Luxembourg"":130,""Macao"":131,""Macedonia the Former Yugoslav Republic of"":132,""Madagascar"":133,""Malawi"":134,""Malaysia"":135,""Maldives"":136,""Mali"":137,""Malta"":138,""Marshall Islands"":139,""Martinique"":140,""Mauritania"":141,""Mauritius"":142,""Mayotte"":143,""Mexico"":144,""Micronesia Federated States of"":145,""Moldova Republic of"":146,""Monaco"":147,""Mongolia"":148,""Montenegro"":149,""Montserrat"":150,""Morocco"":151,""Mozambique"":152,""Myanmar"":153,""Namibia"":154,""Nauru"":155,""Nepal"":156,""Netherlands"":157,""New Caledonia"":158,""New Zealand"":159,""Nicaragua"":160,""Niger"":161,""Nigeria"":162,""Niue"":163,""Norfolk Island"":164,""Northern Mariana Islands"":165,""Norway"":166,""Oman"":167,""Pakistan"":168,""Palau"":169,""Palestine State of"":170,""Panama"":171,""Papua New Guinea"":172,""Paraguay"":173,""Peru"":174,""Philippines"":175,""Pitcairn"":176,""Poland"":177,""Portugal"":178,""Puerto Rico"":179,""Qatar"":180,""Réunion"":181,""Romania"":182,""Russian Federation"":183,""Rwanda"":184,""Saint Barthélemy"":185,""Saint Helena Ascension and Tristan da Cunha"":186,""Saint Kitts and Nevis"":187,""Saint Lucia"":188,""Saint Martin (French part)"":189,""Saint Pierre and Miquelon"":190,""Saint Vincent and the Grenadines"":191,""Samoa"":192,""San Marino"":193,""Sao Tome and Principe"":194,""Saudi Arabia"":195,""Senegal"":196,""Serbia"":197,""Seychelles"":198,""Sierra Leone"":199,""Singapore"":200,""Sint Maarten (Dutch part)"":201,""Slovakia"":202,""Slovenia"":203,""Solomon Islands"":204,""Somalia"":205,""South Africa"":206,""South Georgia and the South Sandwich Islands"":207,""South Sudan"":208,""Spain"":209,""Sri Lanka"":210,""Sudan"":211,""Suriname"":212,""Svalbard and Jan Mayen"":213,""Swaziland"":214,""Sweden"":215,""Switzerland"":216,""Syrian Arab Republic"":217,""Taiwan Province of China"":218,""Tajikistan"":219,""Tanzania United Republic of"":220,""Thailand"":221,""Timor-Leste"":222,""Togo"":223,""Tokelau"":224,""Tonga"":225,""Trinidad and Tobago"":226,""Tunisia"":227,""Turkey"":228,""Turkmenistan"":229,""Turks and Caicos Islands"":230,""Tuvalu"":231,""Uganda"":232,""Ukraine"":233,""United Arab Emirates"":234,""United Kingdom"":235,""United States"":236,""United States Minor Outlying Islands"":237,""Uruguay"":238,""Uzbekistan"":239,""Vanuatu"":240,""Venezuela Bolivarian Republic of"":241,""Viet Nam"":242,""Virgin Islands, British"":243,""Virgin Islands, U.S."":244,""Wallis and Futuna"":245,""Western Sahara"":246,""Yemen"":247,""Zambia"":248,""Zimbabwe"":249}",165,0,1,"103 165; NA 0"
"reservations","ruralcode","Flag for rural setting","{""rural"":1,""small town or village"":2,""suburban"":3,""urban"":4,""other/unknown"":5}",165,0,1,"1 165; NA 0"
"reservations","surveycode","ID of corresponding survey questionnaire","[]",165,0,1," 165; NA 0"
"survey","serialno","Serial no","[]",316,0,315,"140 2; 1 1; 10 1"
"survey","pradhanhh_uniqueid","Interview serial index","[]",316,0,316,"100A 1; 100C 1; 101A 1"
"survey","membercode","Respondent ID number","[]",316,9,6,"1 123; 2 115; 3 48"
"survey","A0_3","Respondent is head of household","{""Yes"":1,""No"":2,""Does not know"":999}",316,9,2,"2 182; 1 125; NA 9"
"survey","A0_4","Relationship to head of household","{""Spouse/partner"":2,""Son/daughter"":3,""Son-in-law/daughter-in-law"":4,""Stepson/stepdaughter"":5,""Grandchild"":6,""Brother/sister"":7,""Brother-in-law/sister-in-law"":8,""Father/mother"":9,""Father-in-law/mother-in-law"":10,""Other family (specify)"":12,""Other (specify)"":888}",316,134,7,"NA 134; 2 81; 3 70"
"survey","A0_4_888_1","Specify, if other","[]",316,0,1," 316; NA 0"
"survey","A0_4_888_2","Specify, if other","[]",316,0,1," 316; NA 0"
"survey","A0_5","Gender of respondent","{""Male"":1,""Female"":2}",316,9,2,"1 179; 2 128; NA 9"
"survey","A0_6","Religion of head of household","{""Hindu"":1,""Muslim"":2,""Buddhist"":3,""Christian"":4,""Other (specify)"":888,""Does not know/will not say"":999}",316,9,3,"1 234; 2 69; NA 9"
"survey","A0_6_888_1","Specify, if other","[]",316,0,1," 316; NA 0"
"survey","A0_6_888_2","Specify, if other","[]",316,0,1," 316; NA 0"
"survey","A0_6_chk","Religion is Hindu","{""Yes"":1,""No"":2,""Does not know"":999}",316,9,2,"1 234; 2 73; NA 9"
"survey","A0_7","Category of head of household","{""Scheduled caste"":1,""Scheduled tribe"":2,""Other backward castes"":3,""General"":4,""Other (specify)"":888,""Does not know/will not say"":999}",316,82,4,"1 126; NA 82; 4 63"
"survey","A0_8","Number of people in household","[]",316,9,15,"4 78; 5 61; 6 37"
"survey","A0_9","Current or previous pradhan","{""Current"":1,""Previous"":2}",316,9,2,"1 161; 2 146; NA 9"
"survey","index_num","Number of interview serial index","[]",316,9,165,"NA 9; 1 2; 10 2"
"survey","datetime","String for date and time","[]",316,0,314," 3; 3/25/2004 8:31:35 AM 1; 3/25/2004 8:51:35 AM 1"
"survey","gpnumber","Group number","[]",316,11,164,"NA 11; 9 4; 1 3"
"survey","villagejlnumber","Village JL number","[]",316,11,158,"NA 11; 11 5; 137 5"
"survey","pradhan_spouse","From pradhan or spouse survey","[]",316,10,2,"1 208; 2 98; NA 10"
"survey","A1_2","Gender of respondent","{""Male"":1,""Female"":2}",316,11,2,"1 181; 2 124; NA 11"
"survey","A1_3","Relationship to head of household","{""Head"":1,""Spouse/partner"":2,""Son/daughter"":3,""Son-in-law/daughter-in-law"":4,""Stepson/stepdaughter"":5,""Grandchild"":6,""Brother/sister"":7,""Brother-in-law/sister-in-law"":8,""Father/mother"":9,""Father-in-law/mother-in-law"":10,""Niece/nephew"":11,""Other family (specify)"":12,""Other (specify)"":888}",316,11,8,"1 120; 2 78; 3 74"
"survey","A1_3_12_888_1","Specify, if other family","[]",316,0,1," 316; NA 0"
"survey","A1_3_12_888_2","Specify, if other family","[]",316,0,1," 316; NA 0"
"survey","A1_3_888_1","Specify, if other","[]",316,0,1," 316; NA 0"
"survey","A1_3_888_2","Specify, if other","[]",316,0,1," 316; NA 0"
"survey","A1_4","Age of respondent","{""Does not know"":999}",316,11,46,"35 21; 40 21; 45 15"
"survey","A1_5","Can read and/or write","{""Can read only"":1,""Can write only"":2,""Can read and write"":3,""Can neither read nor write"":4}",316,11,3,"3 286; 4 18; NA 11"
"survey","A1_6","Attended NFE or TLC","{""Yes, NFE"":1,""Yes, TLC"":2,""Neither"":3}",316,11,4,"3 259; 2 40; NA 11"
"survey","A1_7","Highest edu achieved","{""Class 1"":1,""Class 2"":2,""Class 3"":3,""Class 4"":4,""Class 5"":5,""Class 6"":6,""Class 7"":7,""Class 8"":8,""Class 9"":9,""Class 10"":10,""Class 11"":11,""Class 12"":12,""Graduate and above"":13,""Other diploma"":14,""Did not complete class 1"":15,""Never attended school"":16}",316,12,15,"10 54; 13 51; 12 41"
"survey","A1_8","Attending school/SSK/MSK/anganwadi","{""Yes"":1,""No"":2,""Does not know"":999}",316,11,1,"2 305; NA 11"
"survey","A1_9","Attending which","{""School"":1,""SSK"":2,""MSK"":3,""Anganwadi"":4,""Other (specify)"":888,""Does not know"":999}",316,314,2,"NA 314; 3 1; 9 1"
"survey","A1_9_888_1","Specify, if other","[]",316,0,1," 316; NA 0"
"survey","A1_9_888_2","Specify, if other","[]",316,0,1," 316; NA 0"
"survey","A1_9_chk","Age 5-14 and not in school","{""Yes"":1,""No"":2,""Does not know"":999}",316,315,1,"NA 315; 2 1"
"survey","A1_10_1","No school: too young","[]",316,0,1," 316; NA 0"
"survey","A1_10_2","No school: too old/finished","[]",316,0,1," 316; NA 0"
"survey","A1_10_3","No school: ill/disabled","[]",316,0,1," 316; NA 0"
"survey","A1_10_4","No school: pregnant/has child","[]",316,0,1," 316; NA 0"
"survey","A1_10_5","No school: too hard","[]",316,0,1," 316; NA 0"
"survey","A1_10_6","No school: no money for fees","[]",316,0,1," 316; NA 0"
"survey","A1_10_7","No school: working","[]",316,0,1," 316; NA 0"
"survey","A1_10_8","No school: no local school","[]",316,0,1," 316; NA 0"
"survey","A1_10_9","No school: no accommodation","[]",316,0,1," 316; NA 0"
"survey","A1_10_10","No school: lost interest","[]",316,0,1," 316; NA 0"
"survey","A1_10_11","No school: teacher beats","[]",316,0,1," 316; NA 0"
"survey","A1_10_12","No school: lack of teaching","[]",316,0,1," 316; NA 0"
"survey","A1_10_13","No school: needed for housework","[]",316,0,1," 316; NA 0"
"survey","A1_10_14","No school: parents uninterested","[]",316,0,1," 316; NA 0"
"survey","A1_10_15","No school: married","[]",316,0,1," 316; NA 0"
"survey","A1_10_888_1","Specify, if other","[]",316,0,1," 316; NA 0"
"survey","A1_10_888_2","Specify, if other","[]",316,0,1," 316; NA 0"
"survey","A1_10_999","Doesn't know/will not say","[]",316,0,1," 316; NA 0"
"survey","A1_11","Marital status","{""Married"":1,""Separated/divorced"":2,""Spouse/partner died"":3,""Never married"":4}",316,11,4,"1 261; 4 26; 3 16"
"survey","A1_12","Main occupation","[]",316,0,75,"Cultivation 80; Household works 60; Pradhan's work and household work 14"
"survey","A1_12_chk","Age greater than 18","{""Yes"":1,""No"":2,""Does not know"":999}",316,11,1,"1 305; NA 11"
"survey","A1_13_1","Goes to rallies","{""Yes"":1}",316,65,1,"1 251; NA 65"
"survey","A1_13_2","Hands out leaflets, other campaigning","{""Yes"":1}",316,102,1,"1 214; NA 102"
"survey","A1_13_3","Gives speeches","{""Yes"":1}",316,139,1,"1 177; NA 139"
"survey","A1_13_4","Goes to party meetings","{""Yes"":1}",316,91,1,"1 225; NA 91"
"survey","A1_13_5","Writes pamphlets","{""Yes"":1}",316,242,1,"NA 242; 1 74"
"survey","A1_13_6","Gives money","{""Yes"":1}",316,172,1,"NA 172; 1 144"
"survey","A1_13_7","Gives support in kind","{""Yes"":1}",316,222,1,"NA 222; 1 94"
"survey","A1_13_8","No political activity","{""Yes"":1}",316,282,1,"NA 282; 1 34"
"survey","A1_13_888_1","Specify, if other","[]",316,0,6," 309; Collecting money 2; Collection of donations for the party 2"
"survey","A1_13_888_2","Specify, if other","[]",316,0,1," 316; NA 0"
"survey","A1_14","Attended GP meeting in last yr","{""Yes"":1,""No"":2,""Does not know"":999}",316,11,3,"1 250; 2 53; NA 11"
"survey","A1_15","Party affiliation","{""CPI(M)"":1,""CPI"":2,""FB"":3,""Other (LF)"":4,""Congress"":5,""TMC"":6,""BJP"":7,""Other (non-LF)"":8,""No affiliation"":9}",316,11,9,"1 198; 5 40; 6 31"
"survey","A1_16","Holds/held political position","{""Yes"":1,""No"":2,""Does not know"":999}",316,11,2,"1 267; 2 38; NA 11"
"survey","A1_17_1","Booth member","{""Yes"":1}",316,263,1,"NA 263; 1 53"
"survey","A1_17_2","GP pradhan","{""Yes"":1}",316,89,1,"1 227; NA 89"
"survey","A1_17_3","Member of higher panchayat (samity/zilla)","{""Yes"":1}",316,295,1,"NA 295; 1 21"
"survey","A1_17_4","MP","{""Yes"":1}",316,314,1,"NA 314; 1 2"
"survey","A1_17_5","MLA","{""Yes"":1}",316,315,1,"NA 315; 1 1"
"survey","A1_17_6","Youth party president","{""Yes"":1}",316,306,1,"NA 306; 1 10"
"survey","A1_17_7","District/block level posts","{""Yes"":1}",316,301,1,"NA 301; 1 15"
"survey","A1_17_8","Mahila Samiti (president)","{""Yes"":1}",316,303,1,"NA 303; 1 13"
"survey","A1_17_888_1","Specify, if other","[]",316,0,18," 285; Local Committee Member of the party 11; Branch Secratery 2"
"survey","A1_17_888_2","Specify, if other","[]",316,0,2," 315; Secretary of Block ICDS Workers Union 1; NA 0"
"survey","A1_17_999","Does not know","[]",316,0,1," 316; NA 0"
"survey","A1_18","In another village committee","{""Yes"":1,""No"":2,""Does not know"":999}",316,12,2,"1 220; 2 84; NA 12"
"survey","A1_19_1","Village education committee","{""Yes"":1}",316,147,1,"1 169; NA 147"
"survey","A1_19_2","Tubewell beneficiary committee","{""Yes"":1}",316,265,1,"NA 265; 1 51"
"survey","A1_19_3","Village development committee","{""Yes"":1}",316,159,1,"NA 159; 1 157"
"survey","A1_19_4","Forestry committee","{""Yes"":1}",316,266,1,"NA 266; 1 50"
"survey","A1_19_5","Mother teacher association","{""Yes"":1}",316,248,1,"NA 248; 1 68"
"survey","A1_19_6","Mahila mandal","{""Yes"":1}",316,278,1,"NA 278; 1 38"
"survey","A1_19_888_1","Specify, if other","[]",316,0,14," 303; Chairman of Library Committee 1; Member of cultural commitee 1"
"survey","A1_19_888_2","Specify, if other","[]",316,0,1," 316; NA 0"
"survey","A1_19_999","Does not know","[]",316,315,1,"NA 315; 1 1"
"survey","gender","Gender","{""Male"":1,""Female"":2}",316,11,2,"1 181; 2 124; NA 11"
"survey","merge_a1","","[]",316,11,1,"3 305; NA 11"
"survey","name","","[]",316,0,301," 11; Balal Hosen 2; Jharna Bagdi 2"
"survey","pradhanid","Pradhan ID","[]",316,0,98," 219; 101A 1; 102A 1"
"survey","counter","Counter","[]",316,219,97,"NA 219; 262 1; 263 1"
"survey","merge_a1pradhan","","[]",316,9,2,"3 305; NA 9; 1 2"
"survey","temp_id","*numeric portion of interviewserialindex*","[]",316,1,165,"1 2; 10 2; 100 2"
"survey","pradhans_available","Current & prev pradhans both available","[]",316,1,2,"1 310; 2 5; NA 1"
"survey","if_unavailable","Reason, if both not available","[]",316,0,3," 311; No previous pradhan; not alive 4; No current pradhan; removed for corruption 1"
"survey","AA0_1a","Block name","[]",316,0,34,"Labhpur 22; Sainthia 22; Nanoor 21"
"survey","AA0_1b","Block number","[]",316,1,19,"3 22; 7 22; 8 22"
"survey","AA0_2a","GP name","[]",316,0,165,"Sahapur 4; Abinashpur 2; Ahamedpur 2"
"survey","AA0_2b","GP number","[]",316,1,165,"1 3; 144 3; 70 3"
"survey","AA0_3a","Village name","[]",316,0,291,"Nobo Gram 4; Narayanpur 3; Bahadurpur 2"
"survey","AA0_3b","Village JL number","[]",316,1,160,"11 5; 137 5; 138 5"
"survey","AA0_4","Household ID number","[]",316,1,1,"1 315; NA 1"
"survey","AA0_5","Respondent ID number","[]",316,1,6,"1 141; 2 106; 3 48"
"survey","AA0_6a","Village booth name","[]",316,0,308,"Napara Primary School 3; Bosoya Girl's School 2; Ishira Primary school 2"
"survey","AA0_6b","Booth number","[]",316,0,172,"9 8; -999 7; 3 7"
"survey","AA0_8_1","Day of visit (dd)","[]",316,1,26,"7 31; 9 31; 6 25"
"survey","AA0_8_2","Month of visit (mm)","[]",316,1,6,"3 180; 5 83; 2 34"
"survey","AA0_8_3","Year of visit (yyyy)","[]",316,1,3,"2006 313; 2000 1; 2005 1"
"survey","AA0_9_1","Interviewer code, part 1","[]",316,1,2,"0 314; 11 1; NA 1"
"survey","AA0_9_2","Interviewer code, part 2","[]",316,1,30,"13 22; 16 19; 27 18"
"survey","AA0_10","Household survey code","{""Original"":1,""Substitute"":2}",316,1,1,"1 315; NA 1"
"survey","AA0_11","Reason for substitution","[]",316,0,1," 316; NA 0"
"survey","AA0_11_888_1","Specify reason, if other","[]",316,0,1," 316; NA 0"
"survey","AA0_11_888_2","Specify reason, if other","[]",316,0,1," 316; NA 0"
"survey","AA0_12","Start time (hh:mm)","[]",316,0,122,"10:30 12; 09:00 10; 09:30 10"
"survey","AA0_13","End time (hh:mm)","[]",316,0,132,"11:00 11; 10:00 10; 12:00 9"
"survey","scrutinizedby","Scrutinized by","[]",316,0,32,"A.Mitra 92; Dona Biswas 60; Arpita Mitra 35"
"survey","scrutinizeddate","Scrutinized date","[]",316,1,22,"17 46; 18 42; 15 41"
"survey","scrutinizedmonth","Scrutinized month","[]",316,1,5,"3 203; 5 82; 6 17"
"survey","backchackedby","Back checked by","[]",316,0,8," 299; Nikhil Kanjilal 8; Debasis Mallick 3"
"survey","backchackeddate","Back checked date","[]",316,298,7,"NA 298; 7 5; 1 3"
"survey","backchackedmonth","Back checked month","[]",316,299,3,"NA 299; 3 14; 2 2"
"survey","vignette","Vignette type","{""Vignette 1"":1,""Vignette 2"":2,""Vignette 3"":3,""Vignette 4"":4}",316,1,4,"2 100; 1 86; 3 72"
"survey","speech","Speech type","{""Speech 1"":1,""Speech 2"":2}",316,1,2,"2 185; 1 130; NA 1"
"survey","consent","Consent to answering survey","{""Yes"":1,""No"":2,""Does not know"":999}",316,1,2,"1 307; 2 8; NA 1"
"survey","completed","Completed","{""Yes"":1,""No"":2,""Does not know"":999}",316,1,2,"1 307; 2 8; NA 1"
"survey","entryserialno","Entry serial no","[]",316,9,307,"NA 9; 1 1; 10 1"
"survey","A2_1","Spent >=2 nights away for work","{""Yes"":1,""No"":2,""Does not know"":999}",316,108,2,"2 175; NA 108; 1 33"
"survey","memberid_1","Member ID 1","[]",316,283,6,"NA 283; 1 13; 3 11"
"survey","typeofwork_1","Type of work 1","[]",316,0,31," 283; Casual labour 2; Service in railways 2"
"survey","memberid_2","Member ID 2","[]",316,314,1,"NA 314; 4 2"
"survey","typeofwork_2","Type of work 2","[]",316,0,3," 314; Digging of earth 1; Service in railways 1"
"survey","memberid_3","Member ID 3","[]",316,0,1," 316; NA 0"
"survey","typeofwork_3","Type of work 3","[]",316,0,1," 316; NA 0"
"survey","A3_1","Type of wall of house","{""Mud"":1,""Brick"":2,""Other (specify)"":888}",316,10,4,"1 166; 2 131; NA 10"
"survey","A3_1_888_1","Specify, if other","[]",316,0,3," 308; Bricks and earth 5; Earth and Bricks 3"
"survey","A3_1_888_2","Specify, if other","[]",316,0,1," 316; NA 0"
"survey","A3_2","Type of roof of house","{""Thatch"":1,""Tin"":2,""Tile"":3,""Concrete"":4,""Other (specify)"":888}",316,10,6,"2 102; 1 99; 4 88"
"survey","A3_2_888_1","Specify, if other","[]",316,0,4," 313; Concrete and tin 1; Hay and tile 1"
"survey","A3_2_888_2","Specify, if other","[]",316,0,1," 316; NA 0"
"survey","A3_3","How many rooms in house","[]",316,10,13,"2 104; 4 52; 1 49"
"survey","A3_4","House built under gov scheme","{""Yes"":1,""No"":2,""Does not know"":999}",316,10,3,"2 278; 1 27; NA 10"
"survey","A3_5","Year building sanctioned","{""1998"":1,""2003"":2,""Does not know"":999}",316,288,18,"NA 288; 1996 3; 2 3"
"survey","A3_5_chk","Before 1997","{""Yes"":1,""No"":2,""Does not know"":999}",316,292,4,"NA 292; 1 11; 2 11"
"survey","A3_6","Before/after 2003 GP elections","{""Before"":1,""After"":2,""Does not know"":999}",316,301,4,"NA 301; 2 9; 1 4"
"survey","A3_7","Before/after 1998 GP elections","{""Before"":1,""After"":2,""Does not know"":999}",316,308,3,"NA 308; 2 4; 1 3"
"survey","A3_8","What toilet facilities used","{""Open areas"":1,""Public toilet"":2,""Private toilet"":3}",316,10,4,"3 213; 1 87; NA 10"
"survey","A3_9","Toilet built under gov scheme","{""Yes"":1,""No"":2,""Does not know"":999}",316,102,4,"2 177; NA 102; 1 34"
"survey","A3_10","Year toilet built","{""1998"":1,""2003"":2,""Does not know"":999}",316,102,38,"NA 102; 2005 28; 2004 26"
"survey","A3_10_chk","Before 1997","{""Yes"":1,""No"":2,""Does not know"":999}",316,110,4,"2 124; NA 110; 1 62"
"survey","A3_11","Before/after 2003 GP elections","{""Before"":1,""After"":2,""Does not know"":999}",316,173,4,"NA 173; 2 65; 1 59"
"survey","A3_12","Before/after 1998 GP elections","{""Before"":1,""After"":2,""Does not know"":999}",316,248,3,"NA 248; 2 46; 1 21"
"survey","A3_13","GP involved in construction","{""Yes"":1,""No"":2,""Does not know"":999}",316,164,4,"NA 164; 2 118; 1 30"
"survey","A3_14","How was GP involved","{""Provided money"":1,""Constructed toilet"":2,""Selected household as a beneficiary"":3,""Other (specify)"":888}",316,283,5,"NA 283; 2 12; 1 11"
"survey","A3_14_888_1","Specify, if other","[]",316,0,2," 315; Gave some money 1; NA 0"
"survey","A3_14_888_2","Specify, if other","[]",316,0,1," 316; NA 0"
"survey","A3_15","Electricity at home","{""Yes, legally"":1,""Yes, by hooking"":2,""No"":3}",316,10,4,"1 220; 3 76; NA 10"
"survey","A3_16","Days last week w/o electricity","[]",316,86,10,"NA 86; 0 57; 7 53"
"survey","A3_17","Avg hrs/day in last week w/o electricity","[]",316,84,10,"NA 84; 0 57; 1 55"
"survey","A3_17_chk","Electricity available through hooking","{""Yes"":1,""No"":2,""Does not know"":999}",316,83,3,"2 203; NA 83; 1 29"
"survey","A3_18","Year electricity provided","{""1998"":1,""2003"":2,""Does not know"":999}",316,112,32,"NA 112; 2005 41; 2006 32"
"survey","A3_19","Before/after 2003 GP elections","{""Before"":1,""After"":2,""Does not know"":999}",316,114,4,"NA 114; 1 104; 2 87"
"survey","A3_20","Before/after 1998 GP elections","{""Before"":1,""After"":2,""Does not know"":999}",316,209,3,"NA 209; 1 76; 2 30"
"survey","A3_21","GP involved in provision of electricity","{""Yes"":1,""No"":2,""Does not know"":999}",316,112,4,"2 172; NA 112; 1 28"
"survey","A3_22","How was GP involved","{""Provided material/connection without payment / subsidy"":1,""Selected household as a beneficiary"":2,""Presented case to state electricity officials"":3,""Provided connection after payment"":4,""Other (specify)"":888}",316,287,6,"NA 287; 1 9; 3 8"
"survey","A3_22_888_1","Specify, if other","[]",316,0,2," 315; Provided advice 1; NA 0"
"survey","A3_22_888_2","Specify, if other","[]",316,0,1," 316; NA 0"
"survey","A3_23_dec","Cultivable land owned, decimals","[]",316,10,14,"0 263; 2 10; NA 10"
"survey","A3_23_acr","Cultivable land owned, acres","[]",316,10,13,"0 252; 2 12; NA 10"
"survey","A3_23_big","Cultivable land owned, bigha","[]",316,10,30,"0 129; 1 26; 2 20"
"survey","A3_23_kat","Cultivable land owned, katha","[]",316,10,8,"0 280; 10 14; NA 10"
"survey","A3_24_dec","Land irrigated, decimals","[]",316,10,3,"0 304; NA 10; 2 1"
"survey","A3_24_acr","Land irrigated, acres","[]",316,10,10,"0 263; 2 10; NA 10"
"survey","A3_24_big","Land irrigated, bigha","[]",316,10,26,"0 162; 1 25; 2 22"
"survey","A3_24_kat","Land irrigated, katha","[]",316,10,9,"0 284; 10 11; NA 10"
"survey","A3_25_1","Own TV set","{""Yes"":1,""No"":2,""Does not know"":999}",316,10,2,"1 189; 2 117; NA 10"
"survey","A3_25_1_q","If yes, how many","[]",316,0,2,"XX 189;  127; NA 0"
"survey","A3_25_2","Own radio/transistor/stereo","{""Yes"":1,""No"":2,""Does not know"":999}",316,10,2,"2 172; 1 134; NA 10"
"survey","A3_25_2_q","If yes, how many","[]",316,182,3,"NA 182; 1 126; 2 5"
"survey","A3_25_3","Own electric fan","{""Yes"":1,""No"":2,""Does not know"":999}",316,10,2,"1 219; 2 87; NA 10"
"survey","A3_25_3_q","If yes, how many","[]",316,97,8,"NA 97; 1 70; 3 56"
"survey","A3_25_4","Own refrigerator","{""Yes"":1,""No"":2,""Does not know"":999}",316,10,2,"2 275; 1 31; NA 10"
"survey","A3_25_4_q","If yes, how many","[]",316,285,1,"NA 285; 1 31"
"survey","A3_25_5","Own telephone/mobile phone","{""Yes"":1,""No"":2,""Does not know"":999}",316,10,2,"2 176; 1 130; NA 10"
"survey","A3_25_5_q","If yes, how many","[]",316,0,2," 186; XX 130; NA 0"
"survey","A3_25_6","Own bicycle","{""Yes"":1,""No"":2,""Does not know"":999}",316,10,2,"1 246; 2 60; NA 10"
"survey","A3_25_6_q","If yes, how many","[]",316,70,4,"1 170; NA 70; 2 55"
"survey","A3_25_7","Own motorcycle/moped/scooter","{""Yes"":1,""No"":2,""Does not know"":999}",316,10,2,"2 231; 1 75; NA 10"
"survey","A3_25_7_q","If yes, how many","[]",316,241,2,"NA 241; 1 66; 2 9"
"survey","A3_25_8","Own car/jeep","{""Yes"":1,""No"":2,""Does not know"":999}",316,10,2,"2 291; 1 15; NA 10"
"survey","A3_25_8_q","If yes, how many","[]",316,301,2,"NA 301; 1 11; 2 4"
"survey","A3_25_9","Own bullock cart","{""Yes"":1,""No"":2,""Does not know"":999}",316,10,2,"2 211; 1 95; NA 10"
"survey","A3_25_9_q","If yes, how many","[]",316,221,6,"NA 221; 1 89; 2 2"
"survey","A3_25_10","Own tractor/power tiller","{""Yes"":1,""No"":2,""Does not know"":999}",316,10,2,"2 293; 1 13; NA 10"
"survey","A3_25_10_q","If yes, how many","[]",316,303,2,"NA 303; 1 12; 5 1"
"survey","A3_25_11","Own thresher","{""Yes"":1,""No"":2,""Does not know"":999}",316,10,2,"2 203; 1 103; NA 10"
"survey","A3_25_11_q","If yes, how many","[]",316,0,2," 213; XX 103; NA 0"
"survey","A3_25_12","Own pump set shallow/immersible","{""Yes"":1,""No"":2,""Does not know"":999}",316,10,2,"2 237; 1 69; NA 10"
"survey","A3_25_12_q","If yes, how many","[]",316,247,4,"NA 247; 1 54; 2 12"
"survey","A3_25_13","Own LPG connection","{""Yes"":1,""No"":2,""Does not know"":999}",316,10,2,"2 244; 1 62; NA 10"
"survey","A3_25_13_q","If yes, how many","[]",316,254,1,"NA 254; 1 62"
"survey","A3_25_14","Own sewing machine","{""Yes"":1,""No"":2,""Does not know"":999}",316,10,2,"2 283; 1 23; NA 10"
"survey","A3_25_14_q","If yes, how many","[]",316,293,4,"NA 293; 1 20; 10 1"
"survey","A3_25_15","Own chair/stool","{""Yes"":1,""No"":2,""Does not know"":999}",316,10,2,"1 234; 2 72; NA 10"
"survey","A3_25_15_q","If yes, how many","[]",316,82,13,"NA 82; 2 67; 4 44"
"survey","A3_25_16","Own cot","{""Yes"":1,""No"":2,""Does not know"":999}",316,10,2,"1 225; 2 81; NA 10"
"survey","A3_25_16_q","If yes, how many","[]",316,91,11,"1 98; NA 91; 2 66"
"survey","A3_25_17","Own table","{""Yes"":1,""No"":2,""Does not know"":999}",316,10,2,"1 185; 2 121; NA 10"
"survey","A3_25_17_q","If yes, how many","[]",316,131,7,"NA 131; 1 106; 2 50"
"survey","A3_25_18","Own watch/clock","{""Yes"":1,""No"":2,""Does not know"":999}",316,10,2,"1 281; 2 25; NA 10"
"survey","A3_25_18_q","If yes, how many","[]",316,35,11,"1 95; 2 71; 3 42"
"survey","A3_25_19","Own sarees","{""Yes"":1,""No"":2,""Does not know"":999}",316,10,2,"1 302; NA 10; 2 4"
"survey","A3_25_19_q","If yes, how many","[]",316,14,28,"10 46; 4 42; 5 32"
"survey","A3_26","How many golas owned","[]",316,10,5,"0 221; 1 69; 2 13"
"survey","A3_27","Own livestock/cattle/birds","{""Yes"":1,""No"":2,""Does not know"":999}",316,10,2,"1 253; 2 53; NA 10"
"survey","A3_28","How many birds","[]",316,10,24,"0 153; 4 22; 10 20"
"survey","A3_29","How many pigs","[]",316,10,3,"0 302; NA 10; 1 3"
"survey","A3_30","How many sheep","[]",316,10,8,"0 293; NA 10; 4 4"
"survey","A3_31","How many goats","[]",316,10,12,"0 211; 2 28; 1 22"
"survey","A3_32","How many cows","[]",316,10,12,"0 126; 2 61; 1 53"
"survey","A3_33","How many bullocks","[]",316,10,7,"0 193; 2 85; 4 14"
"survey","A3_34","How many buffaloes","[]",316,10,6,"0 278; 2 19; NA 10"
"survey","A3_35_1","Cultivation","{""Yes"":1,""No"":2,""Does not know"":999}",316,92,1,"1 224; NA 92"
"survey","A3_35_2","Agricultural labor","{""Yes"":1,""No"":2,""Does not know"":999}",316,265,1,"NA 265; 1 51"
"survey","A3_35_3","Own farm enterprise","{""Yes"":1,""No"":2,""Does not know"":999}",316,308,1,"NA 308; 1 8"
"survey","A3_35_4","Daily labor","{""Yes"":1,""No"":2,""Does not know"":999}",316,270,1,"NA 270; 1 46"
"survey","A3_35_5","Salaried employment","{""Yes"":1,""No"":2,""Does not know"":999}",316,249,1,"NA 249; 1 67"
"survey","A3_35_6","Non-agro self-employment","{""Yes"":1,""No"":2,""Does not know"":999}",316,237,1,"NA 237; 1 79"
"survey","A3_35_7","Rent","{""Yes"":1,""No"":2,""Does not know"":999}",316,309,1,"NA 309; 1 7"
"survey","A3_35_8","Remittances fr family members","{""Yes"":1,""No"":2,""Does not know"":999}",316,309,1,"NA 309; 1 7"
"survey","A3_35_9","Interest and dividends","{""Yes"":1,""No"":2,""Does not know"":999}",316,309,1,"NA 309; 1 7"
"survey","A3_35_10","Pension","{""Yes"":1,""No"":2,""Does not know"":999}",316,290,1,"NA 290; 1 26"
"survey","A3_36","Main source of income","{""Cultivation"":1,""Agricultural labour"":2,""Own farm enterprise"":3,""Daily labour"":4,""Salaried employment"":5,""Non-agricultural self-employment"":6,""Rent"":7,""Remittances from family members"":8,""Interest and dividends"":9,""Pension"":10}",316,10,9,"1 163; 5 46; 6 38"
"survey","A3_37","Any outstanding loan","{""Yes"":1,""No"":2,""Does not know"":999}",316,10,3,"1 156; 2 148; NA 10"
"survey","A3_38_1","From commercial bank","{""Yes"":1,""No"":2,""Does not know"":999}",316,224,1,"NA 224; 1 92"
"survey","A3_38_2","From co-operative society","{""Yes"":1,""No"":2,""Does not know"":999}",316,292,1,"NA 292; 1 24"
"survey","A3_38_3","From panchayat","{""Yes"":1,""No"":2,""Does not know"":999}",316,311,1,"NA 311; 1 5"
"survey","A3_38_4","From money lender","{""Yes"":1,""No"":2,""Does not know"":999}",316,310,1,"NA 310; 1 6"
"survey","A3_38_5","From microfinance groups","{""Yes"":1,""No"":2,""Does not know"":999}",316,315,1,"NA 315; 1 1"
"survey","A3_38_6","From employer/landlord","[]",316,0,1," 316; NA 0"
"survey","A3_38_7","From shopkeeper/trader","{""Yes"":1,""No"":2,""Does not know"":999}",316,298,1,"NA 298; 1 18"
"survey","A3_38_8","From relatives/friends","{""Yes"":1,""No"":2,""Does not know"":999}",316,312,1,"NA 312; 1 4"
"survey","A3_38_888_1","Specify, if other","[]",316,0,13," 286; Mayurakshi Gramin Bank 15; Myurakshi Gramin Bank 5"
"survey","A3_38_888_2","Specify, if other","[]",316,0,1," 316; NA 0"
"survey","A3_38_999","Does not know","[]",316,0,1," 316; NA 0"
"survey","A3_39_1","In whose name is loan (member ID)","[]",316,160,6,"NA 160; 1 104; 2 31"
"survey","A3_39_2","In whose name is loan (member ID)","[]",316,296,6,"NA 296; 3 9; 2 5"
"survey","A3_39_3","In whose name is loan (member ID)","[]",316,313,2,"NA 313; 3 2; 4 1"
"survey","A3_39_4","In whose name is loan (member ID)","[]",316,315,1,"NA 315; 6 1"
"survey","A4_1","Sought work on employment generating scheme","{""Yes"":1,""Applied but didn't get"":2,""No"":3,""Does not know"":999}",316,10,3,"3 247; 2 42; 1 17"
"survey","A4_2","Days men worked on empl generating scheme","{""Days"":1,""Weeks"":2,""Months"":3,""Does not know"":999}",316,299,6,"NA 299; 2 8; 999 4"
"survey","A4_3","Days women worked on empl generating scheme","{""Days"":1,""Weeks"":2,""Months"":3,""Does not know"":999}",316,299,6,"NA 299; 999 6; 777 4"
"survey","A4_4","Daily wage for men (Rs)","[]",316,299,6,"NA 299; 62 10; 999 3"
"survey","A4_5","Daily wage for women (Rs)","[]",316,299,5,"NA 299; 62 6; 777 4"
"survey","A4_6","Applied for/received pension","{""Yes"":1,""Applied but didn't get"":2,""No"":3,""Does not know"":999}",316,10,3,"3 269; 1 31; NA 10"
"survey","A4_7","Applied for/received assets thru panchayat","{""Yes"":1,""Applied but didn't get"":2,""No"":3,""Does not know"":999}",316,10,3,"3 295; NA 10; 1 8"
"survey","A4_8","Applied for/received vocational training","{""Yes"":1,""Applied but didn't get"":2,""No"":3,""Does not know"":999}",316,10,3,"3 281; 1 19; NA 10"
"survey","A4_9","Applied for other schemes thru panchayat","{""Yes"":1,""No"":2,""Does not know"":999}",316,10,2,"2 279; 1 27; NA 10"
"survey","A4_10","Benefit from other panchayat scheme","{""Yes"":1,""No"":2,""Does not know"":999}",316,289,2,"NA 289; 2 15; 1 12"
"survey","A4_11_1","Employment Assurance Scheme","{""Yes"":1,""No"":2,""Does not know"":999}",316,313,1,"NA 313; 1 3"
"survey","A4_11_2","Integrated Child Development Scheme","[]",316,0,1," 316; NA 0"
"survey","A4_11_3","National Maternity Benefit Scheme","[]",316,0,1," 316; NA 0"
"survey","A4_11_4","Family Benefit Scheme","[]",316,0,1," 316; NA 0"
"survey","A4_11_5","Antoday Yojana","{""Yes"":1,""No"":2,""Does not know"":999}",316,314,1,"NA 314; 1 2"
"survey","A4_11_6","Annapurna Yojana","[]",316,0,1," 316; NA 0"
"survey","A4_11_888_1","Specify, if other","[]",316,0,7," 308; IAY 2; Widow Pension 2"
"survey","A4_11_888_2","Specify, if other","[]",316,0,2," 315; DRDA 1; NA 0"
"survey","A4_11_999","Does not know","[]",316,0,1," 316; NA 0"
"survey","A5_1","Paid tax to GP in last yr","{""Yes"":1,""No"":2,""Does not know"":999}",316,10,3,"1 269; 2 34; NA 10"
"survey","A5_2_1","House tax","{""Yes"":1,""No"":2,""Does not know"":999}",316,59,1,"1 257; NA 59"
"survey","A5_2_2","Water tax","{""Yes"":1,""No"":2,""Does not know"":999}",316,304,1,"NA 304; 1 12"
"survey","A5_2_3","Education tax","{""Yes"":1,""No"":2,""Does not know"":999}",316,306,1,"NA 306; 1 10"
"survey","A5_2_999","Does not know","[]",316,0,1," 316; NA 0"
"survey","A5_2_888_1","Specify, if other","[]",316,0,10," 246; Land 53; Bullock cart 5"
"survey","A5_2_888_2","Specify, if other","[]",316,0,7," 308; Bullock cart 2; Land 2"
"survey","A5_3","How much paid in total (Rs)","[]",316,132,79,"NA 132; 60 12; 25 10"
"survey","A5_4","Contributed to public works in village","{""Yes"":1,""No"":2,""Does not know"":999}",316,10,3,"1 195; 2 110; NA 10"
"survey","A5_5","What public works","{""Water facility repair"":1,""School repair"":2,""Road repair"":3,""Other (specify)"":888}",316,121,4,"NA 121; 1 68; 3 57"
"survey","A5_5_888_1","Specify, if other","[]",316,0,18," 296; Construction of  temple 3; Construction of drain 2"
"survey","A5_5_888_2","Specify, if other","[]",316,0,1," 316; NA 0"
"survey","A5_6","Who organized public work","{""Gram panchayat"":1,""Block panchayat"":2,""State government"":3,""NGO"":4,""Community leader"":5,""Other (specify)"":888,""Does not know"":999}",316,121,7,"1 128; NA 121; 888 28"
"survey","A5_6_888_1","Specify, if other","[]",316,0,14," 287; Villagers 11; Teachers of the school 3"
"survey","A5_6_888_2","Specify, if other","[]",316,0,2," 315; Benificiary Committee 1; NA 0"
"survey","A5_7","How much cash contributed (Rs)","[]",316,0,20," 182; 0 89; 500 13"
"survey","A5_8","How many man-hours contributed","[]",316,121,33,"NA 121; 10 23; 8 21"
"survey","A6_1","Applied for/received ration card","{""Yes, applied for and got card"":1,""Applied for but did not get card"":2,""Not eligible"":3,""No"":4,""Does not know"":999}",316,10,4,"1 289; NA 10; 2 6"
"survey","A6_2","Color of ration card","{""Pink"":1,""Yellow"":2,""White"":3,""Not available"":777,""Other (specify)"":888}",316,24,5,"3 152; 1 73; 777 42"
"survey","A6_2_888_1","Specify, if other","[]",316,0,5," 301; Red 8; Green 5"
"survey","A6_2_888_3","Specify, if other","[]",316,0,1," 316; NA 0"
"survey","A6_3","Year received ration card","[]",316,0,42," 64; 2005 16; 1983 15"
"survey","A6_4","Applied for/received BPL card","{""Yes, applied for and got card"":1,""Applied for but did not get card"":2,""Not eligible"":3,""No"":4,""Does not know"":999}",316,10,5,"3 114; 4 114; 1 40"
"survey","A6_5","Color of BPL card","{""Pink"":1,""Yellow"":2,""White"":3,""Not available"":777,""Other (specify)"":888}",316,276,5,"NA 276; 888 17; 777 12"
"survey","A6_5_888_1","Specify, if other","[]",316,0,3," 299; Green 15; Blue 2"
"survey","A6_5_888_2","Specify, if other","[]",316,0,1," 316; NA 0"
"survey","A6_6","Year received BPL card","[]",316,285,8,"NA 285; 2005 12; 2004 6"
"survey","A6_8","Reason not own BPL card","{""Have not applied so far"":1,""Refused by panchayat"":2,""No proof of address"":3,""Not required"":4,""Other (specify)"":888}",316,247,4,"NA 247; 888 19; 4 18"
"survey","A6_8_888_1","Specify, if other","[]",316,0,14," 297; BDO refused to provide 3; Due to court case 3"
"survey","A6_8_888_2","Specify, if other","[]",316,0,1," 316; NA 0"
"survey","A7","Current pradhan","{""Yes"":1,""No"":2,""Does not know"":999}",316,9,2,"1 161; 2 146; NA 9"
"survey","A7_1","Other main activities","{""Work on your field"":1,""Work as an agricultural laborer"":2,""Work as a non-agricultural laborer"":3,""Housework"":4,""Studying"":5,""No other activity"":6,""Other (specify)"":888}",316,154,7,"NA 154; 1 58; 4 50"
"survey","A7_1_888_1","Specify, if other","[]",316,0,18," 288; Business 4; Private tution 4"
"survey","A7_1_888_2","Specify, if other","[]",316,0,2," 315; Welfare works for the villagers 1; NA 0"
"survey","A7_2","Hrs/wk spent on pradhan activities","[]",316,155,44,"NA 155; 35 25; 42 18"
"survey","A7_3_1","Important activity to be done","[]",316,0,78," 155; Issuing certificates 23; Improving the availability of drinking water 17"
"survey","A7_3_2","Important activity to be done","[]",316,0,89," 155; Improving upon availability of drinking water 20; 999 12"
"survey","A7_3_3","Important activity to be done","[]",316,0,94," 158; 999 30; Improvement of availability of drinking water 7"
"survey","A7_4_1","Time consuming activity to be done","[]",316,0,90," 156; 999 20; Road repairing 12"
"survey","A7_4_2","Time consuming activity to be done","[]",316,0,80," 157; 999 37; Road repairing 14"
"survey","A7_4_3","Time consuming activity to be done","[]",316,0,76," 158; 999 68; Construction of roads 3"
"survey","A7_5","Other panchayat responsibilities","{""Yes"":1,""No"":2,""Does not know"":999}",316,154,3,"NA 154; 2 82; 1 79"
"survey","A7_6","What responsibilities","{""PS member"":1,""ZP member"":2,""Other (specify)"":888}",316,169,3,"NA 169; 1 71; 2 61"
"survey","A7_6_888_1","Specify, if other","[]",316,0,15," 301; Chairman of VEC 2; Booth Member 1"
"survey","A7_6_888_2","Specify, if other","[]",316,0,3," 314; Education planning 1; Works for social welfare 1"
"survey","A7_7_pradhan","When elected GP for 1st time","{""1998"":1,""2003"":2,""Does not know"":999}",316,155,14,"NA 155; 2 93; 2003 19"
"survey","A7_8","How many times elected","[]",316,155,7,"NA 155; 1 111; 2 31"
"survey","A7_9","Family helps in pradhan work","{""Yes"":1,""No"":2,""Does not know"":999}",316,155,2,"NA 155; 1 86; 2 75"
"survey","A7_10_1_pradhan","Spouse","{""Yes"":1,""No"":2,""Does not know"":999}",316,254,1,"NA 254; 1 62"
"survey","A7_10_2","Parent","{""Yes"":1,""No"":2,""Does not know"":999}",316,303,1,"NA 303; 1 13"
"survey","A7_10_3","Sibling","{""Yes"":1,""No"":2,""Does not know"":999}",316,305,1,"NA 305; 1 11"
"survey","A7_10_888_1","Specify, if other","[]",316,0,9," 289; Daughter 7; Sons 7"
"survey","A7_10_888_2","Specify, if other","[]",316,0,5," 312; Aunty 1; Daughter 1"
"survey","A7_11","Member of family ran but not elected","{""Yes"":1,""No"":2,""Does not know"":999}",316,155,2,"NA 155; 2 145; 1 16"
"survey","A7_12_1","Spouse","{""Yes"":1,""No"":2,""Does not know"":999}",316,309,1,"NA 309; 1 7"
"survey","A7_12_2","Parent","{""Yes"":1,""No"":2,""Does not know"":999}",316,315,1,"NA 315; 1 1"
"survey","A7_12_3","Sibling","{""Yes"":1,""No"":2,""Does not know"":999}",316,314,1,"NA 314; 1 2"
"survey","A7_12_888_1","Specify, if other","[]",316,0,5," 310; Brother-in-law 2; Sister-in-law 2"
"survey","A7_12_888_2","Specify, if other","[]",316,0,1," 316; NA 0"
"survey","A7_13_pradhan","Plan to run for pradhan in 2008","{""Yes"":1,""No"":2,""If my party asks me"":3,""If people want me"":4,""If my family permits"":5,""If my means permit"":6,""Other (specify)"":888,""Does not know"":999}",316,155,7,"NA 155; 3 60; 2 40"
"survey","A7_13_888_1","Specify, if other","[]",316,0,2," 315; I will try 1; NA 0"
"survey","A7_13_888_2","Specify, if other","[]",316,0,1," 316; NA 0"
"survey","A7_14","Why not run for pradhan in 2008","{""Position reserved for other group"":1,""Not interested"":2,""Stood for a different political position"":3,""It is too much work"":4,""Other GP members not keen on my standing"":5,""Other villagers not interested in my standing"":6,""Members of my family not interested in my standing"":7,""Other (specify)"":888,""Does not know/can't say"":999}",316,263,6,"NA 263; 2 28; 999 9"
"survey","A7_14_888_1","Specify, if other","[]",316,0,5," 312; Caring for the family 1; Not yet decided 1"
"survey","A7_14_888_2","Specify, if other","[]",316,0,1," 316; NA 0"
"survey","A7_15","Member of family plans to run","{""Yes"":1,""No"":2,""Does not know"":999}",316,264,2,"NA 264; 2 44; 1 8"
"survey","A7_16_1","Spouse","{""Yes"":1,""No"":2,""Does not know"":999}",316,312,1,"NA 312; 1 4"
"survey","A7_16_2","Parent","[]",316,0,1," 316; NA 0"
"survey","A7_16_3","Sibling","{""Yes"":1,""No"":2,""Does not know"":999}",316,315,1,"NA 315; 1 1"
"survey","A7_16_888_1","Specify, if other","[]",316,0,1," 316; NA 0"
"survey","A7_16_888_2","Specify, if other","[]",316,0,1," 316; NA 0"
"survey","A8","Current pradhan","{""Yes"":1,""No"":2,""Does not know"":999}",316,9,2,"1 161; 2 146; NA 9"
"survey","A8_1","Before elected, attended GS","{""Yes, attended gram sansad only"":1,""Yes, attended gram sabha only"":2,""Yes, attended both gram sabha and gram sansad"":3,""No"":4,""Other (specify)"":888}",316,155,4,"NA 155; 3 83; 1 37"
"survey","A8_1_888_1","Specify, if other","[]",316,0,1," 316; NA 0"
"survey","A8_1_888_2","Specify, if other","[]",316,0,1," 316; NA 0"
"survey","A8_2","Participated in total literacy program","{""Yes"":1,""No"":2,""Does not know"":999}",316,155,2,"NA 155; 1 114; 2 47"
"survey","A8_3","Participated in what capacity","{""As a learner"":1,""As a VT/MT"":2,""As a motivator"":3,""As an organizer"":4,""Other (specify)"":888}",316,202,5,"NA 202; 4 54; 2 24"
"survey","A8_3_888_1","Specify, if other","[]",316,0,9," 307; Teaching without taking any salary 2; As a committee member 1"
"survey","A8_3_888_2","Specify, if other","[]",316,0,1," 316; NA 0"
"survey","A8_4","Who suggested running","{""Local party leader"":1,""Local community leader"":2,""Spouse"":3,""Relatives, other than spouse"":4,""Neighbours"":5,""There were many persons who came in a group"":6,""Nobody, decided myself"":7,""Other (specify)"":888,""Does not know/remember"":999}",316,155,8,"NA 155; 1 94; 5 21"
"survey","A8_4_888_1","Specify, if other","[]",316,0,9," 303; Party 5; Local Committee of the party 2"
"survey","A8_4_888_2","Specify, if other","[]",316,0,1," 316; NA 0"
"survey","A8_5","Immediately agreed","{""Yes"":1,""No"":2,""Does not know"":999}",316,155,2,"NA 155; 2 94; 1 67"
"survey","A8_6_1","Local party leader persuaded","{""Yes"":1,""No"":2,""Does not know"":999}",316,275,1,"NA 275; 1 41"
"survey","A8_6_2","Local community leader persuaded","{""Yes"":1,""No"":2,""Does not know"":999}",316,305,1,"NA 305; 1 11"
"survey","A8_6_3","Spouse persuaded","{""Yes"":1,""No"":2,""Does not know"":999}",316,300,1,"NA 300; 1 16"
"survey","A8_6_4","Inlaws persuaded","{""Yes"":1,""No"":2,""Does not know"":999}",316,311,1,"NA 311; 1 5"
"survey","A8_6_5","Non-spouse relatives persuaded","{""Yes"":1,""No"":2,""Does not know"":999}",316,291,1,"NA 291; 1 25"
"survey","A8_6_6","Neighbors persuaded","{""Yes"":1,""No"":2,""Does not know"":999}",316,309,1,"NA 309; 1 7"
"survey","A8_6_7","Political opponents persuaded","{""Yes"":1,""No"":2,""Does not know"":999}",316,310,1,"NA 310; 1 6"
"survey","A8_6_888_1","Specify, if other","[]",316,0,8," 307; Party 2; Villagers 2"
"survey","A8_6_888_2","Specify, if other","[]",316,0,1," 316; NA 0"
"survey","A8_6_999","Does not know","[]",316,0,1," 316; NA 0"
"survey","A8_7","Anyone oppose running","{""Yes"":1,""No"":2,""Does not know"":999}",316,155,2,"NA 155; 2 110; 1 51"
"survey","A8_8_1","Local party leader persuaded","{""Yes"":1,""No"":2,""Does not know"":999}",316,291,1,"NA 291; 1 25"
"survey","A8_8_2","Local community leader opposed","{""Yes"":1,""No"":2,""Does not know"":999}",316,307,1,"NA 307; 1 9"
"survey","A8_8_3","Spouse opposed","{""Yes"":1,""No"":2,""Does not know"":999}",316,306,1,"NA 306; 1 10"
"survey","A8_8_4","Inlaws opposed","{""Yes"":1,""No"":2,""Does not know"":999}",316,311,1,"NA 311; 1 5"
"survey","A8_8_5","Non-spouse relatives opposed","{""Yes"":1,""No"":2,""Does not know"":999}",316,313,1,"NA 313; 1 3"
"survey","A8_8_6","Neighbors opposed","[]",316,0,1," 316; NA 0"
"survey","A8_8_7","Political opponents opposed","{""Yes"":1,""No"":2,""Does not know"":999}",316,315,1,"NA 315; 1 1"
"survey","A8_8_888_1","Specify, if other","[]",316,0,2," 305; Opponent Party 11; NA 0"
"survey","A8_8_888_2","Specify, if other","[]",316,0,1," 316; NA 0"
"survey","A8_8_999","Does not know","[]",316,314,1,"NA 314; 1 2"
"survey","A8_9_pradhan","Before elected, aware how panch functions","{""Yes"":1,""Not quite"":2,""No"":3}",316,155,3,"NA 155; 3 67; 1 55"
"survey","A8_10","Before elected, knew responsibilities","{""Yes"":1,""Not quite"":2,""No"":3}",316,155,3,"NA 155; 1 69; 2 46"
"survey","A8_10_chk","Was not aware","{""Yes"":1,""No"":2,""Does not know"":999}",316,155,2,"NA 155; 1 132; 2 29"
"survey","A8_11_1","Trained by party","{""Yes"":1,""No"":2,""Does not know"":999}",316,257,1,"NA 257; 1 59"
"survey","A8_11_2","Trained by elders/former members","{""Yes"":1,""No"":2,""Does not know"":999}",316,312,1,"NA 312; 1 4"
"survey","A8_11_3","Trained by local gov officials","{""Yes"":1,""No"":2,""Does not know"":999}",316,294,1,"NA 294; 1 22"
"survey","A8_11_4","Trained formally by gov agencies","{""Yes"":1,""No"":2,""Does not know"":999}",316,281,1,"NA 281; 1 35"
"survey","A8_11_5_pradhan","No training","{""Yes"":1,""No"":2,""Does not know"":999}",316,314,1,"NA 314; 1 2"
"survey","A8_11_888_1","Specify, if other","[]",316,0,3," 311; Can't Say 4; Learnt from the previous pradhan 1"
"survey","A8_11_888_2","Specify, if other","[]",316,0,1," 316; NA 0"
"survey","A8_12","Now feel competent to discharge duties","{""Yes"":1,""There are other problems"":2,""No"":3,""Other (specify)"":888}",316,155,5,"NA 155; 1 117; 2 28"
"survey","A8_12_888_1","Specify, if other","[]",316,0,1," 316; NA 0"
"survey","A8_12_888_2","Specify, if other","[]",316,0,1," 316; NA 0"
"survey","A8_13","Receive help from gov functionaries","{""Yes"":1,""No"":2,""Other (specify)"":3}",316,155,2,"NA 155; 1 86; 2 75"
"survey","A8_13_chk","Respondent female","{""Yes"":1,""No"":2,""Does not know"":999}",316,155,2,"NA 155; 2 90; 1 71"
"survey","A8_13_888_1","Specify, if other","[]",316,0,1," 316; NA 0"
"survey","A8_13_888_2","Specify, if other","[]",316,0,1," 316; NA 0"
"survey","A8_14","Gender causes problems discharging duties","{""Yes"":1,""No"":2,""Does not know"":999}",316,245,2,"NA 245; 2 50; 1 21"
"survey","A8_15_1","Resentment from family","{""Yes"":1,""No"":2,""Does not know"":999}",316,310,1,"NA 310; 1 6"
"survey","A8_15_2","Unreasonable requests from neighbors","{""Yes"":1,""No"":2,""Does not know"":999}",316,309,1,"NA 309; 1 7"
"survey","A8_15_3","Competition from elected members","{""Yes"":1,""No"":2,""Does not know"":999}",316,314,1,"NA 314; 1 2"
"survey","A8_15_4","Pressure from parties","{""Yes"":1,""No"":2,""Does not know"":999}",316,312,1,"NA 312; 1 4"
"survey","A8_15_5","Non-cooperation from gov functionaries","{""Yes"":1,""No"":2,""Does not know"":999}",316,315,1,"NA 315; 1 1"
"survey","A8_15_6","Distrust from panchayat members","[]",316,0,1," 316; NA 0"
"survey","A8_15_888_1","Specify, if other","[]",316,0,5," 312; Personal problem 1; Problem created by the opponent party 1"
"survey","A8_15_888_2","Specify, if other","[]",316,0,1," 316; NA 0"
"survey","A8_16","Panch has necessary powers","{""Yes"":1,""No"":2,""Does not know"":999}",316,155,2,"NA 155; 2 91; 1 70"
"survey","A8_17","Panch has necessary resources","{""Yes"":1,""No"":2,""Does not know"":999}",316,155,2,"NA 155; 2 98; 1 63"
"survey","A8_18","Main achievement as pradhan","[]",316,0,84," 155; 999 22; Constructing roads 10"
"survey","A9","Current pradhan","{""Yes"":1,""No"":2,""Does not know"":999}",316,9,2,"1 161; 2 146; NA 9"
"survey","A9_1","Any current political position","{""Yes"":1,""No"":2,""Does not know"":999}",316,170,2,"NA 170; 2 83; 1 63"
"survey","A9_2_1","Booth member","{""Yes"":1,""No"":2,""Does not know"":999}",316,289,1,"NA 289; 1 27"
"survey","A9_2_2","GP pradhan","[]",316,0,1," 316; NA 0"
"survey","A9_2_3","Member of higher panchayat","{""Yes"":1,""No"":2,""Does not know"":999}",316,311,1,"NA 311; 1 5"
"survey","A9_2_4","MP","{""Yes"":1,""No"":2,""Does not know"":999}",316,315,1,"NA 315; 1 1"
"survey","A9_2_5","MLA","[]",316,0,1," 316; NA 0"
"survey","A9_2_6","Youth party president","{""Yes"":1,""No"":2,""Does not know"":999}",316,313,1,"NA 313; 1 3"
"survey","A9_2_7","District/block level posts in party","{""Yes"":1,""No"":2,""Does not know"":999}",316,304,1,"NA 304; 1 12"
"survey","A9_2_8","Mahila samiti","{""Yes"":1,""No"":2,""Does not know"":999}",316,311,1,"NA 311; 1 5"
"survey","A9_2_999","Does not know","[]",316,0,1," 316; NA 0"
"survey","A9_2_888_1","Specify, if other","[]",316,0,14," 293; Member of the Local Committee of the party 7; Secratery of the Local Committee of the party 5"
"survey","A9_2_888_2","Specify, if other","[]",316,0,4," 313; 2 1; Panchayat Upa Prodhan 1"
"survey","A9_3","Ran for pradhan in 2003","{""Yes"":1,""No"":2,""Does not know"":999}",316,170,2,"NA 170; 2 118; 1 28"
"survey","A9_4_1","Position reserved for other group","{""Yes"":1,""No"":2,""Does not know"":999}",316,274,1,"NA 274; 1 42"
"survey","A9_4_2","Not interested","{""Yes"":1,""No"":2,""Does not know"":999}",316,271,1,"NA 271; 1 45"
"survey","A9_4_3","Stood for different political position","{""Yes"":1,""No"":2,""Does not know"":999}",316,311,1,"NA 311; 1 5"
"survey","A9_4_4","Too much work","{""Yes"":1,""No"":2,""Does not know"":999}",316,315,1,"NA 315; 1 1"
"survey","A9_4_5","Other GP members don't approve","{""Yes"":1,""No"":2,""Does not know"":999}",316,312,1,"NA 312; 1 4"
"survey","A9_4_6","Other villagers not interested","{""Yes"":1,""No"":2,""Does not know"":999}",316,315,1,"NA 315; 1 1"
"survey","A9_4_7","Members of family not interested","{""Yes"":1,""No"":2,""Does not know"":999}",316,310,1,"NA 310; 1 6"
"survey","A9_4_999","Does not know/can't say","[]",316,313,1,"NA 313; 1 3"
"survey","A9_4_888_1","Specify, if other","[]",316,0,9," 302; Decision of the Party 4; Reserved for women 4"
"survey","A9_4_888_2","Specify, if other","[]",316,0,2," 315; Got a job 1; NA 0"
"survey","A9_5","Felt competent to discharge duties","{""Yes"":1,""There were problems"":2,""No"":3}",316,170,3,"NA 170; 1 124; 2 19"
"survey","A9_6","Received help from gov functionaries","[]",316,170,2,"NA 170; 1 127; 2 19"
"survey","A9_6_chk","Respondent female","{""Yes"":1,""No"":2,""Does not know"":999}",316,170,2,"NA 170; 2 91; 1 55"
"survey","A9_7","Gender caused problems in discharging duties","[]",316,261,2,"NA 261; 2 42; 1 13"
"survey","A9_8_1","Resentment from family","{""Yes"":1,""No"":2,""Does not know"":999}",316,313,1,"NA 313; 1 3"
"survey","A9_8_2","Unreasonable requests from neighbors","{""Yes"":1,""No"":2,""Does not know"":999}",316,310,1,"NA 310; 1 6"
"survey","A9_8_3","Competition from elected members","{""Yes"":1,""No"":2,""Does not know"":999}",316,313,1,"NA 313; 1 3"
"survey","A9_8_4","Pressure from parties","{""Yes"":1,""No"":2,""Does not know"":999}",316,312,1,"NA 312; 1 4"
"survey","A9_8_5","Non-cooperation from gov functionaries","{""Yes"":1,""No"":2,""Does not know"":999}",316,314,1,"NA 314; 1 2"
"survey","A9_8_6","Distrust from panchayat members","{""Yes"":1,""No"":2,""Does not know"":999}",316,313,1,"NA 313; 1 3"
"survey","A9_8_888_1","Specify, if other","[]",316,0,3," 313; Problem of communication 2; Problem in attending the meetings at night 1"
"survey","A9_8_888_2","Specify, if other","[]",316,0,1," 316; NA 0"
"survey","A9_9","Panch has necessary powers","{""Yes"":1,""No"":2,""Does not know"":999}",316,170,2,"NA 170; 2 87; 1 59"
"survey","A9_10","Panch has necessary resources","{""Yes"":1,""No"":2,""Does not know"":999}",316,170,2,"NA 170; 2 95; 1 51"
"survey","A9_11","Main achievement as pradhan","[]",316,0,76," 170; Constructing roads 17; Improving the availability of drinking water 11"
"survey","totalchilds","Total children ever had","[]",316,5,10,"2 98; 3 69; 1 61"
"survey","B1_1","Total children ever had","[]",316,5,9,"2 97; 3 67; 1 62"
"survey","B1_2_chk","Unmarried children under 19","{""Yes"":1,""No"":2,""Does not know"":999}",316,5,2,"1 210; 2 101; NA 5"
"survey","C1_1_1","Member of Legislative Assembly","[]",316,0,45,"Bijoy Bagdi 31; Bishnu Let 24; Asish Banerjee 21"
"survey","C1_1_2","Can correctly name","{""Yes"":1,""No"":2,""Does not know"":999}",316,10,3,"1 238; 2 38; 999 30"
"survey","C1_1_chk","Respondent literate","{""Yes"":1,""No"":2,""Does not know"":999}",316,10,2,"1 294; 2 12; NA 10"
"survey","C1_2","Reads newspaper","{""Yes"":1,""No"":2,""Does not know"":999}",316,22,2,"1 256; 2 38; NA 22"
"survey","C1_3","Voted in last MLA election","{""Yes"":1,""No"":2,""Does not know"":999}",316,10,3,"1 302; NA 10; 2 3"
"survey","C2","Vignette type","{""Vignette 1"":1,""Vignette 2"":2,""Vignette 3"":3,""Vignette 4"":4}",316,11,4,"2 97; 1 82; 3 70"
"survey","C2_1","Agree with Shri Tapan Das/Shrimati Sandhya Das","{""Yes"":1,""No"":2,""Does not know"":999}",316,11,2,"1 193; 2 112; NA 11"
"survey","C2_2","Would give priority to which issue","{""Drinking water"":1,""Roads"":2,""Other (specify)"":3}",316,11,3,"1 276; 2 27; NA 11"
"survey","C2_2_888_1","Specify, if other","[]",316,0,3," 314; 
Irrigation water can use for drinking purpose 1; Both 1"
"survey","C2_2_888_2","Specify, if other","[]",316,0,1," 316; NA 0"
"survey","C2_3","How much does STD/SSD care about villagers","{""1 (lowest ranking)"":1,""10 (highest ranking)"":10}",316,11,11,"10 70; 6 41; 8 41"
"survey","C2_4","Would vote STD/SSD for pradhan","{""Yes"":1,""No"":2,""Does not know"":999}",316,11,3,"1 218; 2 71; 999 16"
"survey","C2_5","Effectiveness of STD/SSD","{""1 (lowest ranking)"":1,""10 (highest ranking)"":10}",316,11,11,"10 66; 8 56; 5 38"
"survey","C3","Current pradhan","{""Yes"":1,""No"":2,""Does not know"":999}",316,11,2,"1 161; 2 144; NA 11"
"survey","C3_1","How many GSs held last year","[]",316,155,3,"NA 155; 1 140; 2 15"
"survey","C3_2","Who calls GS","{""Booth members"":1,""Pradhan"":2,""Upa-pradhan"":3,""Village secretary"":4,""Government official"":5,""Higher panchayat member"":6,""Community leader/influential person in village/ex-pradhan"":7,""Other (specify)"":888,""Does not know/cannot say"":999}",316,155,8,"NA 155; 2 69; 1 38"
"survey","C3_2_888_1","Specify, if other","[]",316,0,8," 295; Panchyat members 7; Panchayat board 6"
"survey","C3_2_888_2","Specify, if other","[]",316,0,1," 316; NA 0"
"survey","C3_3_1","GS announced by village notice","{""Yes"":1,""No"":2,""Does not know"":999}",316,279,1,"NA 279; 1 37"
"survey","C3_3_2","GS announced by public announcement","{""Yes"":1,""No"":2,""Does not know"":999}",316,182,1,"NA 182; 1 134"
"survey","C3_3_3","GS announced by beating of drums","{""Yes"":1,""No"":2,""Does not know"":999}",316,213,1,"NA 213; 1 103"
"survey","C3_3_4","GS announced by pamphlet","{""Yes"":1,""No"":2,""Does not know"":999}",316,275,1,"NA 275; 1 41"
"survey","C3_3_5","GS announced by newspaper/magazine","{""Yes"":1,""No"":2,""Does not know"":999}",316,313,1,"NA 313; 1 3"
"survey","C3_3_6","GS announced by radio/television","[]",316,0,1," 316; NA 0"
"survey","C3_3_7","GS announced by gov official/GP secretary","{""Yes"":1,""No"":2,""Does not know"":999}",316,315,1,"NA 315; 1 1"
"survey","C3_3_8","GS announced by pradhan/ward member","{""Yes"":1,""No"":2,""Does not know"":999}",316,302,1,"NA 302; 1 14"
"survey","C3_3_9","GS announced by party worker","{""Yes"":1,""No"":2,""Does not know"":999}",316,296,1,"NA 296; 1 20"
"survey","C3_3_10","GS announced by NGO staff","{""Yes"":1,""No"":2,""Does not know"":999}",316,314,1,"NA 314; 1 2"
"survey","C3_3_11","GS announced by community leader","{""Yes"":1,""No"":2,""Does not know"":999}",316,312,1,"NA 312; 1 4"
"survey","C3_3_12","GS announced by friend/neighbor/relative","{""Yes"":1,""No"":2,""Does not know"":999}",316,314,1,"NA 314; 1 2"
"survey","C3_3_13","Did not hear about GS","[]",316,0,1," 316; NA 0"
"survey","C3_3_888_1","Specify, if other","[]",316,0,8," 305; Through handbill 4; Through leaflet 2"
"survey","C3_3_888_2","Specify, if other","[]",316,0,1," 316; NA 0"
"survey","C3_3_999","Does not know","[]",316,0,1," 316; NA 0"
"survey","C3_4","How many villagers attended GS","[]",316,155,61,"NA 155; 300 22; 500 15"
"survey","C3_5","Of participants, % of women","[]",316,155,32,"NA 155; 30 24; 20 18"
"survey","C3_6","Of participants, % of SC","[]",316,155,28,"NA 155; 999 22; 30 17"
"survey","C3_7","Of participants, % of ST","[]",316,155,23,"NA 155; 0 25; 10 24"
"survey","C3_8","Chaired last GS","{""Yes"":1,""No"":2,""Does not know"":999}",316,155,3,"NA 155; 1 124; 2 36"
"survey","C3_9_1","All ward members req'ed to attend","{""Yes"":1,""No"":2,""Does not know"":999}",316,180,1,"NA 180; 1 136"
"survey","C3_9_2","Pradhan req'ed to attend","{""Yes"":1,""No"":2,""Does not know"":999}",316,165,1,"NA 165; 1 151"
"survey","C3_9_3","Upa-pradhan req'ed to attend","{""Yes"":1,""No"":2,""Does not know"":999}",316,163,1,"NA 163; 1 153"
"survey","C3_9_4","Secretary req'ed to attend","{""Yes"":1,""No"":2,""Does not know"":999}",316,169,1,"NA 169; 1 147"
"survey","C3_9_5","Higher panch req'ed to attend","{""Yes"":1,""No"":2,""Does not know"":999}",316,194,1,"NA 194; 1 122"
"survey","C3_9_6","Rep of financial inst req'ed to attend","{""Yes"":1,""No"":2,""Does not know"":999}",316,267,1,"NA 267; 1 49"
"survey","C3_9_7","District collectors req'ed to attend","{""Yes"":1,""No"":2,""Does not know"":999}",316,287,1,"NA 287; 1 29"
"survey","C3_9_888_1","Specify, if other","[]",316,0,9," 305; Job assistant 4; B.D.O 1"
"survey","C3_9_888_2","Specify, if other","[]",316,0,2," 315; SHG member, Representative of NGO 1; NA 0"
"survey","C3_10_1","All ward members attended","{""Yes"":1,""No"":2,""Does not know"":999}",316,181,1,"NA 181; 1 135"
"survey","C3_10_2","Pradhan attended","{""Yes"":1,""No"":2,""Does not know"":999}",316,160,1,"NA 160; 1 156"
"survey","C3_10_3","Upa-pradhan attended","{""Yes"":1,""No"":2,""Does not know"":999}",316,164,1,"NA 164; 1 152"
"survey","C3_10_4","Secretary attended","{""Yes"":1,""No"":2,""Does not know"":999}",316,175,1,"NA 175; 1 141"
"survey","C3_10_5","Higher panch attended","{""Yes"":1,""No"":2,""Does not know"":999}",316,219,1,"NA 219; 1 97"
"survey","C3_10_6","Rep of financial inst attended","{""Yes"":1,""No"":2,""Does not know"":999}",316,277,1,"NA 277; 1 39"
"survey","C3_10_7","District collectors attended","{""Yes"":1,""No"":2,""Does not know"":999}",316,309,1,"NA 309; 1 7"
"survey","C3_10_888_1","Specify, if other","[]",316,0,10," 302; Job assistant 4; B.D.O 3"
"survey","C3_10_888_2","Specify, if other","[]",316,0,2," 315; Job assistant 1; NA 0"
"survey","C3_11_1","Discussed beneficiary selection","{""Yes"":1,""No"":2,""Does not know"":999}",316,212,1,"NA 212; 1 104"
"survey","C3_11_2","Discussed village action plan","{""Yes"":1,""No"":2,""Does not know"":999}",316,183,1,"NA 183; 1 133"
"survey","C3_11_3","Discussed setting of GP budget","{""Yes"":1,""No"":2,""Does not know"":999}",316,169,1,"NA 169; 1 147"
"survey","C3_11_4","Discussed use of GP budget","{""Yes"":1,""No"":2,""Does not know"":999}",316,195,1,"NA 195; 1 121"
"survey","C3_11_5","Discussed ongoing village works","{""Yes"":1,""No"":2,""Does not know"":999}",316,180,1,"NA 180; 1 136"
"survey","C3_11_6","Discussed in-village disputes","{""Yes"":1,""No"":2,""Does not know"":999}",316,237,1,"NA 237; 1 79"
"survey","C3_11_7","Discussed political disputes","{""Yes"":1,""No"":2,""Does not know"":999}",316,274,1,"NA 274; 1 42"
"survey","C3_11_8","Discussed crime","{""Yes"":1,""No"":2,""Does not know"":999}",316,269,1,"NA 269; 1 47"
"survey","C3_11_9","Discussed streetlights","{""Yes"":1,""No"":2,""Does not know"":999}",316,228,1,"NA 228; 1 88"
"survey","C3_11_10","Discussed water supply","{""Yes"":1,""No"":2,""Does not know"":999}",316,181,1,"NA 181; 1 135"
"survey","C3_11_11","Discussed irrigation","{""Yes"":1,""No"":2,""Does not know"":999}",316,188,1,"NA 188; 1 128"
"survey","C3_11_12","Discussed drainage/sanitation","{""Yes"":1,""No"":2,""Does not know"":999}",316,184,1,"NA 184; 1 132"
"survey","C3_11_13","Discussed roads","{""Yes"":1,""No"":2,""Does not know"":999}",316,187,1,"NA 187; 1 129"
"survey","C3_11_14","Discussed health facilities","{""Yes"":1,""No"":2,""Does not know"":999}",316,193,1,"NA 193; 1 123"
"survey","C3_11_15","Discussed education","{""Yes"":1,""No"":2,""Does not know"":999}",316,196,1,"NA 196; 1 120"
"survey","C3_11_16","Discussed festivals/celebrations","{""Yes"":1,""No"":2,""Does not know"":999}",316,282,1,"NA 282; 1 34"
"survey","C3_11_888_1","Specify, if other","[]",316,0,9," 308; Family problem 1; Forming Village development Committee 1"
"survey","C3_11_888_2","Specify, if other","[]",316,0,1," 316; NA 0"
"survey","C3_12","How are decisions passed in GS","{""Voice voting"":1,""Show of hands"":2,""Secret ballot"":3,""Convener decides"":4,""Pradhan decides"":5,""Ward member decides later"":6,""Other (specify)"":888}",316,155,9,"NA 155; 2 120; 1 20"
"survey","C3_12_888_1","Specify, if other","[]",316,0,2," 315; Do not take any decision 1; NA 0"
"survey","C3_12_888_2","Specify, if other","[]",316,0,1," 316; NA 0"
"survey","C4","Speech type","{""Speech 1"":1,""Speech 2"":2}",316,11,2,"2 176; 1 129; NA 11"
"survey","C4_1","Pradhan addressed villager satisfactorily","{""1 (lowest ranking)"":1,""10 (highest ranking)"":10}",316,11,10,"10 105; 9 51; 8 46"
"survey","C4_2","Pradhan cares about villagers' welfare","{""1 (lowest ranking)"":1,""10 (highest ranking)"":10}",316,11,10,"10 79; 9 52; 8 46"
"survey","C4_3","Pradhan will get resources by lobbying","{""1 (lowest ranking)"":1,""10 (highest ranking)"":10}",316,11,10,"10 68; 8 63; 6 39"
"survey","C4_4","Pradhan will allocate BPL cards well","{""1 (lowest ranking)"":1,""10 (highest ranking)"":10}",316,11,10,"8 55; 10 54; 5 48"
"survey","C4_5","Pradhan will collect villagers' share well","{""1 (lowest ranking)"":1,""10 (highest ranking)"":10}",316,11,10,"10 60; 8 50; 9 49"
"survey","C4_6","Would approve pradhan's budget","{""Yes"":1,""No"":2,""Does not know"":999}",316,11,3,"1 241; 2 49; 999 15"
"survey","C4_7","Effectiveness of pradhan","{""1 (lowest ranking)"":1,""10 (highest ranking)"":10}",316,11,10,"10 83; 8 66; 9 54"
"survey","D_1","Man never justified in hitting wife","{""Strongly agree"":1,""Agree"":2,""Neither agree nor disagree"":3,""Disagree"":4,""Strongly disagree"":5}",316,10,5,"1 148; 2 106; 4 35"
"survey","D_2","Must be stricter to daughter than son","{""Strongly agree"":1,""Agree"":2,""Neither agree nor disagree"":3,""Disagree"":4,""Strongly disagree"":5}",316,10,5,"4 109; 2 71; 3 49"
"survey","D_3","Better to be man than woman","{""Strongly agree"":1,""Agree"":2,""Neither agree nor disagree"":3,""Disagree"":4,""Strongly disagree"":5}",316,10,5,"4 165; 5 52; 3 51"
"survey","D_4","Good idea to elect woman president","{""Strongly agree"":1,""Agree"":2,""Neither agree nor disagree"":3,""Disagree"":4,""Strongly disagree"":5}",316,10,5,"2 117; 1 76; 3 74"
"survey","D_5","Wife shdn't contradict husband in public","{""Strongly agree"":1,""Agree"":2,""Neither agree nor disagree"":3,""Disagree"":4,""Strongly disagree"":5}",316,10,5,"2 107; 1 78; 4 71"
"survey","D_6","Preschool child suffers if mother works","{""Strongly agree"":1,""Agree"":2,""Neither agree nor disagree"":3,""Disagree"":4,""Strongly disagree"":5}",316,10,5,"2 153; 1 104; 4 23"
"survey","D_7","In disaster, rescue women before men","{""Strongly agree"":1,""Agree"":2,""Neither agree nor disagree"":3,""Disagree"":4,""Strongly disagree"":5}",316,10,5,"2 96; 1 76; 4 69"
"survey","D_8","Men should cherish/protect women","{""Strongly agree"":1,""Agree"":2,""Neither agree nor disagree"":3,""Disagree"":4,""Strongly disagree"":5}",316,10,5,"2 151; 1 132; 3 14"
"survey","D_9","Women have superior moral sense","{""Strongly agree"":1,""Agree"":2,""Neither agree nor disagree"":3,""Disagree"":4,""Strongly disagree"":5}",316,10,5,"2 124; 1 78; 3 55"
"survey","D_10","Men need sacrifice to provide for women","{""Strongly agree"":1,""Agree"":2,""Neither agree nor disagree"":3,""Disagree"":4,""Strongly disagree"":5}",316,10,5,"2 127; 1 121; 3 29"
"survey","E1","How healthy","{""1 (lowest ranking)"":1,""10 (highest ranking)"":10}",316,10,10,"8 62; 5 57; 6 56"
"survey","E2","How satisfied with current life","{""Does not know"":999}",316,10,5,"3 119; 4 86; 5 70"
"survey","F_chk","Current pradhan","{""Yes"":1,""No"":2,""Does not know"":999}",316,9,2,"1 161; 2 146; NA 9"
"survey","F0","No of villages in GP","[]",316,155,27,"NA 155; 13 15; 17 15"
"survey","F1_1","Hospital in GP","{""Yes"":1,""No"":2,""Does not know"":999}",316,155,2,"NA 155; 2 142; 1 19"
"survey","F1_2a","Primary health center in GP","{""Yes"":1,""No"":2,""Does not know"":999}",316,155,2,"NA 155; 2 97; 1 64"
"survey","F1_2b","No of Beds in PHC","{""Does not know"":999}",316,252,13,"NA 252; 999 30; 10 7"
"survey","F1_3a","No of doctors on roll in PHC","{""Does not know"":999}",316,252,8,"NA 252; 1 34; 2 11"
"survey","F1_3b","No of doctors actually in PHC","{""Does not know"":999}",316,252,7,"NA 252; 1 36; 2 9"
"survey","F1_3c","No of add'l doctors since 2003","{""Does not know"":999}",316,252,5,"NA 252; 0 29; 1 21"
"survey","F1_4a","No of ANM/trained DAI in PHC","{""Does not know"":999}",316,252,12,"NA 252; 999 14; 1 11"
"survey","F1_4b","No of add'l ANM/trained DAI since 2003","{""Does not know"":999}",316,252,5,"NA 252; 0 31; 999 16"
"survey","F1_5","Distance to nearest PHC from GP center","{""Does not know"":999}",316,155,18,"NA 155; 1 34; 5 19"
"survey","F1_6","Staff of PHC visits villages in GP","{""Yes"":1,""No"":2,""Does not know"":999}",316,155,3,"NA 155; 1 120; 2 38"
"survey","F1_7a","Where do they visit","{""To the GP headquarters"":1,""To another village (always the same)"":2,""They rotate among villages"":3,""Other (specify)"":888}",316,196,4,"NA 196; 3 76; 1 41"
"survey","F1_7a_888_1","Specify, if other","[]",316,0,2," 314; Sub center 2; NA 0"
"survey","F1_7a_888_2","Specify, if other","[]",316,0,1," 316; NA 0"
"survey","F1_7b","Do they inform you of visits","{""Yes"":1,""No"":2,""Does not know"":999}",316,196,2,"NA 196; 1 115; 2 5"
"survey","F1_7c","No of visits in last 6 months","{""Does not know"":999}",316,196,31,"NA 196; 6 33; 12 16"
"survey","F1_8_1","Examine sick people","{""Yes"":1,""No"":2,""Does not know"":999}",316,244,1,"NA 244; 1 72"
"survey","F1_8_2","Write prescription","{""Yes"":1,""No"":2,""Does not know"":999}",316,283,1,"NA 283; 1 33"
"survey","F1_8_3","Immunize children","{""Yes"":1,""No"":2,""Does not know"":999}",316,210,1,"NA 210; 1 106"
"survey","F1_8_4","Give injections","{""Yes"":1,""No"":2,""Does not know"":999}",316,218,1,"NA 218; 1 98"
"survey","F1_8_5","Give vitamins","{""Yes"":1,""No"":2,""Does not know"":999}",316,218,1,"NA 218; 1 98"
"survey","F1_8_6","Provide contraceptives","{""Yes"":1,""No"":2,""Does not know"":999}",316,230,1,"NA 230; 1 86"
"survey","F1_8_7","Weigh children","{""Yes"":1,""No"":2,""Does not know"":999}",316,236,1,"NA 236; 1 80"
"survey","F1_8_8","Measure blood pressure","{""Yes"":1,""No"":2,""Does not know"":999}",316,273,1,"NA 273; 1 43"
"survey","F1_8_9","Examine teeth","{""Yes"":1,""No"":2,""Does not know"":999}",316,301,1,"NA 301; 1 15"
"survey","F1_8_10","Examine eyes","{""Yes"":1,""No"":2,""Does not know"":999}",316,299,1,"NA 299; 1 17"
"survey","F1_8_11","Pre-natal care","{""Yes"":1,""No"":2,""Does not know"":999}",316,235,1,"NA 235; 1 81"
"survey","F1_8_12","Post-natal care","{""Yes"":1,""No"":2,""Does not know"":999}",316,238,1,"NA 238; 1 78"
"survey","F1_8_13","Sterilization for women","{""Yes"":1,""No"":2,""Does not know"":999}",316,269,1,"NA 269; 1 47"
"survey","F1_8_14","Sterilization for men","{""Yes"":1,""No"":2,""Does not know"":999}",316,281,1,"NA 281; 1 35"
"survey","F1_8_15","Advice on AIDS","{""Yes"":1,""No"":2,""Does not know"":999}",316,221,1,"NA 221; 1 95"
"survey","F1_8_16","Advice on leprosy","{""Yes"":1,""No"":2,""Does not know"":999}",316,216,1,"NA 216; 1 100"
"survey","F1_8_17","Advice on malaria","{""Yes"":1,""No"":2,""Does not know"":999}",316,217,1,"NA 217; 1 99"
"survey","F1_8_999","Does not know","[]",316,0,1," 316; NA 0"
"survey","F1_8_888_1","Specify, if other","[]",316,0,7," 310; Advice about sanitation 1; Arrange meeting for health purpose 1"
"survey","F1_8_888_2","Specify, if other","[]",316,0,1," 316; NA 0"
"survey","F1_9a","Health subcenters in GP","{""Yes"":1,""No"":2,""Does not know"":999}",316,155,2,"1 159; NA 155; 2 2"
"survey","F1_9b","No of health subcenters","{""Does not know"":999}",316,157,7,"NA 157; 3 59; 2 53"
"survey","F1_9c_1","Examine sick people","{""Yes"":1,""No"":2,""Does not know"":999}",316,220,1,"NA 220; 1 96"
"survey","F1_9c_2","Write prescription","{""Yes"":1,""No"":2,""Does not know"":999}",316,267,1,"NA 267; 1 49"
"survey","F1_9c_3","Immunize children","{""Yes"":1,""No"":2,""Does not know"":999}",316,168,1,"NA 168; 1 148"
"survey","F1_9c_4","Give injections","{""Yes"":1,""No"":2,""Does not know"":999}",316,190,1,"NA 190; 1 126"
"survey","F1_9c_5","Give vitamins","{""Yes"":1,""No"":2,""Does not know"":999}",316,171,1,"NA 171; 1 145"
"survey","F1_9c_6","Provide contraceptives","{""Yes"":1,""No"":2,""Does not know"":999}",316,180,1,"NA 180; 1 136"
"survey","F1_9c_7","Weigh children","{""Yes"":1,""No"":2,""Does not know"":999}",316,186,1,"NA 186; 1 130"
"survey","F1_9c_8","Measure blood pressure","{""Yes"":1,""No"":2,""Does not know"":999}",316,253,1,"NA 253; 1 63"
"survey","F1_9c_9","Examine teeth","{""Yes"":1,""No"":2,""Does not know"":999}",316,292,1,"NA 292; 1 24"
"survey","F1_9c_10","Examine eyes","{""Yes"":1,""No"":2,""Does not know"":999}",316,286,1,"NA 286; 1 30"
"survey","F1_9c_11","Pre-natal care","{""Yes"":1,""No"":2,""Does not know"":999}",316,192,1,"NA 192; 1 124"
"survey","F1_9c_12","Post-natal care","{""Yes"":1,""No"":2,""Does not know"":999}",316,197,1,"NA 197; 1 119"
"survey","F1_9c_13","Sterilization for women","{""Yes"":1,""No"":2,""Does not know"":999}",316,246,1,"NA 246; 1 70"
"survey","F1_9c_14","Sterilization for men","{""Yes"":1,""No"":2,""Does not know"":999}",316,269,1,"NA 269; 1 47"
"survey","F1_9c_15","Advice on AIDS","{""Yes"":1,""No"":2,""Does not know"":999}",316,187,1,"NA 187; 1 129"
"survey","F1_9c_16","Advice on leprosy","{""Yes"":1,""No"":2,""Does not know"":999}",316,186,1,"NA 186; 1 130"
"survey","F1_9c_17","Advice on malaria","{""Yes"":1,""No"":2,""Does not know"":999}",316,190,1,"NA 190; 1 126"
"survey","F1_9c_999","Does not know","[]",316,0,1," 316; NA 0"
"survey","F1_9c_888_1","Specify, if other","[]",316,0,4," 311; Gives polio doses 3; Awarness about leprosy and thalasamia 1"
"survey","F1_9c_888_2","Specify, if other","[]",316,0,1," 316; NA 0"
"survey","F1_10a_1","No of ANMs in subcenter 1","{""Does not know"":999}",316,157,5,"NA 157; 1 105; 2 28"
"survey","F1_10a_2","No of ANMs in subcenter 2","{""Does not know"":999}",316,169,6,"NA 169; 1 99; 2 23"
"survey","F1_10a_3","No of ANMs in subcenter 3","{""Does not know"":999}",316,221,6,"NA 221; 1 63; 0 13"
"survey","F1_10a_4","No of ANMs in subcenter 4","{""Does not know"":999}",316,281,5,"NA 281; 1 23; 0 5"
"survey","F1_10a_5","No of ANMs in subcenter 5","{""Does not know"":999}",316,307,3,"NA 307; 1 5; 0 3"
"survey","F1_10b_1","No of health workers in subcenter 1","{""Does not know"":999}",316,157,6,"NA 157; 1 85; 2 53"
"survey","F1_10b_2","No of health workers in subcenter 2","{""Does not know"":999}",316,170,7,"NA 170; 1 86; 2 43"
"survey","F1_10b_3","No of health workers in subcenter 3","{""Does not know"":999}",316,220,5,"NA 220; 1 66; 2 18"
"survey","F1_10b_4","No of health workers in subcenter 4","{""Does not know"":999}",316,280,4,"NA 280; 1 27; 2 6"
"survey","F1_10b_5","No of health workers in subcenter 5","{""Does not know"":999}",316,306,3,"NA 306; 1 7; 2 2"
"survey","F1_10c_1","No of DAIs attached to subcenter 1","{""Does not know"":999}",316,157,14,"NA 157; 1 46; 999 39"
"survey","F1_10c_2","No of DAIs attached to subcenter 2","{""Does not know"":999}",316,169,11,"NA 169; 999 40; 1 38"
"survey","F1_10c_3","No of DAIs attached to subcenter 3","{""Does not know"":999}",316,221,11,"NA 221; 1 30; 999 24"
"survey","F1_10c_4","No of DAIs attached to subcenter 4","{""Does not know"":999}",316,282,7,"NA 282; 999 10; 0 8"
"survey","F1_10c_5","No of DAIs attached to subcenter 5","{""Does not know"":999}",316,307,4,"NA 307; 999 4; 1 3"
"survey","F1_10d_1","Subcenter 1 created after 2003","{""Yes"":1,""No"":2,""Does not know"":999}",316,157,2,"NA 157; 2 141; 1 18"
"survey","F1_10d_2","Subcenter 2 created after 2003","{""Yes"":1,""No"":2,""Does not know"":999}",316,169,2,"NA 169; 2 139; 1 8"
"survey","F1_10d_3","Subcenter 3 created after 2003","{""Yes"":1,""No"":2,""Does not know"":999}",316,221,2,"NA 221; 2 81; 1 14"
"survey","F1_10d_4","Subcenter 4 created after 2003","{""Yes"":1,""No"":2,""Does not know"":999}",316,281,2,"NA 281; 2 32; 1 3"
"survey","F1_10d_5","Subcenter 5 created after 2003","{""Yes"":1,""No"":2,""Does not know"":999}",316,307,2,"NA 307; 2 8; 1 1"
"survey","F1_11a","Mass immunization since 2003","{""Yes"":1,""No"":2,""Does not know"":999}",316,155,2,"NA 155; 1 93; 2 68"
"survey","F1_12b","No of mass immunizations since 2003","{""Does not know"":999}",316,222,13,"NA 222; 1 28; 3 15"
"survey","F1_13_con","Campaign on contraception since 2003","{""Yes"":1,""No"":2,""Does not know"":999}",316,155,3,"NA 155; 1 144; 2 14"
"survey","F1_13_aid","Campaign on AIDS since 2003","{""Yes"":1,""No"":2,""Does not know"":999}",316,155,2,"NA 155; 1 146; 2 15"
"survey","F1_13_imm","Campaign on immunization since 2003","{""Yes"":1,""No"":2,""Does not know"":999}",316,155,2,"NA 155; 1 143; 2 18"
"survey","F1_13_chi","Campaign on child nutrition since 2003","{""Yes"":1,""No"":2,""Does not know"":999}",316,155,2,"NA 155; 1 143; 2 18"
"survey","F1_13_mat","Campaign on maternal health since 2003","{""Yes"":1,""No"":2,""Does not know"":999}",316,155,2,"NA 155; 1 143; 2 18"
"survey","F1_13_lep","Campaign on leprosy since 2003","{""Yes"":1,""No"":2,""Does not know"":999}",316,155,2,"NA 155; 1 144; 2 17"
"survey","F1_13_oth","Any other campaign since 2003","{""Yes"":1,""No"":2,""Does not know"":999}",316,155,2,"NA 155; 2 144; 1 17"
"survey","F1_13_888_1","Specify, if other campaign","[]",316,0,9," 299; Malaria 7; Filaria 3"
"survey","F1_13_888_2","Specify, if other campaign","[]",316,0,2," 315; Cholera 1; NA 0"
"survey","F2_1","No of gov primary schools in GP","{""Does not know"":999}",316,155,20,"NA 155; 15 23; 14 22"
"survey","F2_2","No of villages without primary school","{""Does not know"":999}",316,155,10,"NA 155; 0 57; 1 32"
"survey","F2_3a","Attendance committee in GP","{""Yes"":1,""No"":2,""Does not know"":999}",316,155,2,"NA 155; 2 145; 1 16"
"survey","F2_3b","No of attendance committees","{""Does not know"":999}",316,300,7,"NA 300; 1 7; 2 2"
"survey","F2_3c","Created since 2003","{""Does not know"":999}",316,300,7,"NA 300; 1 7; 999 3"
"survey","F2_3d","Play a role","{""Yes"":1,""Very little"":2,""Not at all"":3}",316,300,1,"NA 300; 1 16"
"survey","F2_4a","Village edu committees in GP","{""Yes"":1,""No"":2,""Does not know"":999}",316,155,1,"1 161; NA 155"
"survey","F2_4b","No of village edu committees","{""Does not know"":999}",316,155,19,"NA 155; 10 19; 13 19"
"survey","F2_4c","Created since 2003","{""Does not know"":999}",316,155,20,"NA 155; 0 28; 10 18"
"survey","F2_4d","Effective","{""Yes"":1,""Very little"":2,""Not at all"":3}",316,155,2,"1 156; NA 155; 2 5"
"survey","F2_5a","Panch has edu standing committee","{""Yes"":1,""No"":2,""Does not know"":999}",316,155,2,"NA 155; 1 90; 2 71"
"survey","F2_5b","Year of creation","[]",316,226,8,"NA 226; 2003 63; 2004 12"
"survey","F2_5c","Influence on running of schools","{""Yes"":1,""Very little"":2,""Not at all"":3}",316,226,2,"NA 226; 1 86; 2 4"
"survey","F2_6","Panch has say running primary schools","{""Yes"":1,""Very little"":2,""Not at all"":3}",316,155,3,"NA 155; 1 152; 2 8"
"survey","F2_7_1","Low enrollment","[]",316,255,1,"NA 255; 1 61"
"survey","F2_7_2","Low attendance","[]",316,268,1,"NA 268; 1 48"
"survey","F2_7_3","Drop out","[]",316,235,1,"NA 235; 1 81"
"survey","F2_7_4","Low teacher turn out","[]",316,296,1,"NA 296; 1 20"
"survey","F2_7_5","Low teaching quality","[]",316,291,1,"NA 291; 1 25"
"survey","F2_7_6","Teachers in political activities","[]",316,295,1,"NA 295; 1 21"
"survey","F2_7_888_1","Specify, if other","[]",316,0,20," 243; No problem 26; Teachers are fewer than needed 24"
"survey","F2_7_888_2","Specify, if other","[]",316,0,8," 306; Teachers fewer than needed 3; No boundary wall 2"
"survey","F2_7a","SSK in GP","{""Yes"":1,""No"":2,""Does not know"":999}",316,155,2,"1 157; NA 155; 2 4"
"survey","F2_7b","No of SSK","{""Does not know"":999}",316,159,11,"NA 159; 2 34; 3 29"
"survey","F2_8","Created since 2003","{""Yes"":1,""No"":2,""Does not know"":999}",316,159,2,"NA 159; 2 81; 1 76"
"survey","F2_8b","No of created since 2003","[]",316,245,7,"NA 245; 2 23; 3 20"
"survey","F2_9a_1","Village with SSK 1 has gov school","{""Yes"":1,""No"":2,""Does not know"":999}",316,245,2,"NA 245; 2 38; 1 33"
"survey","F2_9a_2","Village with SSK 2 has gov school","{""Yes"":1,""No"":2,""Does not know"":999}",316,256,2,"NA 256; 2 34; 1 26"
"survey","F2_9a_3","Village with SSK 3 has gov school","{""Yes"":1,""No"":2,""Does not know"":999}",316,281,2,"NA 281; 2 22; 1 13"
"survey","F2_9a_4","Village with SSK 4 has gov school","{""Yes"":1,""No"":2,""Does not know"":999}",316,300,2,"NA 300; 2 12; 1 4"
"survey","F2_9a_5","Village with SSK 5 has gov school","{""Yes"":1,""No"":2,""Does not know"":999}",316,311,2,"NA 311; 2 3; 1 2"
"survey","F2_9a_6","Village with SSK 6 has gov school","{""Yes"":1,""No"":2,""Does not know"":999}",316,313,1,"NA 313; 2 3"
"survey","F2_9b_1","No of children attending SSK 1","[]",316,245,36,"NA 245; 999 9; 60 8"
"survey","F2_9b_2","No of children attending SSK 2","[]",316,255,34,"NA 255; 999 8; 40 7"
"survey","F2_9b_3","No of children attending SSK 3","[]",316,280,27,"NA 280; 999 6; 60 3"
"survey","F2_9b_4","No of children attending SSK 4","[]",316,299,13,"NA 299; 999 4; 65 2"
"survey","F2_9b_5","No of children attending SSK 5","[]",316,310,6,"NA 310; 25 1; 32 1"
"survey","F2_9b_6","No of children attending SSK 6","[]",316,313,3,"NA 313; 36 1; 41 1"
"survey","F2_9c_1m","No of male teachers in SSK 1","{""Does not know"":999}",316,244,5,"NA 244; 0 41; 1 11"
"survey","F2_9c_1f","No of female teachers in SSK 1","{""Does not know"":999}",316,246,6,"NA 246; 2 41; 1 11"
"survey","F2_9c_2m","No of male teachers in SSK 2","{""Does not know"":999}",316,255,5,"NA 255; 0 39; 1 10"
"survey","F2_9c_2f","No of female teachers in SSK 2","{""Does not know"":999}",316,255,5,"NA 255; 2 34; 1 15"
"survey","F2_9c_3m","No of male teachers in SSK 3","{""Does not know"":999}",316,281,4,"NA 281; 0 23; 1 5"
"survey","F2_9c_3f","No of female teachers in SSK 3","{""Does not know"":999}",316,281,5,"NA 281; 2 21; 1 7"
"survey","F2_9c_4m","No of male teachers in SSK 4","{""Does not know"":999}",316,300,4,"NA 300; 0 13; 1 1"
"survey","F2_9c_4f","No of female teachers in SSK 4","{""Does not know"":999}",316,300,3,"NA 300; 2 10; 1 5"
"survey","F2_9c_5m","No of male teachers in SSK 5","{""Does not know"":999}",316,310,3,"NA 310; 0 3; 1 2"
"survey","F2_9c_5f","No of female teachers in SSK 5","{""Does not know"":999}",316,311,3,"NA 311; 1 2; 2 2"
"survey","F2_9c_6m","No of male teachers in SSK 6","{""Does not know"":999}",316,313,3,"NA 313; 0 1; 1 1"
"survey","F2_9c_6f","No of female teachers in SSK 6","{""Does not know"":999}",316,313,2,"NA 313; 1 2; 2 1"
"survey","F2_10","CEC in GP since 2003","{""Yes"":1,""No"":2,""Does not know"":999}",316,155,2,"NA 155; 2 132; 1 29"
"survey","F2_11","CEC in GP","{""Yes"":1,""No"":2,""Does not know"":999}",316,155,2,"NA 155; 2 91; 1 70"
"survey","F2_11b","No of CEC","[]",316,246,23,"NA 246; 1 9; 12 7"
"survey","F2_12","ICDS in GP","{""Yes"":1,""No"":2,""Does not know"":999}",316,155,1,"1 161; NA 155"
"survey","F2_12b","No of anganwadi in GP","[]",316,155,22,"NA 155; 15 18; 13 16"
"survey","F2_13a","Anganwadi created since 2003","{""Yes"":1,""No"":2,""Does not know"":999}",316,155,3,"NA 155; 2 147; 1 13"
"survey","F2_13b","No of created since 2003","[]",316,302,4,"NA 302; 1 5; 2 5"
"survey","F3_1a","Shallow pumps built since 2003","{""Yes"":1,""No"":2,""Does not know"":999}",316,155,3,"NA 155; 2 119; 1 41"
"survey","F3_1a_q","How many","{""Does not know"":999}",316,275,16,"NA 275; -999 9; 1 6"
"survey","F3_1b","Shallow pumps repaired since 2003","{""Yes"":1,""No"":2,""Does not know"":999}",316,155,3,"NA 155; 2 125; 1 28"
"survey","F3_1b_q","How many","{""Does not know"":999}",316,288,15,"NA 288; 1 6; -999 4"
"survey","F3_2a","Irrigation canals built since 2003","{""Yes"":1,""No"":2,""Does not know"":999}",316,155,3,"NA 155; 2 125; 1 35"
"survey","F3_2a_q","How many","{""Does not know"":999}",316,281,9,"NA 281; 1 12; 2 7"
"survey","F3_2b","Irrigation canals maintained since 2003","{""Yes"":1,""No"":2,""Does not know"":999}",316,155,2,"NA 155; 2 88; 1 73"
"survey","F3_2b_q","How many","{""Does not know"":999}",316,243,14,"NA 243; 1 21; 3 15"
"survey","F3_3a","Calvert built since 2003","{""Yes"":1,""No"":2,""Does not know"":999}",316,155,3,"NA 155; 1 136; 2 23"
"survey","F3_3a_q","How many","{""Does not know"":999}",316,180,30,"NA 180; 2 17; 5 15"
"survey","F3_3b","Calvert repaired since 2003","{""Yes"":1,""No"":2,""Does not know"":999}",316,155,3,"NA 155; 1 104; 2 54"
"survey","F3_3b_q","How many","{""Does not know"":999}",316,212,22,"NA 212; 1 19; 3 14"
"survey","F3_4a","Tube well/hand pump built since 2003","{""Yes"":1,""No"":2,""Does not know"":999}",316,155,3,"NA 155; 1 143; 2 15"
"survey","F3_4a_q","How many","{""Does not know"":999}",316,173,41,"NA 173; 10 13; 30 10"
"survey","F3_4b","Tube well/hand pump repaired since 2003","{""Yes"":1,""No"":2,""Does not know"":999}",316,155,3,"NA 155; 1 146; 2 12"
"survey","F3_4b_q","How many","{""Does not know"":999}",316,170,73,"NA 170; 150 11; -999 9"
"survey","F3_4c","Add'l village covered by tap water since 2003","{""Yes"":1,""No"":2,""Does not know"":999}",316,155,3,"NA 155; 2 126; 1 31"
"survey","F3_4c_q","How many","{""Does not know"":999}",316,285,17,"NA 285; 2 4; -999 3"
"survey","F3_4d","GP has standing drinking water committee","{""Yes"":1,""No"":2,""Does not know"":999}",316,155,2,"NA 155; 2 95; 1 66"
"survey","F3_4e","% of committee women","{""Does not know"":999}",316,155,22,"NA 155; 777 95; 30 10"
"survey","F3_5","Excavating/desilting pond since 2003","{""Yes"":1,""No"":2,""Does not know"":999}",316,155,3,"NA 155; 1 133; 2 27"
"survey","F3_5_q","How many","{""Does not know"":999}",316,183,31,"NA 183; 5 15; 2 13"
"survey","F3_6","Drainage/soak pit built since 2003","{""Yes"":1,""No"":2,""Does not know"":999}",316,155,2,"NA 155; 1 99; 2 62"
"survey","F3_6_q","How many","{""Does not know"":999}",316,217,22,"NA 217; 2 16; 1 13"
"survey","F3_7","Toilet built since 2003","{""Yes"":1,""No"":2,""Does not know"":999}",316,155,3,"NA 155; 1 141; 2 18"
"survey","F3_7_q","How many","{""Does not know"":999}",316,175,73,"NA 175; 300 15; 200 11"
"survey","F3_8a","Garbage disposal in GP","{""Yes"":1,""No"":2,""Does not know"":999}",316,155,2,"NA 155; 2 151; 1 10"
"survey","F3_8a_q","How many","{""Does not know"":999}",316,306,7,"NA 306; 3 3; -999 2"
"survey","F3_8b","Garbage disposal introduced since 2003","{""Yes"":1,""No"":2,""Does not know"":999}",316,155,2,"2 156; NA 155; 1 5"
"survey","F3_8b_q","How many","{""Does not know"":999}",316,311,4,"NA 311; 3 2; 10 1"
"survey","F3_8c","Biogas introduced in GP","[]",316,155,3,"NA 155; 2 93; 1 62"
"survey","F3_8c_q","How many","[]",316,254,26,"NA 254; -999 10; 40 6"
"survey","F3_9","No of villages with electricity","{""Does not know"":999}",316,155,32,"NA 155; 10 11; 12 11"
"survey","F3_10","No of connected to electricity since 2003","{""Does not know"":999}",316,155,18,"NA 155; 0 54; 1 26"
"survey","F3_11a","Metal road built since 2003","{""Yes"":1,""No"":2,""Does not know"":999}",316,155,2,"NA 155; 2 97; 1 64"
"survey","F3_11a_q","How many kilometers","{""Does not know"":999}",316,252,17,"NA 252; 2 8; 5 8"
"survey","F3_11b","Metal road repaired since 2003","{""Yes"":1,""No"":2,""Does not know"":999}",316,155,3,"NA 155; 2 116; 1 44"
"survey","F3_11b_q","How many kilometers","{""Does not know"":999}",316,272,13,"NA 272; 3 7; 5 7"
"survey","F3_12a","Morram road built since 2003","{""Yes"":1,""No"":2,""Does not know"":999}",316,155,2,"NA 155; 1 128; 2 33"
"survey","F3_12a_q","How many kilometers","{""Does not know"":999}",316,188,28,"NA 188; -999 13; 10 13"
"survey","F3_12b","Morram road repaired since 2003","{""Yes"":1,""No"":2,""Does not know"":999}",316,155,2,"1 156; NA 155; 2 5"
"survey","F3_12b_q","How many kilometers","{""Does not know"":999}",316,160,36,"NA 160; 10 18; 30 15"
"survey","F3_12c","Kutcha road built since 2003","{""Yes"":1,""No"":2,""Does not know"":999}",316,155,2,"NA 155; 1 123; 2 38"
"survey","F3_12c_q","How many kilometers","{""Does not know"":999}",316,193,24,"NA 193; 2 19; 5 16"
"survey","F3_12d","Kutcha road repaired since 2003","{""Yes"":1,""No"":2,""Does not know"":999}",316,155,3,"NA 155; 1 142; 2 18"
"survey","F3_12d_q","How many kilometers","{""Does not know"":999}",316,174,29,"NA 174; 10 19; 5 12"
"survey","F3_13a","Total area under social forestry (acres)","{""Does not know"":999}",316,155,34,"NA 155; 2 22; 3 13"
"survey","F3_13b","Area brought under soc forestry since 2003 (acres)","{""Does not know"":999}",316,155,24,"NA 155; 2 35; 0 17"
"survey","F3_13c","No of beneficiaries of social forestries","{""Does not know"":999}",316,155,43,"NA 155; 0 21; 999 20"
"survey","F3_13d","Total earnings from social forestries (Rs)","{""Does not know"":999}",316,155,35,"NA 155; 0 75; 999 27"
"survey","F3_14","Total area under social fishery (acres)","{""Does not know"":999}",316,155,19,"NA 155; 0 63; 999 60"
"survey","F3_14b","Area brought under soc fishery since 2003 (acres)","{""Does not know"":999}",316,155,13,"NA 155; 0 67; 999 64"
"survey","F3_14c","No of ponds under social fishery","{""Does not know"":999}",316,155,23,"NA 155; 0 63; 999 52"
"survey","F3_14d","No of brought under soc fishery since 2003","{""Does not know"":999}",316,155,20,"NA 155; 0 68; 999 36"
"survey","F3_14e","No of beneficiaries of social fisheries","{""Does not know"":999}",316,155,28,"NA 155; 0 62; 999 36"
"survey","F3_14f","Total earnings from social fisheries (Rs)","{""Does not know"":999}",316,155,20,"NA 155; 0 67; 999 47"
"survey","F4_1_1","District scheme 1","[]",316,0,38," 155; 777 69; SGRY 16"
"survey","F4_1_2","District scheme 2","[]",316,0,36," 183; 777 68; 999 11"
"survey","F4_1_3","District scheme 3","[]",316,0,30," 197; 777 69; 999 11"
"survey","F4_1_4","District scheme 4","[]",316,0,23," 213; 777 69; 999 11"
"survey","F4_1_5","District scheme 5","[]",316,0,10," 223; 777 69; 999 11"
"survey","F4_1_6","District scheme 6","[]",316,0,11," 227; 777 69; 999 11"
"survey","F4_1_7","District scheme 7","[]",316,0,7," 232; 777 69; 999 11"
"survey","F4_1_8","District scheme 8","[]",316,0,5," 234; 777 69; 999 11"
"survey","F5_1","Amount of own funds collected by GP","[]",316,155,117,"NA 155; 100 9; -999 7"
"survey","F5_2_1_nam","Usage 1 of funds: name","[]",316,0,64," 155; Office expenditure 17; 999 14"
"survey","F5_2_1_per","Usage 1 of funds: percentage","[]",316,155,38,"NA 155; 999 22; 20 20"
"survey","F5_2_2_nam","Usage 2 of funds: name","[]",316,0,56," 156; Entertainment 29; 999 14"
"survey","F5_2_2_per","Usage 2 of funds: percentage","[]",316,156,32,"NA 156; 30 23; 999 22"
"survey","F5_2_3_nam","Usage 3 of funds: name","[]",316,0,59," 170; Entertainment 16; 999 14"
"survey","F5_2_3_per","Usage 3 of funds: percentage","[]",316,170,33,"NA 170; 10 21; 999 21"
"survey","F5_2_4_nam","Usage 4 of funds: name","[]",316,0,39," 219; 999 16; Entertainment 10"
"survey","F5_2_4_per","Usage 4 of funds: percentage","[]",316,219,27,"NA 219; 999 20; 10 13"
"survey","F5_2_5_nam","Usage 5 of funds: name","[]",316,0,26," 259; 999 16; Entertainment 8"
"survey","F5_2_5_per","Usage 5 of funds: percentage","[]",316,259,21,"NA 259; 999 19; 10 8"
"survey","F5_2_6_nam","Usage 6 of funds: name","[]",316,0,16," 284; 999 17; Office expenditure 2"
"survey","F5_2_6_per","Usage 6 of funds: percentage","[]",316,284,10,"NA 284; 999 20; 5 3"
"survey","F6_1","Women organizations in GP","{""Yes"":1,""No"":2,""Does not know"":999}",316,155,2,"NA 155; 1 99; 2 62"
"survey","F6_2","No of women organizations","{""Does not know"":999}",316,217,11,"NA 217; 1 80; 2 5"
"survey","F6_3_1","Women organization 1","[]",316,0,19," 218; All India Democratic Women's Front 78; 999 4"
"survey","F6_3_2","Women organization 2","[]",316,0,8," 300; 999 9; Trinomul Mohila Congress 2"
"survey","F6_3_3","Women organization 3","[]",316,0,4," 305; 999 9; Mohila Congress 1"
"survey","F6_3_4","Women organization 4","[]",316,0,3," 305; 999 10; Mahila Congress 1"
"survey","F6_3_5","Women organization 5","[]",316,0,3," 305; 999 10; Bharatiya Mahila Samaj 1"
"survey","F6_3_6","Women organization 6","[]",316,306,1,"NA 306; 999 10"
"survey","F6_3_7","Women organization 7","[]",316,306,1,"NA 306; 999 10"
"survey","F6_3_8","Women organization 8","[]",316,306,1,"NA 306; 999 10"
"survey","F6_3a","Women orgs created since 2003","{""Yes"":1,""No"":2,""Does not know"":999}",316,216,2,"NA 216; 2 87; 1 13"
"survey","F6_3b","Which ones","[]",316,303,5,"NA 303; 1 8; 3 2"
"survey","F6_4a","Joint forest mgmt committee in GP","{""Yes"":1,""No"":2,""Does not know"":999}",316,155,2,"NA 155; 2 117; 1 44"
"survey","F6_4b","No of joint forest mgmt committees","{""Does not know"":999}",316,272,11,"NA 272; 1 15; 2 8"
"survey","F6_4c","No of committees mostly male","{""Does not know"":999}",316,272,17,"NA 272; 1 8; 2 8"
"survey","F6_4d","No of committees mostly female","{""Does not know"":999}",316,272,13,"NA 272; 0 20; 999 8"
"survey","F6_4e","Mostly male created since 2003","{""Does not know"":999}",316,272,9,"NA 272; 0 20; 1 7"
"survey","F6_4f","Mostly female created since 2003","{""Does not know"":999}",316,272,7,"NA 272; 0 28; 999 9"
"survey","F6_5a","Women cooperative in GP","{""Yes"":1,""No"":2,""Does not know"":999}",316,155,2,"1 159; NA 155; 2 2"
"survey","F6_5b","No of women cooperatives","{""Does not know"":999}",316,157,80,"NA 157; 40 11; 18 5"
"survey","F6_5c","No of created since 2003","{""Does not know"":999}",316,157,77,"NA 157; 40 8; 100 7"
"survey","F6_5d","Grameen bank in GP","{""Yes"":1,""No"":2,""Does not know"":999}",316,155,2,"NA 155; 2 81; 1 80"
"survey","F6_5e","No of Grameen banks","{""Does not know"":999}",316,234,5,"NA 234; 1 69; 2 9"
"survey","F6_5f","Grameen bank introduced since 2003","{""Yes"":1,""No"":2,""Does not know"":999}",316,234,3,"NA 234; 2 78; 1 3"
"survey","F6_5g","No of introduced since 2003","{""Does not know"":999}",316,313,2,"NA 313; 1 2; 2 1"
"survey","F6_6","Issue taken up by women","{""Yes"":1,""No"":2,""Does not know"":999}",316,155,2,"NA 155; 2 84; 1 77"
"survey","F6_6a_1","Issue 1","[]",316,0,34," 240; Job opportunity 11; Family problem 9"
"survey","F6_6a_2","Issue 2","[]",316,0,26," 276; Violence against women 6; Problem of drinking water 4"
"survey","F6_6a_3","Issue 3","[]",316,0,16," 300; Demand for bringing electricity 2; Abolishment of dowry system 1"
"survey","F6_6a_4","Issue 4","[]",316,0,6," 311; Demand for emergency help 1; Demand for financial help 1"
"survey","F6_7","Avg marriage age of women in GP","{""Does not know"":999}",316,155,9,"NA 155; 18 93; 19 19"
"survey","A1_17_1_spouse","Booth member","{""Yes"":1}",316,305,1,"NA 305; 1 11"
"survey","A1_17_2_spouse","GP pradhan","{""Yes"":1}",316,311,1,"NA 311; 1 5"
"survey","consent_spouse","Consent to answering survey","[]",316,48,2,"1 254; NA 48; 2 14"
"survey","A7_chk","Spouse of current pradhan","[]",316,61,2,"1 130; 2 125; NA 61"
"survey","A7_2_0_spouse","Respondent","[]",316,314,1,"NA 314; 1 2"
"survey","A7_2_1_spouse","Spouse","[]",316,280,1,"NA 280; 1 36"
"survey","A7_2_2","Parent","[]",316,314,1,"NA 314; 1 2"
"survey","A7_2_3","Sibling","[]",316,312,1,"NA 312; 1 4"
"survey","A7_2_888_1","Specify, if other","[]",316,0,6," 307; Uncle 3; Brother-in-law 2"
"survey","A7_2_888_2","Specify, if other","[]",316,0,1," 316; NA 0"
"survey","A7_3","At what level","[]",316,265,4,"NA 265; 2 31; 1 18"
"survey","A7_4","How many times","[]",316,265,4,"NA 265; 1 41; 2 8"
"survey","A7_5_888_1","Specify, if other","[]",316,0,4," 302; Panchayat Pradhan 12; Community leader 1"
"survey","A7_5_888_2","Specify, if other","[]",316,0,1," 316; NA 0"
"survey","A7_7_0","Respondent","[]",316,312,1,"NA 312; 1 4"
"survey","A7_7_1","Spouse","[]",316,315,1,"NA 315; 1 1"
"survey","A7_7_2","Parent","[]",316,315,1,"NA 315; 1 1"
"survey","A7_7_3","Sibling","[]",316,314,1,"NA 314; 1 2"
"survey","A7_7_888_1","Specify, if other","[]",316,0,4," 308; Sister-in-law 4; Brother-in-law 2"
"survey","A7_7_888_2","Specify, if other","[]",316,0,1," 316; NA 0"
"survey","merge_pradhanspouse","","[]",316,0,3,"5 267; 1 48; 2 1"
"survey","year","Year data collected","[]",316,1,3,"2006 313; 2000 1; 2005 1"
"survey","round","Round of data collection","{""baseline"":0}",316,0,1,"0 316; NA 0"
"survey","endline","Flag for final round of data collection","{""endline"":1}",316,0,1,"1 316; NA 0"
"survey","studycode","Unique ID of corresponding study","[]",316,0,1,"498 316; NA 0"
"survey","unitobs","Unit of observation","{""individual"":1,""household"":2,""community"":3,""other"":4,""firm"":5}",316,0,1,"1 316; NA 0"
"survey","countrycode","Country of study","{""Afghanistan"":1,""Åland Islands"":2,""Albania"":3,""Algeria"":4,""American Samoa"":5,""Andorra"":6,""Angola"":7,""Anguilla"":8,""Antarctica"":9,""Antigua and Barbuda"":10,""Argentina"":11,""Armenia"":12,""Aruba"":13,""Australia"":14,""Austria"":15,""Azerbaijan"":16,""Bahamas"":17,""Bahrain"":18,""Bangladesh"":19,""Barbados"":20,""Belarus"":21,""Belgium"":22,""Belize"":23,""Benin"":24,""Bermuda"":25,""Bhutan"":26,""Bolivia Plurinational State of"":27,""Bonaire Sint Eustatius and Saba"":28,""Bosnia and Herzegovina"":29,""Botswana"":30,""Bouvet Island"":31,""Brazil"":32,""British Indian Ocean Territory"":33,""Brunei Darussalam"":34,""Bulgaria"":35,""Burkina Faso"":36,""Burundi"":37,""Cambodia"":38,""Cameroon"":39,""Canada"":40,""Cape Verde"":41,""Cayman Islands"":42,""Central African Republic"":43,""Chad"":44,""Chile"":45,""China"":46,""Christmas Island"":47,""Cocos (Keeling) Islands"":48,""Colombia"":49,""Comoros"":50,""Congo"":51,""Congo the Democratic Republic of the"":52,""Cook Islands"":53,""Costa Rica"":54,""Côte dIvoire"":55,""Croatia"":56,""Cuba"":57,""Curaçao"":58,""Cyprus"":59,""Czech Republic"":60,""Denmark"":61,""Djibouti"":62,""Dominica"":63,""Dominican Republic"":64,""Ecuador"":65,""Egypt"":66,""El Salvador"":67,""Equatorial Guinea"":68,""Eritrea"":69,""Estonia"":70,""Ethiopia"":71,""Falkland Islands (Malvinas)"":72,""Faroe Islands"":73,""Fiji"":74,""Finland"":75,""France"":76,""French Guiana"":77,""French Polynesia"":78,""French Southern Territories"":79,""Gabon"":80,""Gambia"":81,""Georgia"":82,""Germany"":83,""Ghana"":84,""Gibraltar"":85,""Greece"":86,""Greenland"":87,""Grenada"":88,""Guadeloupe"":89,""Guam"":90,""Guatemala"":91,""Guernsey"":92,""Guinea"":93,""Guinea-Bissau"":94,""Guyana"":95,""Haiti"":96,""Heard Island and McDonald Islands"":97,""Holy See (Vatican City State)"":98,""Honduras"":99,""Hong Kong"":100,""Hungary"":101,""Iceland"":102,""India"":103,""Indonesia"":104,""Iran Islamic Republic of"":105,""Iraq"":106,""Ireland"":107,""Isle of Man"":108,""Israel"":109,""Italy"":110,""Jamaica"":111,""Japan"":112,""Jersey"":113,""Jordan"":114,""Kazakhstan"":115,""Kenya"":116,""Kiribati"":117,""Korea Democratic Peoples Republic of"":118,""Korea Republic of"":119,""Kuwait"":120,""Kyrgyzstan"":121,""Lao Peoples Democratic Republic"":122,""Latvia"":123,""Lebanon"":124,""Lesotho"":125,""Liberia"":126,""Libya"":127,""Liechtenstein"":128,""Lithuania"":129,""Luxembourg"":130,""Macao"":131,""Macedonia the Former Yugoslav Republic of"":132,""Madagascar"":133,""Malawi"":134,""Malaysia"":135,""Maldives"":136,""Mali"":137,""Malta"":138,""Marshall Islands"":139,""Martinique"":140,""Mauritania"":141,""Mauritius"":142,""Mayotte"":143,""Mexico"":144,""Micronesia Federated States of"":145,""Moldova Republic of"":146,""Monaco"":147,""Mongolia"":148,""Montenegro"":149,""Montserrat"":150,""Morocco"":151,""Mozambique"":152,""Myanmar"":153,""Namibia"":154,""Nauru"":155,""Nepal"":156,""Netherlands"":157,""New Caledonia"":158,""New Zealand"":159,""Nicaragua"":160,""Niger"":161,""Nigeria"":162,""Niue"":163,""Norfolk Island"":164,""Northern Mariana Islands"":165,""Norway"":166,""Oman"":167,""Pakistan"":168,""Palau"":169,""Palestine State of"":170,""Panama"":171,""Papua New Guinea"":172,""Paraguay"":173,""Peru"":174,""Philippines"":175,""Pitcairn"":176,""Poland"":177,""Portugal"":178,""Puerto Rico"":179,""Qatar"":180,""Réunion"":181,""Romania"":182,""Russian Federation"":183,""Rwanda"":184,""Saint Barthélemy"":185,""Saint Helena Ascension and Tristan da Cunha"":186,""Saint Kitts and Nevis"":187,""Saint Lucia"":188,""Saint Martin (French part)"":189,""Saint Pierre and Miquelon"":190,""Saint Vincent and the Grenadines"":191,""Samoa"":192,""San Marino"":193,""Sao Tome and Principe"":194,""Saudi Arabia"":195,""Senegal"":196,""Serbia"":197,""Seychelles"":198,""Sierra Leone"":199,""Singapore"":200,""Sint Maarten (Dutch part)"":201,""Slovakia"":202,""Slovenia"":203,""Solomon Islands"":204,""Somalia"":205,""South Africa"":206,""South Georgia and the South Sandwich Islands"":207,""South Sudan"":208,""Spain"":209,""Sri Lanka"":210,""Sudan"":211,""Suriname"":212,""Svalbard and Jan Mayen"":213,""Swaziland"":214,""Sweden"":215,""Switzerland"":216,""Syrian Arab Republic"":217,""Taiwan Province of China"":218,""Tajikistan"":219,""Tanzania United Republic of"":220,""Thailand"":221,""Timor-Leste"":222,""Togo"":223,""Tokelau"":224,""Tonga"":225,""Trinidad and Tobago"":226,""Tunisia"":227,""Turkey"":228,""Turkmenistan"":229,""Turks and Caicos Islands"":230,""Tuvalu"":231,""Uganda"":232,""Ukraine"":233,""United Arab Emirates"":234,""United Kingdom"":235,""United States"":236,""United States Minor Outlying Islands"":237,""Uruguay"":238,""Uzbekistan"":239,""Vanuatu"":240,""Venezuela Bolivarian Republic of"":241,""Viet Nam"":242,""Virgin Islands, British"":243,""Virgin Islands, U.S."":244,""Wallis and Futuna"":245,""Western Sahara"":246,""Yemen"":247,""Zambia"":248,""Zimbabwe"":249}",316,0,1,"103 316; NA 0"
"survey","ruralcode","Flag for rural setting","{""rural"":1,""small town or village"":2,""suburban"":3,""urban"":4,""other/unknown"":5}",316,0,1,"1 316; NA 0"
"survey","gendercode","Coded gender of respondent or head of household","{""male"":1,""female"":2,""other/unknown"":3}",316,11,2,"1 181; 2 124; NA 11"
"survey","agecode","Coded age of respondent or head of household","[]",316,11,46,"35 21; 40 21; 45 15"
"survey","surveycode","ID of corresponding survey questionnaire","[]",316,0,1,"498_P/PS 316; NA 0"
