"district","term","block","gram_panchayat","gp_key","caste_reservation","woman_reserved","spend_total","spend_connectivity","spend_water","spend_land_dev","spend_sanitation_childcare","works","fiscal_years","complete_window","spend","log_spend","women","block_id","cq_dt","block_term"
"South 24 Parganas",2018,"BARUIPUR","BEGUMPUR","24PARGANASSOUTHBARUIPURBEGUMPUR","UR",TRUE,212.2275,97.8575,26.1775,85.9875,0.04,597.5,4,TRUE,212.2275,5.36235967084039,1,"South 24 Parganas|BARUIPUR","UR|South 24 Parganas|2018","South 24 Parganas|BARUIPUR|2018"
"South 24 Parganas",2018,"BARUIPUR","BELEGACHHIA","24PARGANASSOUTHBARUIPURBELEGACHHIA","SC",TRUE,473.385,198.69,33.09,212.8175,21.3625,1474.75,4,TRUE,473.385,6.16201922829661,1,"South 24 Parganas|BARUIPUR","SC|South 24 Parganas|2018","South 24 Parganas|BARUIPUR|2018"
"South 24 Parganas",2018,"BARUIPUR","BRINDAKHALI","24PARGANASSOUTHBARUIPURBRINDAKHALI","UR",FALSE,715.8675,334.93,29.17,340.5325,3.575,1772.75,4,TRUE,715.8675,6.57489102575393,0,"South 24 Parganas|BARUIPUR","UR|South 24 Parganas|2018","South 24 Parganas|BARUIPUR|2018"
"South 24 Parganas",2018,"BARUIPUR","CHAMPAHATI","24PARGANASSOUTHBARUIPURCHAMPAHATI","SC",FALSE,204.225,131.065,22.8525,47.995,0.4175,476.25,4,TRUE,204.225,5.32410693823433,0,"South 24 Parganas|BARUIPUR","SC|South 24 Parganas|2018","South 24 Parganas|BARUIPUR|2018"
"South 24 Parganas",2018,"BARUIPUR","DHAPDHAPI-I","24PARGANASSOUTHBARUIPURDHAPDHAPII","SC",FALSE,271.065,67.39,43,114.6475,0.09,745,4,TRUE,271.065,5.60604100833531,0,"South 24 Parganas|BARUIPUR","SC|South 24 Parganas|2018","South 24 Parganas|BARUIPUR|2018"
"South 24 Parganas",2018,"BARUIPUR","DHAPDHAPI-II","24PARGANASSOUTHBARUIPURDHAPDHAPIII","BC",TRUE,333.44,59.6325,166.475,104.91,0.7425,1569,4,TRUE,333.44,5.81245749128186,1,"South 24 Parganas|BARUIPUR","BC|South 24 Parganas|2018","South 24 Parganas|BARUIPUR|2018"
"South 24 Parganas",2018,"BARUIPUR","HARDHAH","24PARGANASSOUTHBARUIPURHARDHAH","UR",TRUE,335.455,100.23,54.2625,171.7175,1.4275,1489.5,4,TRUE,335.455,5.81846441057309,1,"South 24 Parganas|BARUIPUR","UR|South 24 Parganas|2018","South 24 Parganas|BARUIPUR|2018"
"South 24 Parganas",2018,"BARUIPUR","HARIHARPUR","24PARGANASSOUTHBARUIPURHARIHARPUR","UR",FALSE,71.9075,15.175,29.85,22.3775,1.5225,248.5,4,TRUE,71.9075,4.2891915143812,0,"South 24 Parganas|BARUIPUR","UR|South 24 Parganas|2018","South 24 Parganas|BARUIPUR|2018"
"South 24 Parganas",2018,"BARUIPUR","KALYANPUR","24PARGANASSOUTHBARUIPURKALYANPUR","UR",TRUE,81.7775,10.49,26.8675,42.7475,1.5075,409,4,TRUE,81.7775,4.41615628533301,1,"South 24 Parganas|BARUIPUR","UR|South 24 Parganas|2018","South 24 Parganas|BARUIPUR|2018"
"South 24 Parganas",2018,"BARUIPUR","MADARAT","24PARGANASSOUTHBARUIPURMADARAT","BC",FALSE,103.095,3.93,29.8375,62.235,5.305,305,4,TRUE,103.095,4.64530394372774,0,"South 24 Parganas|BARUIPUR","BC|South 24 Parganas|2018","South 24 Parganas|BARUIPUR|2018"
"South 24 Parganas",2018,"BARUIPUR","MALLIKPUR","24PARGANASSOUTHBARUIPURMALLIKPUR","SC",TRUE,234.56,71.645,112.0575,43.8875,6.045,595.25,4,TRUE,234.56,5.46196565807637,1,"South 24 Parganas|BARUIPUR","SC|South 24 Parganas|2018","South 24 Parganas|BARUIPUR|2018"
"South 24 Parganas",2018,"BARUIPUR","NABAGRAM","24PARGANASSOUTHBARUIPURNABAGRAM","UR",TRUE,469.8925,114.3075,37.895,286.22,15.13,1852.25,4,TRUE,469.8925,6.15462983017428,1,"South 24 Parganas|BARUIPUR","UR|South 24 Parganas|2018","South 24 Parganas|BARUIPUR|2018"
"South 24 Parganas",2018,"BARUIPUR","RAMNAGAR-I","24PARGANASSOUTHBARUIPURRAMNAGARI","UR",FALSE,157.2675,23.315,19.445,109.39,3.9725,572.25,4,TRUE,157.2675,5.06428663942844,0,"South 24 Parganas|BARUIPUR","UR|South 24 Parganas|2018","South 24 Parganas|BARUIPUR|2018"
"South 24 Parganas",2018,"BARUIPUR","RAMNAGAR-II","24PARGANASSOUTHBARUIPURRAMNAGARII","SC",FALSE,223.89,27.58,28.79,151.9475,3.22,889.5,4,TRUE,223.89,5.41561139377039,0,"South 24 Parganas|BARUIPUR","SC|South 24 Parganas|2018","South 24 Parganas|BARUIPUR|2018"
"South 24 Parganas",2018,"BARUIPUR","SHANKARPUR-I","24PARGANASSOUTHBARUIPURSHANKARPURI","UR",TRUE,173.185,44.95,20.2475,101.39,5.495,391,4,TRUE,173.185,5.16011795278897,1,"South 24 Parganas|BARUIPUR","UR|South 24 Parganas|2018","South 24 Parganas|BARUIPUR|2018"
"South 24 Parganas",2018,"BARUIPUR","SHANKARPUR-II","24PARGANASSOUTHBARUIPURSHANKARPURII","BC",FALSE,280.185,21.6125,18.565,195.0075,4.0125,1146.75,4,TRUE,280.185,5.63901281569723,0,"South 24 Parganas|BARUIPUR","BC|South 24 Parganas|2018","South 24 Parganas|BARUIPUR|2018"
"South 24 Parganas",2018,"BARUIPUR","SHIKHARBALI-I","24PARGANASSOUTHBARUIPURSHIKHARBALII","UR",FALSE,264.06,91.4325,96.08,59.8425,0.515,636.25,4,TRUE,264.06,5.57995621545253,0,"South 24 Parganas|BARUIPUR","UR|South 24 Parganas|2018","South 24 Parganas|BARUIPUR|2018"
"South 24 Parganas",2018,"BARUIPUR","SHIKHARBALI-II","24PARGANASSOUTHBARUIPURSHIKHARBALIII","SC",TRUE,160.16,41.36,59.8175,55.2625,0.2025,626.75,4,TRUE,160.16,5.08239766032315,1,"South 24 Parganas|BARUIPUR","SC|South 24 Parganas|2018","South 24 Parganas|BARUIPUR|2018"
"South 24 Parganas",2018,"BARUIPUR","SOUTH GARIA","24PARGANASSOUTHBARUIPURSOUTHGARIA","UR",FALSE,71.5575,16.5625,31.2525,14.8775,4.4675,303.25,4,TRUE,71.5575,4.28437935096856,0,"South 24 Parganas|BARUIPUR","UR|South 24 Parganas|2018","South 24 Parganas|BARUIPUR|2018"
"South 24 Parganas",2018,"BASANTI","AMJHARA","24PARGANASSOUTHBASANTIAMJHARA","UR",FALSE,231.5075,90.5525,8.795,117.2,13.05,1171.5,4,TRUE,231.5075,5.44892248257165,0,"South 24 Parganas|BASANTI","UR|South 24 Parganas|2018","South 24 Parganas|BASANTI|2018"
"South 24 Parganas",2018,"BASANTI","BASANTI","24PARGANASSOUTHBASANTIBASANTI","SC",TRUE,793.3825,349.7375,300.52,108.475,2.7525,1410.25,4,TRUE,793.3825,6.67756508328389,1,"South 24 Parganas|BASANTI","SC|South 24 Parganas|2018","South 24 Parganas|BASANTI|2018"
"South 24 Parganas",2018,"BASANTI","BHARATGARH","24PARGANASSOUTHBASANTIBHARATGARH","UR",FALSE,524.8175,119.21,244.78,154.8325,2.6225,2085.75,4,TRUE,524.8175,6.26495419435889,0,"South 24 Parganas|BASANTI","UR|South 24 Parganas|2018","South 24 Parganas|BASANTI|2018"
"South 24 Parganas",2018,"BASANTI","CHARABIDYA","24PARGANASSOUTHBASANTICHARABIDYA","SC",TRUE,583.5975,339.9175,145.1625,85.06,4.45,1640.5,4,TRUE,583.5975,6.37092357623967,1,"South 24 Parganas|BASANTI","SC|South 24 Parganas|2018","South 24 Parganas|BASANTI|2018"
"South 24 Parganas",2018,"BASANTI","CHUNAKHALI","24PARGANASSOUTHBASANTICHUNAKHALI","UR",TRUE,445.785,105.6725,199.82,101.015,5.2725,1397.5,4,TRUE,445.785,6.10207749456345,1,"South 24 Parganas|BASANTI","UR|South 24 Parganas|2018","South 24 Parganas|BASANTI|2018"
"South 24 Parganas",2018,"BASANTI","FOOLMALANCHA","24PARGANASSOUTHBASANTIFOOLMALANCHA","UR",FALSE,117.01,3.5175,25.575,81.05,5.46,1105.25,4,TRUE,117.01,4.77076936663766,0,"South 24 Parganas|BASANTI","UR|South 24 Parganas|2018","South 24 Parganas|BASANTI|2018"
"South 24 Parganas",2018,"BASANTI","JHARKHALI","24PARGANASSOUTHBASANTIJHARKHALI","SC",TRUE,407.3,197.4175,86.655,109.685,11.4075,1899,4,TRUE,407.3,6.01200219832553,1,"South 24 Parganas|BASANTI","SC|South 24 Parganas|2018","South 24 Parganas|BASANTI|2018"
"South 24 Parganas",2018,"BASANTI","JYOTISHPUR","24PARGANASSOUTHBASANTIJYOTISHPUR","ST",FALSE,411.1375,155.52,174.62,54.5975,7.6575,898.5,4,TRUE,411.1375,6.02135703153551,0,"South 24 Parganas|BASANTI","ST|South 24 Parganas|2018","South 24 Parganas|BASANTI|2018"
"South 24 Parganas",2018,"BASANTI","KANTHALBERIA","24PARGANASSOUTHBASANTIKANTHALBERIA","UR",TRUE,250.2175,92.2825,31.165,115.52,10.21,1676.5,4,TRUE,250.2175,5.5263190977726,1,"South 24 Parganas|BASANTI","UR|South 24 Parganas|2018","South 24 Parganas|BASANTI|2018"
"South 24 Parganas",2018,"BASANTI","MASZIDBATI","24PARGANASSOUTHBASANTIMASZIDBATI","UR",TRUE,559.6725,214.3325,282.265,42.15,6.12,999.25,4,TRUE,559.6725,6.32913695609128,1,"South 24 Parganas|BASANTI","UR|South 24 Parganas|2018","South 24 Parganas|BASANTI|2018"
"South 24 Parganas",2018,"BASANTI","NAFARGANJ","24PARGANASSOUTHBASANTINAFARGANJ","UR",TRUE,305.4225,175.2425,61.32,58.505,7.2325,1141.75,4,TRUE,305.4225,5.7249648685907,1,"South 24 Parganas|BASANTI","UR|South 24 Parganas|2018","South 24 Parganas|BASANTI|2018"
"South 24 Parganas",2018,"BASANTI","RAMCHANDRAKHALI","24PARGANASSOUTHBASANTIRAMCHANDRAKHALI","ST",FALSE,417.1575,87.9175,125.9725,186.4925,13.315,2357.5,4,TRUE,417.1575,6.035858155814,0,"South 24 Parganas|BASANTI","ST|South 24 Parganas|2018","South 24 Parganas|BASANTI|2018"
"South 24 Parganas",2018,"BASANTI","UTTAR MOKAMBERIA","24PARGANASSOUTHBASANTIUTTARMOKAMBERIA","UR",TRUE,214.355,88.315,35.82,83.29,5.8725,1480.5,4,TRUE,214.355,5.37228782924777,1,"South 24 Parganas|BASANTI","UR|South 24 Parganas|2018","South 24 Parganas|BASANTI|2018"
"South 24 Parganas",2018,"BHANGAR-I","BODRA","24PARGANASSOUTHBHANGARIBODRA","SC",TRUE,597.2175,13.025,398.05,104.4875,2.3675,1430,4,TRUE,597.2175,6.3939544001979,1,"South 24 Parganas|BHANGAR-I","SC|South 24 Parganas|2018","South 24 Parganas|BHANGAR-I|2018"
"South 24 Parganas",2018,"BHANGAR-I","CHANDANESWAR-I","24PARGANASSOUTHBHANGARICHANDANESWARI","SC",FALSE,241.0475,20.9025,109.4925,80.26,2.4375,1118.75,4,TRUE,241.0475,5.48913398788783,0,"South 24 Parganas|BHANGAR-I","SC|South 24 Parganas|2018","South 24 Parganas|BHANGAR-I|2018"
"South 24 Parganas",2018,"BHANGAR-I","CHANDANESWAR-II","24PARGANASSOUTHBHANGARICHANDANESWARII","SC",FALSE,373.455,73.37,200.51,90.92,4.2,1366.25,4,TRUE,373.455,5.92547163552384,0,"South 24 Parganas|BHANGAR-I","SC|South 24 Parganas|2018","South 24 Parganas|BHANGAR-I|2018"
"South 24 Parganas",2018,"BHANGAR-I","DURGAPUR","24PARGANASSOUTHBHANGARIDURGAPUR","UR",TRUE,356.78,66.4125,121.305,148.4525,2.275,1641,4,TRUE,356.78,5.87991827236307,1,"South 24 Parganas|BHANGAR-I","UR|South 24 Parganas|2018","South 24 Parganas|BHANGAR-I|2018"
"South 24 Parganas",2018,"BHANGAR-II","BAMANGHATA","24PARGANASSOUTHBHANGARIIBAMANGHATA","SC",FALSE,233.0875,23.485,168.69,39.0075,1.9025,608,4,TRUE,233.0875,5.45569497708663,0,"South 24 Parganas|BHANGAR-II","SC|South 24 Parganas|2018","South 24 Parganas|BHANGAR-II|2018"
"South 24 Parganas",2018,"BHANGAR-II","BENTTATA-I","24PARGANASSOUTHBHANGARIIBENTTATAI","UR",FALSE,438.29,158.2725,209.5075,48.62,2.8325,883.75,4,TRUE,438.29,6.08515978723528,0,"South 24 Parganas|BHANGAR-II","UR|South 24 Parganas|2018","South 24 Parganas|BHANGAR-II|2018"
"South 24 Parganas",2018,"BHANGAR-II","BENTTATA-II","24PARGANASSOUTHBHANGARIIBENTTATAII","UR",TRUE,137.2,42.64,71.3025,21.6,1.1975,463.5,4,TRUE,137.2,4.92870191133357,1,"South 24 Parganas|BHANGAR-II","UR|South 24 Parganas|2018","South 24 Parganas|BHANGAR-II|2018"
"South 24 Parganas",2018,"BHANGAR-II","BHAGAWANPUR","24PARGANASSOUTHBHANGARIIBHAGAWANPUR","UR",FALSE,612.7825,301.1975,172.8825,138.6175,0.0625,1320.25,4,TRUE,612.7825,6.41964063086358,0,"South 24 Parganas|BHANGAR-II","UR|South 24 Parganas|2018","South 24 Parganas|BHANGAR-II|2018"
"South 24 Parganas",2018,"BHANGAR-II","BHOGALI-I","24PARGANASSOUTHBHANGARIIBHOGALII","UR",FALSE,184.8025,29.7075,83.07,70.555,0.005,1040.25,4,TRUE,184.8025,5.22468428161753,0,"South 24 Parganas|BHANGAR-II","UR|South 24 Parganas|2018","South 24 Parganas|BHANGAR-II|2018"
"South 24 Parganas",2018,"BHANGAR-II","BHOGALI-II","24PARGANASSOUTHBHANGARIIBHOGALIII","BC",FALSE,320.3,33.0775,126.255,159.57,0,2005.5,4,TRUE,320.3,5.77237526612181,0,"South 24 Parganas|BHANGAR-II","BC|South 24 Parganas|2018","South 24 Parganas|BHANGAR-II|2018"
"South 24 Parganas",2018,"BHANGAR-II","CHALTABERIA","24PARGANASSOUTHBHANGARIICHALTABERIA","SC",TRUE,401.3525,153.5325,89.295,154.5,0,1679.25,4,TRUE,401.3525,5.99732857006855,1,"South 24 Parganas|BHANGAR-II","SC|South 24 Parganas|2018","South 24 Parganas|BHANGAR-II|2018"
"South 24 Parganas",2018,"BHANGAR-II","CHANPUKUR","24PARGANASSOUTHBHANGARIICHANPUKUR","UR",TRUE,274.875,99.0225,38.37,128.2325,0.11,1241.25,4,TRUE,274.875,5.6199478645769,1,"South 24 Parganas|BHANGAR-II","UR|South 24 Parganas|2018","South 24 Parganas|BHANGAR-II|2018"
"South 24 Parganas",2018,"BHANGAR-II","POLERHAT-I","24PARGANASSOUTHBHANGARIIPOLERHATI","BC",TRUE,127.3925,12.015,21.06,93.5225,0.18,888,4,TRUE,127.3925,4.85509197833491,1,"South 24 Parganas|BHANGAR-II","BC|South 24 Parganas|2018","South 24 Parganas|BHANGAR-II|2018"
"South 24 Parganas",2018,"BHANGAR-II","POLERHAT-II","24PARGANASSOUTHBHANGARIIPOLERHATII","SC",FALSE,146.2275,73.465,34.0625,35.1225,2.19,373.5,4,TRUE,146.2275,4.99197900949815,0,"South 24 Parganas|BHANGAR-II","SC|South 24 Parganas|2018","South 24 Parganas|BHANGAR-II|2018"
"South 24 Parganas",2018,"BHANGAR-I","JAGULGACHHI","24PARGANASSOUTHBHANGARIJAGULGACHHI","SC",TRUE,215.2375,48.2,92.4375,55.385,11.4925,1078.75,4,TRUE,215.2375,5.3763773406731,1,"South 24 Parganas|BHANGAR-I","SC|South 24 Parganas|2018","South 24 Parganas|BHANGAR-I|2018"
"South 24 Parganas",2018,"BHANGAR-I","NARAYANPUR","24PARGANASSOUTHBHANGARINARAYANPUR","SC",TRUE,274.2475,42.09,150.84,70.445,3.9275,677.25,4,TRUE,274.2475,5.61767069290941,1,"South 24 Parganas|BHANGAR-I","SC|South 24 Parganas|2018","South 24 Parganas|BHANGAR-I|2018"
"South 24 Parganas",2018,"BHANGAR-I","PRANGANJ","24PARGANASSOUTHBHANGARIPRANGANJ","BC",FALSE,365.59,77.5675,170.6875,49.105,6.69,1071,4,TRUE,365.59,5.90424405734671,0,"South 24 Parganas|BHANGAR-I","BC|South 24 Parganas|2018","South 24 Parganas|BHANGAR-I|2018"
"South 24 Parganas",2018,"BHANGAR-I","SHANKSAHAR","24PARGANASSOUTHBHANGARISHANKSAHAR","UR",TRUE,372.25,21.705,263.46,61.47,4.005,904.75,4,TRUE,372.25,5.9222484364193,1,"South 24 Parganas|BHANGAR-I","UR|South 24 Parganas|2018","South 24 Parganas|BHANGAR-I|2018"
"South 24 Parganas",2018,"BHANGAR-I","TARDA","24PARGANASSOUTHBHANGARITARDA","ST",TRUE,200.665,26.4275,97.3925,63.4625,4.09,729.25,4,TRUE,200.665,5.30660790486577,1,"South 24 Parganas|BHANGAR-I","ST|South 24 Parganas|2018","South 24 Parganas|BHANGAR-I|2018"
"South 24 Parganas",2018,"BISHNUPUR-I","AMGACHHIA","24PARGANASSOUTHBISHNUPURIAMGACHHIA","UR",FALSE,118.565,42.14,43.9475,31.2775,0,580.75,4,TRUE,118.565,4.783860156548,0,"South 24 Parganas|BISHNUPUR-I","UR|South 24 Parganas|2018","South 24 Parganas|BISHNUPUR-I|2018"
"South 24 Parganas",2018,"BISHNUPUR-I","ANDHAR MANIK","24PARGANASSOUTHBISHNUPURIANDHARMANIK","UR",TRUE,101.405,14.3575,13.5175,73.02,0,436.75,4,TRUE,101.405,4.62893553953835,1,"South 24 Parganas|BISHNUPUR-I","UR|South 24 Parganas|2018","South 24 Parganas|BISHNUPUR-I|2018"
"South 24 Parganas",2018,"BISHNUPUR-I","BHANDARIA KASTEKUMARI","24PARGANASSOUTHBISHNUPURIBHANDARIAKASTEKUMARI","SC",FALSE,147.01,41.6525,16.08,86.4275,0,1130.5,4,TRUE,147.01,4.9972798390491,0,"South 24 Parganas|BISHNUPUR-I","SC|South 24 Parganas|2018","South 24 Parganas|BISHNUPUR-I|2018"
"South 24 Parganas",2018,"BISHNUPUR-I","DAKSHIN GAURIPUR CHAKDHIR","24PARGANASSOUTHBISHNUPURIDAKSHINGAURIPURCHAKDHIR","UR",FALSE,94.75,8.62,6.3175,77.2325,1.205,881,4,TRUE,94.75,4.56174062806076,0,"South 24 Parganas|BISHNUPUR-I","UR|South 24 Parganas|2018","South 24 Parganas|BISHNUPUR-I|2018"
"South 24 Parganas",2018,"BISHNUPUR-II","BAKHRAHAT","24PARGANASSOUTHBISHNUPURIIBAKHRAHAT","BC",TRUE,93.0975,7.275,54.15,31.24,0,658.75,4,TRUE,93.0975,4.54433147875701,1,"South 24 Parganas|BISHNUPUR-II","BC|South 24 Parganas|2018","South 24 Parganas|BISHNUPUR-II|2018"
"South 24 Parganas",2018,"BISHNUPUR-II","CHAK ENAYETNAGAR","24PARGANASSOUTHBISHNUPURIICHAKENAYETNAGAR","UR",FALSE,79.3375,2.965,31.215,44.675,0.22,466.5,4,TRUE,79.3375,4.3862365106974,0,"South 24 Parganas|BISHNUPUR-II","UR|South 24 Parganas|2018","South 24 Parganas|BISHNUPUR-II|2018"
"South 24 Parganas",2018,"BISHNUPUR-II","CHANDI","24PARGANASSOUTHBISHNUPURIICHANDI","UR",TRUE,47.0625,2.505,21.1075,23.3525,0,303.75,4,TRUE,47.0625,3.87250224726586,1,"South 24 Parganas|BISHNUPUR-II","UR|South 24 Parganas|2018","South 24 Parganas|BISHNUPUR-II|2018"
"South 24 Parganas",2018,"BISHNUPUR-II","GOBINDAPUR KALICHARANPUR","24PARGANASSOUTHBISHNUPURIIGOBINDAPURKALICHARANPUR","SC",FALSE,86.9575,7.68,34.3375,43.02,0.3375,681.5,4,TRUE,86.9575,4.47685374327264,0,"South 24 Parganas|BISHNUPUR-II","SC|South 24 Parganas|2018","South 24 Parganas|BISHNUPUR-II|2018"
"South 24 Parganas",2018,"BISHNUPUR-II","KANGANBERIA","24PARGANASSOUTHBISHNUPURIIKANGANBERIA","UR",FALSE,42.5825,3.5375,18.485,18.865,0,497.5,4,TRUE,42.5825,3.77465569363523,0,"South 24 Parganas|BISHNUPUR-II","UR|South 24 Parganas|2018","South 24 Parganas|BISHNUPUR-II|2018"
"South 24 Parganas",2018,"BISHNUPUR-II","KHAGRAMURI","24PARGANASSOUTHBISHNUPURIIKHAGRAMURI","UR",FALSE,148.445,5.2425,81.16,61.6675,0,963.75,4,TRUE,148.445,5.00692843216493,0,"South 24 Parganas|BISHNUPUR-II","UR|South 24 Parganas|2018","South 24 Parganas|BISHNUPUR-II|2018"
"South 24 Parganas",2018,"BISHNUPUR-II","MAUKHALI","24PARGANASSOUTHBISHNUPURIIMAUKHALI","SC",TRUE,46.9525,3.445,20.39,22.24,0,470.5,4,TRUE,46.9525,3.87021093761371,1,"South 24 Parganas|BISHNUPUR-II","SC|South 24 Parganas|2018","South 24 Parganas|BISHNUPUR-II|2018"
"South 24 Parganas",2018,"BISHNUPUR-II","NAHAJARI","24PARGANASSOUTHBISHNUPURIINAHAJARI","UR",TRUE,123.2575,6.695,41.77,74.7675,0.02,1042.75,4,TRUE,123.2575,4.82235602532805,1,"South 24 Parganas|BISHNUPUR-II","UR|South 24 Parganas|2018","South 24 Parganas|BISHNUPUR-II|2018"
"South 24 Parganas",2018,"BISHNUPUR-II","PANCHANAN","24PARGANASSOUTHBISHNUPURIIPANCHANAN","UR",FALSE,93.9675,8.675,40.215,40.1075,0.02,567,4,TRUE,93.9675,4.55353472780603,0,"South 24 Parganas|BISHNUPUR-II","UR|South 24 Parganas|2018","South 24 Parganas|BISHNUPUR-II|2018"
"South 24 Parganas",2018,"BISHNUPUR-II","PATHARBERIA JAYCHANDIPUR","24PARGANASSOUTHBISHNUPURIIPATHARBERIAJAYCHANDIPUR","BC",FALSE,152.9875,11.465,69.555,71.7625,0.1725,1302.75,4,TRUE,152.9875,5.03687143028809,0,"South 24 Parganas|BISHNUPUR-II","BC|South 24 Parganas|2018","South 24 Parganas|BISHNUPUR-II|2018"
"South 24 Parganas",2018,"BISHNUPUR-II","RAMKRISHNAPUR BORHANPUR","24PARGANASSOUTHBISHNUPURIIRAMKRISHNAPURBORHANPUR","UR",TRUE,52.365,5.015,18.5575,27.9025,0,516.75,4,TRUE,52.365,3.97715510036593,1,"South 24 Parganas|BISHNUPUR-II","UR|South 24 Parganas|2018","South 24 Parganas|BISHNUPUR-II|2018"
"South 24 Parganas",2018,"BISHNUPUR-I","JULPIA","24PARGANASSOUTHBISHNUPURIJULPIA","UR",FALSE,210.89,64.78,26.84,117.975,0.0025,868.25,4,TRUE,210.89,5.35606727208894,0,"South 24 Parganas|BISHNUPUR-I","UR|South 24 Parganas|2018","South 24 Parganas|BISHNUPUR-I|2018"
"South 24 Parganas",2018,"BISHNUPUR-I","KEORADANGA","24PARGANASSOUTHBISHNUPURIKEORADANGA","SC",TRUE,88.3925,26.39,8.505,52.16,0,754,4,TRUE,88.3925,4.49303678604284,1,"South 24 Parganas|BISHNUPUR-I","SC|South 24 Parganas|2018","South 24 Parganas|BISHNUPUR-I|2018"
"South 24 Parganas",2018,"BISHNUPUR-I","KULERDARI","24PARGANASSOUTHBISHNUPURIKULERDARI","UR",TRUE,39.165,3.135,17.6575,17.485,0,274.75,4,TRUE,39.165,3.69299596962578,1,"South 24 Parganas|BISHNUPUR-I","UR|South 24 Parganas|2018","South 24 Parganas|BISHNUPUR-I|2018"
"South 24 Parganas",2018,"BISHNUPUR-I","PANAKUA","24PARGANASSOUTHBISHNUPURIPANAKUA","SC",FALSE,97.16,18.2775,11.7525,64.0625,0,814.75,4,TRUE,97.16,4.58659880040266,0,"South 24 Parganas|BISHNUPUR-I","SC|South 24 Parganas|2018","South 24 Parganas|BISHNUPUR-I|2018"
"South 24 Parganas",2018,"BISHNUPUR-I","PASCHIM BISHNUPUR","24PARGANASSOUTHBISHNUPURIPASCHIMBISHNUPUR","BC",FALSE,74.73,18.8725,12.585,41.875,0,585.5,4,TRUE,74.73,4.32717438312573,0,"South 24 Parganas|BISHNUPUR-I","BC|South 24 Parganas|2018","South 24 Parganas|BISHNUPUR-I|2018"
"South 24 Parganas",2018,"BISHNUPUR-I","PURBA BISHNUPUR","24PARGANASSOUTHBISHNUPURIPURBABISHNUPUR","SC",TRUE,85.895,18.365,35.17,29.75,1.71,748.25,4,TRUE,85.895,4.4647004932167,1,"South 24 Parganas|BISHNUPUR-I","SC|South 24 Parganas|2018","South 24 Parganas|BISHNUPUR-I|2018"
"South 24 Parganas",2018,"BISHNUPUR-I","RAKHALI","24PARGANASSOUTHBISHNUPURIRAKHALI","UR",TRUE,164.585,61.625,49.9475,52.12,0,810.75,4,TRUE,164.585,5.10948465813842,1,"South 24 Parganas|BISHNUPUR-I","UR|South 24 Parganas|2018","South 24 Parganas|BISHNUPUR-I|2018"
"South 24 Parganas",2018,"BUDGE BUDGE-I","BUTA","24PARGANASSOUTHBUDGEBUDGEIBUTA","UR",FALSE,109.99,8.495,38.945,58.66,1.3675,502.5,4,TRUE,109.99,4.70944010716389,0,"South 24 Parganas|BUDGE BUDGE-I","UR|South 24 Parganas|2018","South 24 Parganas|BUDGE BUDGE-I|2018"
"South 24 Parganas",2018,"BUDGE BUDGE-I","CHINGRIPOTA","24PARGANASSOUTHBUDGEBUDGEICHINGRIPOTA","UR",TRUE,142.38,14.995,96.0525,28.1025,0,538.25,4,TRUE,142.38,4.96549844842473,1,"South 24 Parganas|BUDGE BUDGE-I","UR|South 24 Parganas|2018","South 24 Parganas|BUDGE BUDGE-I|2018"
"South 24 Parganas",2018,"BUDGE BUDGE-II","BURUL","24PARGANASSOUTHBUDGEBUDGEIIBURUL","UR",FALSE,187.0675,14.53,32.675,126.075,8.06,1333,4,TRUE,187.0675,5.23680094094279,0,"South 24 Parganas|BUDGE BUDGE-II","UR|South 24 Parganas|2018","South 24 Parganas|BUDGE BUDGE-II|2018"
"South 24 Parganas",2018,"BUDGE BUDGE-II","CHAKMANIK","24PARGANASSOUTHBUDGEBUDGEIICHAKMANIK","SC",FALSE,214.775,31.5375,102.37,72.615,1.375,1120.25,4,TRUE,214.775,5.37423619810572,0,"South 24 Parganas|BUDGE BUDGE-II","SC|South 24 Parganas|2018","South 24 Parganas|BUDGE BUDGE-II|2018"
"South 24 Parganas",2018,"BUDGE BUDGE-II","DONGARIA RAIPUR","24PARGANASSOUTHBUDGEBUDGEIIDONGARIARAIPUR","SC",FALSE,229.21,32.075,91.185,89.2975,10.8325,1042.5,4,TRUE,229.21,5.43899193583081,0,"South 24 Parganas|BUDGE BUDGE-II","SC|South 24 Parganas|2018","South 24 Parganas|BUDGE BUDGE-II|2018"
"South 24 Parganas",2018,"BUDGE BUDGE-II","GAJA POYALI","24PARGANASSOUTHBUDGEBUDGEIIGAJAPOYALI","UR",TRUE,172.2075,16.8125,52.995,94.915,3.46,1489.5,4,TRUE,172.2075,5.15449029773122,1,"South 24 Parganas|BUDGE BUDGE-II","UR|South 24 Parganas|2018","South 24 Parganas|BUDGE BUDGE-II|2018"
"South 24 Parganas",2018,"BUDGE BUDGE-II","KAMRABAD","24PARGANASSOUTHBUDGEBUDGEIIKAMRABAD","UR",FALSE,188.5575,25.84,40.8275,120.9325,0.3,1317.25,4,TRUE,188.5575,5.24469240857604,0,"South 24 Parganas|BUDGE BUDGE-II","UR|South 24 Parganas|2018","South 24 Parganas|BUDGE BUDGE-II|2018"
"South 24 Parganas",2018,"BUDGE BUDGE-II","KASIPUR ALAMPUR","24PARGANASSOUTHBUDGEBUDGEIIKASIPURALAMPUR","UR",FALSE,205.2,8.485,99.94,68.56,0.12,1191.5,4,TRUE,205.2,5.32884657158286,0,"South 24 Parganas|BUDGE BUDGE-II","UR|South 24 Parganas|2018","South 24 Parganas|BUDGE BUDGE-II|2018"
"South 24 Parganas",2018,"BUDGE BUDGE-II","NASKARPUR","24PARGANASSOUTHBUDGEBUDGEIINASKARPUR","BC",TRUE,151.5575,7.9775,10.8925,131.9925,0.125,1464,4,TRUE,151.5575,5.02754157416261,1,"South 24 Parganas|BUDGE BUDGE-II","BC|South 24 Parganas|2018","South 24 Parganas|BUDGE BUDGE-II|2018"
"South 24 Parganas",2018,"BUDGE BUDGE-II","NORTH BAOYALI","24PARGANASSOUTHBUDGEBUDGEIINORTHBAOYALI","SC",TRUE,159.505,15.675,55.615,86.36,0.895,1681.5,4,TRUE,159.505,5.07832509473281,1,"South 24 Parganas|BUDGE BUDGE-II","SC|South 24 Parganas|2018","South 24 Parganas|BUDGE BUDGE-II|2018"
"South 24 Parganas",2018,"BUDGE BUDGE-II","RANIA","24PARGANASSOUTHBUDGEBUDGEIIRANIA","UR",TRUE,115.265,26.67,34.325,51.9225,0.5775,971.75,4,TRUE,115.265,4.75587206840158,1,"South 24 Parganas|BUDGE BUDGE-II","UR|South 24 Parganas|2018","South 24 Parganas|BUDGE BUDGE-II|2018"
"South 24 Parganas",2018,"BUDGE BUDGE-II","SATGACHHIA","24PARGANASSOUTHBUDGEBUDGEIISATGACHHIA","BC",TRUE,298.28,127.1775,50.6075,117.5375,0.01,1003,4,TRUE,298.28,5.70137959003989,1,"South 24 Parganas|BUDGE BUDGE-II","BC|South 24 Parganas|2018","South 24 Parganas|BUDGE BUDGE-II|2018"
"South 24 Parganas",2018,"BUDGE BUDGE-II","SOUTH BAOYALI","24PARGANASSOUTHBUDGEBUDGEIISOUTHBAOYALI","UR",TRUE,88.41,8.4225,18.9225,59.205,1.6925,631.25,4,TRUE,88.41,4.49323253274723,1,"South 24 Parganas|BUDGE BUDGE-II","UR|South 24 Parganas|2018","South 24 Parganas|BUDGE BUDGE-II|2018"
"South 24 Parganas",2018,"BUDGE BUDGE-I","MAYAPUR","24PARGANASSOUTHBUDGEBUDGEIMAYAPUR","SC",FALSE,171.895,13.97,69.905,87.5225,0,644.75,4,TRUE,171.895,5.15268447382113,0,"South 24 Parganas|BUDGE BUDGE-I","SC|South 24 Parganas|2018","South 24 Parganas|BUDGE BUDGE-I|2018"
"South 24 Parganas",2018,"BUDGE BUDGE-I","NISCHINTAPUR","24PARGANASSOUTHBUDGEBUDGEINISCHINTAPUR","UR",TRUE,208.7325,14.345,126.5425,62.005,5.8375,771.75,4,TRUE,208.7325,5.34583290920869,1,"South 24 Parganas|BUDGE BUDGE-I","UR|South 24 Parganas|2018","South 24 Parganas|BUDGE BUDGE-I|2018"
"South 24 Parganas",2018,"BUDGE BUDGE-I","RAJIBPUR","24PARGANASSOUTHBUDGEBUDGEIRAJIBPUR","UR",FALSE,111.04,8.57,72.8975,26.615,2.0425,362.75,4,TRUE,111.04,4.71885595039191,0,"South 24 Parganas|BUDGE BUDGE-I","UR|South 24 Parganas|2018","South 24 Parganas|BUDGE BUDGE-I|2018"
"South 24 Parganas",2018,"BUDGE BUDGE-I","UTTAR RAIPUR","24PARGANASSOUTHBUDGEBUDGEIUTTARRAIPUR","UR",FALSE,244.72,32.8675,134.7025,64.0525,4.015,621.25,4,TRUE,244.72,5.50419267629573,0,"South 24 Parganas|BUDGE BUDGE-I","UR|South 24 Parganas|2018","South 24 Parganas|BUDGE BUDGE-I|2018"
"South 24 Parganas",2018,"CANNING-I","BANSRA","24PARGANASSOUTHCANNINGIBANSRA","UR",TRUE,247.3075,9.61,83.38,139.88,5.92,1191.25,4,TRUE,247.3075,5.51466789745465,1,"South 24 Parganas|CANNING-I","UR|South 24 Parganas|2018","South 24 Parganas|CANNING-I|2018"
"South 24 Parganas",2018,"CANNING-I","DARIA","24PARGANASSOUTHCANNINGIDARIA","UR",FALSE,334.49,70.6125,82.1525,177.515,1.72,1277.75,4,TRUE,334.49,5.81559214970821,0,"South 24 Parganas|CANNING-I","UR|South 24 Parganas|2018","South 24 Parganas|CANNING-I|2018"
"South 24 Parganas",2018,"CANNING-I","DIGHIRPAR","24PARGANASSOUTHCANNINGIDIGHIRPAR","UR",TRUE,231.2375,10.315,74.23,130.6375,11.1975,907.75,4,TRUE,231.2375,5.44776055493229,1,"South 24 Parganas|CANNING-I","UR|South 24 Parganas|2018","South 24 Parganas|CANNING-I|2018"
"South 24 Parganas",2018,"CANNING-I","GOPALPUR","24PARGANASSOUTHCANNINGIGOPALPUR","UR",FALSE,402.525,51.62,209.5825,134.99,4.47,1708.25,4,TRUE,402.525,6.00023844365934,0,"South 24 Parganas|CANNING-I","UR|South 24 Parganas|2018","South 24 Parganas|CANNING-I|2018"
"South 24 Parganas",2018,"CANNING-I","HATPUKURIA","24PARGANASSOUTHCANNINGIHATPUKURIA","UR",TRUE,252.135,37.7775,67.225,134.045,9.335,1302.5,4,TRUE,252.135,5.53392294325329,1,"South 24 Parganas|CANNING-I","UR|South 24 Parganas|2018","South 24 Parganas|CANNING-I|2018"
"South 24 Parganas",2018,"CANNING-II","ATHAROBANDI","24PARGANASSOUTHCANNINGIIATHAROBANDI","BC",FALSE,440.465,124.88,162.5475,119.795,2.75,1803,4,TRUE,440.465,6.09009874170338,0,"South 24 Parganas|CANNING-II","BC|South 24 Parganas|2018","South 24 Parganas|CANNING-II|2018"
"South 24 Parganas",2018,"CANNING-II","DEULI-I","24PARGANASSOUTHCANNINGIIDEULII","UR",FALSE,140.1725,11.1825,11.4875,112.53,2.63,972.5,4,TRUE,140.1725,4.94998254688431,0,"South 24 Parganas|CANNING-II","UR|South 24 Parganas|2018","South 24 Parganas|CANNING-II|2018"
"South 24 Parganas",2018,"CANNING-II","DEULI-II","24PARGANASSOUTHCANNINGIIDEULIII","UR",TRUE,362.3925,142.6275,62.9175,128.1325,25.0275,1101.25,4,TRUE,362.3925,5.89548351733413,1,"South 24 Parganas|CANNING-II","UR|South 24 Parganas|2018","South 24 Parganas|CANNING-II|2018"
"South 24 Parganas",2018,"CANNING-II","KALIKATALA","24PARGANASSOUTHCANNINGIIKALIKATALA","BC",TRUE,428.9975,96.4475,179.43,108.52,7.82,1538.75,4,TRUE,428.9975,6.06377939471722,1,"South 24 Parganas|CANNING-II","BC|South 24 Parganas|2018","South 24 Parganas|CANNING-II|2018"
"South 24 Parganas",2018,"CANNING-II","MATHERDIGHI","24PARGANASSOUTHCANNINGIIMATHERDIGHI","UR",TRUE,325.285,98.6925,119.7075,86.1325,7.6775,1847.75,4,TRUE,325.285,5.78777123257634,1,"South 24 Parganas|CANNING-II","UR|South 24 Parganas|2018","South 24 Parganas|CANNING-II|2018"
"South 24 Parganas",2018,"CANNING-II","NARAYANPUR","24PARGANASSOUTHCANNINGIINARAYANPUR","UR",FALSE,104.825,5.795,19.795,72.23,0,1044,4,TRUE,104.825,4.66178678640699,0,"South 24 Parganas|CANNING-II","UR|South 24 Parganas|2018","South 24 Parganas|CANNING-II|2018"
"South 24 Parganas",2018,"CANNING-II","SARENGABAD","24PARGANASSOUTHCANNINGIISARENGABAD","UR",FALSE,397.0275,75.185,44.54,266.2225,1.8575,2397.25,4,TRUE,397.0275,5.98652109837484,0,"South 24 Parganas|CANNING-II","UR|South 24 Parganas|2018","South 24 Parganas|CANNING-II|2018"
"South 24 Parganas",2018,"CANNING-II","TAMBULDAHA-I","24PARGANASSOUTHCANNINGIITAMBULDAHAI","SC",FALSE,508.145,101.2625,246.59,155.32,0.3875,2944,4,TRUE,508.145,6.23273284828074,0,"South 24 Parganas|CANNING-II","SC|South 24 Parganas|2018","South 24 Parganas|CANNING-II|2018"
"South 24 Parganas",2018,"CANNING-II","TAMBULDAHA-II","24PARGANASSOUTHCANNINGIITAMBULDAHAII","UR",FALSE,314.1125,32.875,84.3875,182.2775,0,1779.75,4,TRUE,314.1125,5.75292971792245,0,"South 24 Parganas|CANNING-II","UR|South 24 Parganas|2018","South 24 Parganas|CANNING-II|2018"
"South 24 Parganas",2018,"CANNING-I","ITKHOLA","24PARGANASSOUTHCANNINGIITKHOLA","SC",FALSE,381.19,26.045,165.5,180.1125,8.275,2033.75,4,TRUE,381.19,5.945917867152,0,"South 24 Parganas|CANNING-I","SC|South 24 Parganas|2018","South 24 Parganas|CANNING-I|2018"
"South 24 Parganas",2018,"CANNING-I","MATLA-I","24PARGANASSOUTHCANNINGIMATLAI","UR",FALSE,182.395,34.8125,97.965,42.615,1.915,438.5,4,TRUE,182.395,5.2116422966372,0,"South 24 Parganas|CANNING-I","UR|South 24 Parganas|2018","South 24 Parganas|CANNING-I|2018"
"South 24 Parganas",2018,"CANNING-I","MATLA-II","24PARGANASSOUTHCANNINGIMATLAII","SC",FALSE,280.015,25.1475,155.8275,88.1725,3.775,653.75,4,TRUE,280.015,5.63840804869196,0,"South 24 Parganas|CANNING-I","SC|South 24 Parganas|2018","South 24 Parganas|CANNING-I|2018"
"South 24 Parganas",2018,"CANNING-I","NIKARIGHATA","24PARGANASSOUTHCANNINGINIKARIGHATA","SC",TRUE,365.975,52.3225,144.56,166.0375,2.825,1254.5,4,TRUE,365.975,5.9052937258433,1,"South 24 Parganas|CANNING-I","SC|South 24 Parganas|2018","South 24 Parganas|CANNING-I|2018"
"South 24 Parganas",2018,"CANNING-I","TALDI","24PARGANASSOUTHCANNINGITALDI","SC",TRUE,292.945,12.4725,90.655,187.93,1.315,2004,4,TRUE,292.945,5.68339267500807,1,"South 24 Parganas|CANNING-I","SC|South 24 Parganas|2018","South 24 Parganas|CANNING-I|2018"
"South 24 Parganas",2018,"DIAMOND HARBOUR-I","BASULDANGA","24PARGANASSOUTHDIAMONDHARBOURIBASULDANGA","UR",FALSE,188.36,35.0875,31.4575,106.745,0.005,1251,4,TRUE,188.36,5.24364996520573,0,"South 24 Parganas|DIAMOND HARBOUR-I","UR|South 24 Parganas|2018","South 24 Parganas|DIAMOND HARBOUR-I|2018"
"South 24 Parganas",2018,"DIAMOND HARBOUR-I","BOLSIDDHI KALINAGAR","24PARGANASSOUTHDIAMONDHARBOURIBOLSIDDHIKALINAGAR","BC",FALSE,172.825,24.1075,34.3875,112.4625,0.255,1530,4,TRUE,172.825,5.15804904598508,0,"South 24 Parganas|DIAMOND HARBOUR-I","BC|South 24 Parganas|2018","South 24 Parganas|DIAMOND HARBOUR-I|2018"
"South 24 Parganas",2018,"DIAMOND HARBOUR-I","DERAK","24PARGANASSOUTHDIAMONDHARBOURIDERAK","SC",FALSE,158.5975,12.3025,21.8275,122.63,0.8475,1378,4,TRUE,158.5975,5.07265502073262,0,"South 24 Parganas|DIAMOND HARBOUR-I","SC|South 24 Parganas|2018","South 24 Parganas|DIAMOND HARBOUR-I|2018"
"South 24 Parganas",2018,"DIAMOND HARBOUR-I","HARINDANGA","24PARGANASSOUTHDIAMONDHARBOURIHARINDANGA","UR",TRUE,129.4225,24.5975,22.98,78.52,0.535,924,4,TRUE,129.4225,4.87077918062047,1,"South 24 Parganas|DIAMOND HARBOUR-I","UR|South 24 Parganas|2018","South 24 Parganas|DIAMOND HARBOUR-I|2018"
"South 24 Parganas",2018,"DIAMOND HARBOUR-II","BHADURA HARIDAS","24PARGANASSOUTHDIAMONDHARBOURIIBHADURAHARIDAS","BC",TRUE,284.885,56.795,135.15,78.705,7.31,895.75,4,TRUE,284.885,5.65558963205472,1,"South 24 Parganas|DIAMOND HARBOUR-II","BC|South 24 Parganas|2018","South 24 Parganas|DIAMOND HARBOUR-II|2018"
"South 24 Parganas",2018,"DIAMOND HARBOUR-II","KALATALAHAT","24PARGANASSOUTHDIAMONDHARBOURIIKALATALAHAT","SC",FALSE,465.22,71.36,246.7675,117.325,21.755,1177.25,4,TRUE,465.22,6.14465762572438,0,"South 24 Parganas|DIAMOND HARBOUR-II","SC|South 24 Parganas|2018","South 24 Parganas|DIAMOND HARBOUR-II|2018"
"South 24 Parganas",2018,"DIAMOND HARBOUR-II","KAMARPOL","24PARGANASSOUTHDIAMONDHARBOURIIKAMARPOL","SC",FALSE,236.2575,38.905,94.99,94.5525,6.285,947.5,4,TRUE,236.2575,5.46914604921377,0,"South 24 Parganas|DIAMOND HARBOUR-II","SC|South 24 Parganas|2018","South 24 Parganas|DIAMOND HARBOUR-II|2018"
"South 24 Parganas",2018,"DIAMOND HARBOUR-II","KHORDO","24PARGANASSOUTHDIAMONDHARBOURIIKHORDO","UR",TRUE,313.1475,65.68,136.0475,98.6875,10.5725,854.75,4,TRUE,313.1475,5.74986262083543,1,"South 24 Parganas|DIAMOND HARBOUR-II","UR|South 24 Parganas|2018","South 24 Parganas|DIAMOND HARBOUR-II|2018"
"South 24 Parganas",2018,"DIAMOND HARBOUR-II","MATHUR","24PARGANASSOUTHDIAMONDHARBOURIIMATHUR","SC",TRUE,294.4775,53.2,121.4825,103.2225,6.925,886.25,4,TRUE,294.4775,5.68859269181521,1,"South 24 Parganas|DIAMOND HARBOUR-II","SC|South 24 Parganas|2018","South 24 Parganas|DIAMOND HARBOUR-II|2018"
"South 24 Parganas",2018,"DIAMOND HARBOUR-II","NURPUR","24PARGANASSOUTHDIAMONDHARBOURIINURPUR","UR",FALSE,278.5225,37.465,115.21,86.725,35.32,1542,4,TRUE,278.5225,5.63308279024958,0,"South 24 Parganas|DIAMOND HARBOUR-II","UR|South 24 Parganas|2018","South 24 Parganas|DIAMOND HARBOUR-II|2018"
"South 24 Parganas",2018,"DIAMOND HARBOUR-II","PATRA","24PARGANASSOUTHDIAMONDHARBOURIIPATRA","BC",TRUE,494.7375,216.5425,175.0275,88.1425,4.305,1487,4,TRUE,494.7375,6.20604655276028,1,"South 24 Parganas|DIAMOND HARBOUR-II","BC|South 24 Parganas|2018","South 24 Parganas|DIAMOND HARBOUR-II|2018"
"South 24 Parganas",2018,"DIAMOND HARBOUR-II","SARISA","24PARGANASSOUTHDIAMONDHARBOURIISARISA","UR",FALSE,405.6175,159.2775,114.4025,104.635,8.1375,862.25,4,TRUE,405.6175,6.00787294011066,0,"South 24 Parganas|DIAMOND HARBOUR-II","UR|South 24 Parganas|2018","South 24 Parganas|DIAMOND HARBOUR-II|2018"
"South 24 Parganas",2018,"DIAMOND HARBOUR-I","KANPUR DHANABERIA","24PARGANASSOUTHDIAMONDHARBOURIKANPURDHANABERIA","UR",FALSE,226.47,44.055,69.6325,106.3875,4.27,1331,4,TRUE,226.47,5.42701836156377,0,"South 24 Parganas|DIAMOND HARBOUR-I","UR|South 24 Parganas|2018","South 24 Parganas|DIAMOND HARBOUR-I|2018"
"South 24 Parganas",2018,"DIAMOND HARBOUR-I","MASHAT","24PARGANASSOUTHDIAMONDHARBOURIMASHAT","UR",TRUE,146.44,11.205,50.0975,82.8575,1.465,977.75,4,TRUE,146.44,4.99342131336157,1,"South 24 Parganas|DIAMOND HARBOUR-I","UR|South 24 Parganas|2018","South 24 Parganas|DIAMOND HARBOUR-I|2018"
"South 24 Parganas",2018,"DIAMOND HARBOUR-I","NETRA","24PARGANASSOUTHDIAMONDHARBOURINETRA","UR",FALSE,235.6675,62.3925,97.8025,63.95,0,812.75,4,TRUE,235.6675,5.46665620248781,0,"South 24 Parganas|DIAMOND HARBOUR-I","UR|South 24 Parganas|2018","South 24 Parganas|DIAMOND HARBOUR-I|2018"
"South 24 Parganas",2018,"DIAMOND HARBOUR-I","PARULIA","24PARGANASSOUTHDIAMONDHARBOURIPARULIA","SC",TRUE,172.8425,40.8975,47.71,76.945,2.05,1016.75,4,TRUE,172.8425,5.1581497168848,1,"South 24 Parganas|DIAMOND HARBOUR-I","SC|South 24 Parganas|2018","South 24 Parganas|DIAMOND HARBOUR-I|2018"
"South 24 Parganas",2018,"FALTA","BANGANAGAR-I","24PARGANASSOUTHFALTABANGANAGARI","BC",TRUE,274.0075,34.08,88.1,132.695,17.9875,1272,4,TRUE,274.0075,5.61679837002195,1,"South 24 Parganas|FALTA","BC|South 24 Parganas|2018","South 24 Parganas|FALTA|2018"
"South 24 Parganas",2018,"FALTA","BANGANAGAR-II","24PARGANASSOUTHFALTABANGANAGARII","UR",TRUE,141.145,28.6575,52.3975,54.855,4.5075,681,4,TRUE,141.145,4.95684766336653,1,"South 24 Parganas|FALTA","UR|South 24 Parganas|2018","South 24 Parganas|FALTA|2018"
"South 24 Parganas",2018,"FALTA","BELSINGHA-I","24PARGANASSOUTHFALTABELSINGHAI","UR",TRUE,248.585,37.6975,148.54,53.4,8.4775,690.75,4,TRUE,248.585,5.51979953853558,1,"South 24 Parganas|FALTA","UR|South 24 Parganas|2018","South 24 Parganas|FALTA|2018"
"South 24 Parganas",2018,"FALTA","BELSINGHA-II","24PARGANASSOUTHFALTABELSINGHAII","SC",TRUE,338.33,109.7925,155.9675,40.85,10.67,749.5,4,TRUE,338.33,5.8269730852114,1,"South 24 Parganas|FALTA","SC|South 24 Parganas|2018","South 24 Parganas|FALTA|2018"
"South 24 Parganas",2018,"FALTA","CHALUARI","24PARGANASSOUTHFALTACHALUARI","SC",FALSE,249.6225,21.4175,144.25,74.2875,8.535,1194,4,TRUE,249.6225,5.52394782294874,0,"South 24 Parganas|FALTA","SC|South 24 Parganas|2018","South 24 Parganas|FALTA|2018"
"South 24 Parganas",2018,"FALTA","DEBIPUR","24PARGANASSOUTHFALTADEBIPUR","UR",FALSE,175.8525,33.7875,65.43,57.2875,5.81,667.75,4,TRUE,175.8525,5.17531605182525,0,"South 24 Parganas|FALTA","UR|South 24 Parganas|2018","South 24 Parganas|FALTA|2018"
"South 24 Parganas",2018,"FALTA","FALTA","24PARGANASSOUTHFALTAFALTA","SC",FALSE,595.1275,148.89,333.84,49.2,13.095,1210.5,4,TRUE,595.1275,6.3904545703609,0,"South 24 Parganas|FALTA","SC|South 24 Parganas|2018","South 24 Parganas|FALTA|2018"
"South 24 Parganas",2018,"FALTA","FATEPUR","24PARGANASSOUTHFALTAFATEPUR","UR",FALSE,187.325,29.6475,65.075,80.51,5.3275,697.75,4,TRUE,187.325,5.23816919371176,0,"South 24 Parganas|FALTA","UR|South 24 Parganas|2018","South 24 Parganas|FALTA|2018"
"South 24 Parganas",2018,"FALTA","GOPALPUR","24PARGANASSOUTHFALTAGOPALPUR","UR",TRUE,883.105,213.45,450.045,202.905,13.37,2691.5,4,TRUE,883.105,6.7845758338646,1,"South 24 Parganas|FALTA","UR|South 24 Parganas|2018","South 24 Parganas|FALTA|2018"
"South 24 Parganas",2018,"FALTA","HARINDANGA-I","24PARGANASSOUTHFALTAHARINDANGAI","UR",FALSE,811.9325,140.6525,355.105,256.0525,46.905,2144,4,TRUE,811.9325,6.70064808027072,0,"South 24 Parganas|FALTA","UR|South 24 Parganas|2018","South 24 Parganas|FALTA|2018"
"South 24 Parganas",2018,"FALTA","HARINDANGA-II","24PARGANASSOUTHFALTAHARINDANGAII","UR",TRUE,338.195,68.22,150.4,97.14,4.6775,1005.5,4,TRUE,338.195,5.82657516324307,1,"South 24 Parganas|FALTA","UR|South 24 Parganas|2018","South 24 Parganas|FALTA|2018"
"South 24 Parganas",2018,"FALTA","MALLIKPUR","24PARGANASSOUTHFALTAMALLIKPUR","SC",TRUE,581.66,123.3775,330.82,91.585,16.1575,1736.5,4,TRUE,581.66,6.36760382583432,1,"South 24 Parganas|FALTA","SC|South 24 Parganas|2018","South 24 Parganas|FALTA|2018"
"South 24 Parganas",2018,"FALTA","NOYAPUKURIA","24PARGANASSOUTHFALTANOYAPUKURIA","SC",FALSE,416.2325,144.17,85.845,134.9625,12.9675,1316.5,4,TRUE,416.2325,6.03364362038018,0,"South 24 Parganas|FALTA","SC|South 24 Parganas|2018","South 24 Parganas|FALTA|2018"
"South 24 Parganas",2018,"GOSABA","AMTALI","24PARGANASSOUTHGOSABAAMTALI","UR",FALSE,173.915,28.7775,70.285,72.4425,0,1363.75,4,TRUE,173.915,5.16430014164041,0,"South 24 Parganas|GOSABA","UR|South 24 Parganas|2018","South 24 Parganas|GOSABA|2018"
"South 24 Parganas",2018,"GOSABA","BALI-I","24PARGANASSOUTHGOSABABALII","SC",TRUE,1290.475,181.97,853.3475,33.415,171.6225,830.25,4,TRUE,1290.475,7.16354025501211,1,"South 24 Parganas|GOSABA","SC|South 24 Parganas|2018","South 24 Parganas|GOSABA|2018"
"South 24 Parganas",2018,"GOSABA","BALI-II","24PARGANASSOUTHGOSABABALIII","UR",FALSE,726.31,245.9525,291.3625,143.1075,0.3325,1765.75,4,TRUE,726.31,6.58935279655037,0,"South 24 Parganas|GOSABA","UR|South 24 Parganas|2018","South 24 Parganas|GOSABA|2018"
"South 24 Parganas",2018,"GOSABA","BIPRADASPUR","24PARGANASSOUTHGOSABABIPRADASPUR","SC",TRUE,679.2625,252.4375,277.8075,118.78,1.59,1063.5,4,TRUE,679.2625,6.52247875309173,1,"South 24 Parganas|GOSABA","SC|South 24 Parganas|2018","South 24 Parganas|GOSABA|2018"
"South 24 Parganas",2018,"GOSABA","CHHOTA MOLLAKHALI","24PARGANASSOUTHGOSABACHHOTAMOLLAKHALI","UR",TRUE,302.085,25.855,165.6325,107.0425,2.16,1403.75,4,TRUE,302.085,5.71401329422154,1,"South 24 Parganas|GOSABA","UR|South 24 Parganas|2018","South 24 Parganas|GOSABA|2018"
"South 24 Parganas",2018,"GOSABA","GOSABA","24PARGANASSOUTHGOSABAGOSABA","UR",FALSE,397.36,134.55,144.165,102.2175,3.7,1107.75,4,TRUE,397.36,5.98735611906344,0,"South 24 Parganas|GOSABA","UR|South 24 Parganas|2018","South 24 Parganas|GOSABA|2018"
"South 24 Parganas",2018,"GOSABA","KACHUKHALI","24PARGANASSOUTHGOSABAKACHUKHALI","UR",FALSE,744.6475,282.8375,358.8775,70.89,5.475,950,4,TRUE,744.6475,6.61425296842372,0,"South 24 Parganas|GOSABA","UR|South 24 Parganas|2018","South 24 Parganas|GOSABA|2018"
"South 24 Parganas",2018,"GOSABA","KUMIRMARI","24PARGANASSOUTHGOSABAKUMIRMARI","SC",FALSE,176.1925,63.25,64.975,47.8025,0,980.5,4,TRUE,176.1925,5.17723671221882,0,"South 24 Parganas|GOSABA","SC|South 24 Parganas|2018","South 24 Parganas|GOSABA|2018"
"South 24 Parganas",2018,"GOSABA","LAHIRIPUR","24PARGANASSOUTHGOSABALAHIRIPUR","UR",TRUE,402.305,134.97,203.98,60.1975,0.1125,1755.5,4,TRUE,402.305,5.99969309952129,1,"South 24 Parganas|GOSABA","UR|South 24 Parganas|2018","South 24 Parganas|GOSABA|2018"
"South 24 Parganas",2018,"GOSABA","PATHANKHALI","24PARGANASSOUTHGOSABAPATHANKHALI","UR",TRUE,1534.83,553.8825,489.1925,195.755,0.095,1952.75,4,TRUE,1534.83,7.33682623049912,1,"South 24 Parganas|GOSABA","UR|South 24 Parganas|2018","South 24 Parganas|GOSABA|2018"
"South 24 Parganas",2018,"GOSABA","RADHANAGAR-TARANAGAR","24PARGANASSOUTHGOSABARADHANAGARTARANAGAR","UR",TRUE,169.79,25.935,82.665,58.95,0,1235.5,4,TRUE,169.79,5.1404347316311,1,"South 24 Parganas|GOSABA","UR|South 24 Parganas|2018","South 24 Parganas|GOSABA|2018"
"South 24 Parganas",2018,"GOSABA","RANGABELIA","24PARGANASSOUTHGOSABARANGABELIA","SC",TRUE,217.1175,23.7975,98.1425,91.1275,0,772.5,4,TRUE,217.1175,5.3850339084114,1,"South 24 Parganas|GOSABA","SC|South 24 Parganas|2018","South 24 Parganas|GOSABA|2018"
"South 24 Parganas",2018,"GOSABA","SATJELIA","24PARGANASSOUTHGOSABASATJELIA","SC",FALSE,227.655,18.33,143.9075,53.77,0.1825,892.25,4,TRUE,227.655,5.43221431734803,0,"South 24 Parganas|GOSABA","SC|South 24 Parganas|2018","South 24 Parganas|GOSABA|2018"
"South 24 Parganas",2018,"GOSABA","SHAMBHUNAGAR","24PARGANASSOUTHGOSABASHAMBHUNAGAR","SC",FALSE,460.4175,127.54,221.8075,80.2375,1.2325,1002.5,4,TRUE,460.4175,6.13430327306548,0,"South 24 Parganas|GOSABA","SC|South 24 Parganas|2018","South 24 Parganas|GOSABA|2018"
"South 24 Parganas",2018,"JAYNAGAR-I","BAHARU KSHETRA","24PARGANASSOUTHJAYNAGARIBAHARUKSHETRA","BC",FALSE,285.43,43.8775,42.0125,167.48,2.37,805.25,4,TRUE,285.43,5.65749417820409,0,"South 24 Parganas|JAYNAGAR-I","BC|South 24 Parganas|2018","South 24 Parganas|JAYNAGAR-I|2018"
"South 24 Parganas",2018,"JAYNAGAR-I","BAMANGACHHI","24PARGANASSOUTHJAYNAGARIBAMANGACHHI","UR",FALSE,426.1075,66.3,115.245,200.81,2.2525,1962,4,TRUE,426.1075,6.05703573798357,0,"South 24 Parganas|JAYNAGAR-I","UR|South 24 Parganas|2018","South 24 Parganas|JAYNAGAR-I|2018"
"South 24 Parganas",2018,"JAYNAGAR-I","CHALTABERIA","24PARGANASSOUTHJAYNAGARICHALTABERIA","SC",FALSE,432.125,27.8225,46.525,335.43,0.3125,2084.5,4,TRUE,432.125,6.07102636994417,0,"South 24 Parganas|JAYNAGAR-I","SC|South 24 Parganas|2018","South 24 Parganas|JAYNAGAR-I|2018"
"South 24 Parganas",2018,"JAYNAGAR-I","DAKSHIN BARASAT","24PARGANASSOUTHJAYNAGARIDAKSHINBARASAT","BC",TRUE,287.3475,23.1025,86.8,163.0725,0.6025,1140,4,TRUE,287.3475,5.66416635000476,1,"South 24 Parganas|JAYNAGAR-I","BC|South 24 Parganas|2018","South 24 Parganas|JAYNAGAR-I|2018"
"South 24 Parganas",2018,"JAYNAGAR-I","DHOSA CHANDANESWAR","24PARGANASSOUTHJAYNAGARIDHOSACHANDANESWAR","UR",TRUE,679.49,15.515,298.66,304.965,25.625,2044.5,4,TRUE,679.49,6.5228131269064,1,"South 24 Parganas|JAYNAGAR-I","UR|South 24 Parganas|2018","South 24 Parganas|JAYNAGAR-I|2018"
"South 24 Parganas",2018,"JAYNAGAR-I","HARINARAYANPUR","24PARGANASSOUTHJAYNAGARIHARINARAYANPUR","SC",FALSE,247.2,6.46,57.3625,154.4375,1.3875,1306.25,4,TRUE,247.2,5.51423487277051,0,"South 24 Parganas|JAYNAGAR-I","SC|South 24 Parganas|2018","South 24 Parganas|JAYNAGAR-I|2018"
"South 24 Parganas",2018,"JAYNAGAR-II","BAISHATA","24PARGANASSOUTHJAYNAGARIIBAISHATA","BC",TRUE,1228.2825,491.495,101.805,621.24,13.2875,4759.75,4,TRUE,1228.2825,7.11418594482805,1,"South 24 Parganas|JAYNAGAR-II","BC|South 24 Parganas|2018","South 24 Parganas|JAYNAGAR-II|2018"
"South 24 Parganas",2018,"JAYNAGAR-II","BELEDURGANAGAR","24PARGANASSOUTHJAYNAGARIIBELEDURGANAGAR","SC",TRUE,322.7425,52.7125,2.8425,266.2125,0.97,2736.75,4,TRUE,322.7425,5.77994844672225,1,"South 24 Parganas|JAYNAGAR-II","SC|South 24 Parganas|2018","South 24 Parganas|JAYNAGAR-II|2018"
"South 24 Parganas",2018,"JAYNAGAR-II","CHUPRIJHARA","24PARGANASSOUTHJAYNAGARIICHUPRIJHARA","UR",FALSE,757.175,79.1775,77.5925,578.4775,13.7725,2972.75,4,TRUE,757.175,6.63091422970823,0,"South 24 Parganas|JAYNAGAR-II","UR|South 24 Parganas|2018","South 24 Parganas|JAYNAGAR-II|2018"
"South 24 Parganas",2018,"JAYNAGAR-II","FUTIGODA","24PARGANASSOUTHJAYNAGARIIFUTIGODA","BC",FALSE,291.345,54.6675,26.8525,205.6175,3.635,2094.75,4,TRUE,291.345,5.67793461168767,0,"South 24 Parganas|JAYNAGAR-II","BC|South 24 Parganas|2018","South 24 Parganas|JAYNAGAR-II|2018"
"South 24 Parganas",2018,"JAYNAGAR-II","GARDOANI","24PARGANASSOUTHJAYNAGARIIGARDOANI","BC",TRUE,635.6375,324.1975,47.0325,262.84,1.42,2570.25,4,TRUE,635.6375,6.45620041980486,1,"South 24 Parganas|JAYNAGAR-II","BC|South 24 Parganas|2018","South 24 Parganas|JAYNAGAR-II|2018"
"South 24 Parganas",2018,"JAYNAGAR-II","MANIRTAT","24PARGANASSOUTHJAYNAGARIIMANIRTAT","SC",TRUE,264.535,104.8825,11.5925,145.915,1.5525,1580,4,TRUE,264.535,5.58174665873561,1,"South 24 Parganas|JAYNAGAR-II","SC|South 24 Parganas|2018","South 24 Parganas|JAYNAGAR-II|2018"
"South 24 Parganas",2018,"JAYNAGAR-II","MAYAHAURI","24PARGANASSOUTHJAYNAGARIIMAYAHAURI","SC",FALSE,338.9375,95.5475,8.6575,234.505,0.1125,1550.5,4,TRUE,338.9375,5.82876177718318,0,"South 24 Parganas|JAYNAGAR-II","SC|South 24 Parganas|2018","South 24 Parganas|JAYNAGAR-II|2018"
"South 24 Parganas",2018,"JAYNAGAR-II","MAYDA","24PARGANASSOUTHJAYNAGARIIMAYDA","UR",FALSE,156.2425,11.2925,7.4425,137.24,0.2675,1323.5,4,TRUE,156.2425,5.05778919968954,0,"South 24 Parganas|JAYNAGAR-II","UR|South 24 Parganas|2018","South 24 Parganas|JAYNAGAR-II|2018"
"South 24 Parganas",2018,"JAYNAGAR-II","NALGORA","24PARGANASSOUTHJAYNAGARIINALGORA","BC",TRUE,425.39,7.685,11.55,404.83,0.6975,1720.75,4,TRUE,425.39,6.05535442041903,1,"South 24 Parganas|JAYNAGAR-II","BC|South 24 Parganas|2018","South 24 Parganas|JAYNAGAR-II|2018"
"South 24 Parganas",2018,"JAYNAGAR-II","SAHAJADAPUR","24PARGANASSOUTHJAYNAGARIISAHAJADAPUR","UR",TRUE,250.865,40.325,3.4,204.9025,2.22,2154,4,TRUE,250.865,5.52889322967954,1,"South 24 Parganas|JAYNAGAR-II","UR|South 24 Parganas|2018","South 24 Parganas|JAYNAGAR-II|2018"
"South 24 Parganas",2018,"JAYNAGAR-I","JANGALIA","24PARGANASSOUTHJAYNAGARIJANGALIA","SC",TRUE,325.6275,16.525,43.6875,229.53,0.5375,1263.25,4,TRUE,325.6275,5.78882037784899,1,"South 24 Parganas|JAYNAGAR-I","SC|South 24 Parganas|2018","South 24 Parganas|JAYNAGAR-I|2018"
"South 24 Parganas",2018,"JAYNAGAR-I","KHAKURDAHA","24PARGANASSOUTHJAYNAGARIKHAKURDAHA","UR",TRUE,543.6525,17.4025,107.74,400.4375,0.89,2322,4,TRUE,543.6525,6.30014797662166,1,"South 24 Parganas|JAYNAGAR-I","UR|South 24 Parganas|2018","South 24 Parganas|JAYNAGAR-I|2018"
"South 24 Parganas",2018,"JAYNAGAR-I","NARAYANITALA","24PARGANASSOUTHJAYNAGARINARAYANITALA","UR",FALSE,364.1925,69.6475,85.535,196.2525,2.5275,1020.75,4,TRUE,364.1925,5.90042461181771,0,"South 24 Parganas|JAYNAGAR-I","UR|South 24 Parganas|2018","South 24 Parganas|JAYNAGAR-I|2018"
"South 24 Parganas",2018,"JAYNAGAR-I","RAJAPUR KORABEG","24PARGANASSOUTHJAYNAGARIRAJAPURKORABEG","UR",TRUE,441.99,164.0925,43.5075,206.8375,3.855,2725.75,4,TRUE,441.99,6.09354719642692,1,"South 24 Parganas|JAYNAGAR-I","UR|South 24 Parganas|2018","South 24 Parganas|JAYNAGAR-I|2018"
"South 24 Parganas",2018,"JAYNAGAR-I","SRIPUR","24PARGANASSOUTHJAYNAGARISRIPUR","BC",TRUE,122.4925,6.55,38.595,53.5875,1.4825,791,4,TRUE,122.4925,4.81618042547903,1,"South 24 Parganas|JAYNAGAR-I","BC|South 24 Parganas|2018","South 24 Parganas|JAYNAGAR-I|2018"
"South 24 Parganas",2018,"JAYNAGAR-I","UTTAR DURGAPUR","24PARGANASSOUTHJAYNAGARIUTTARDURGAPUR","SC",TRUE,161.0875,24.305,32.84,82.4925,0.615,851.5,4,TRUE,161.0875,5.088136312875,1,"South 24 Parganas|JAYNAGAR-I","SC|South 24 Parganas|2018","South 24 Parganas|JAYNAGAR-I|2018"
"South 24 Parganas",2018,"KAK DWIP","BAPUJI","24PARGANASSOUTHKAKDWIPBAPUJI","UR",FALSE,305.0675,82.8175,74.255,136.5325,5.6875,1689.5,4,TRUE,305.0675,5.72380566586167,0,"South 24 Parganas|KAK DWIP","UR|South 24 Parganas|2018","South 24 Parganas|KAK DWIP|2018"
"South 24 Parganas",2018,"KAK DWIP","MADHUSUDANPUR","24PARGANASSOUTHKAKDWIPMADHUSUDANPUR","UR",TRUE,192.46,15.7975,46.9675,111.9175,16.805,1949,4,TRUE,192.46,5.2650707727544,1,"South 24 Parganas|KAK DWIP","UR|South 24 Parganas|2018","South 24 Parganas|KAK DWIP|2018"
"South 24 Parganas",2018,"KAK DWIP","NETAJI","24PARGANASSOUTHKAKDWIPNETAJI","UR",TRUE,174.7925,0.33,59.62,104.7025,5.41,1505.25,4,TRUE,174.7925,5.16930432222498,1,"South 24 Parganas|KAK DWIP","UR|South 24 Parganas|2018","South 24 Parganas|KAK DWIP|2018"
"South 24 Parganas",2018,"KAK DWIP","PRATAPADITYANAGAR","24PARGANASSOUTHKAKDWIPPRATAPADITYANAGAR","SC",TRUE,178.05,17.1025,21.645,120.6725,8.0225,1440,4,TRUE,178.05,5.18766509644444,1,"South 24 Parganas|KAK DWIP","SC|South 24 Parganas|2018","South 24 Parganas|KAK DWIP|2018"
"South 24 Parganas",2018,"KAK DWIP","RABINDRA","24PARGANASSOUTHKAKDWIPRABINDRA","SC",TRUE,274.0825,1.48,81.94,166,13.93,2296,4,TRUE,274.0825,5.61707105267557,1,"South 24 Parganas|KAK DWIP","SC|South 24 Parganas|2018","South 24 Parganas|KAK DWIP|2018"
"South 24 Parganas",2018,"KAK DWIP","RAMGOPALPUR","24PARGANASSOUTHKAKDWIPRAMGOPALPUR","BC",FALSE,546.95,4.56,260.75,231.4975,6.5475,2111.5,4,TRUE,546.95,6.3061840419094,0,"South 24 Parganas|KAK DWIP","BC|South 24 Parganas|2018","South 24 Parganas|KAK DWIP|2018"
"South 24 Parganas",2018,"KAK DWIP","RISHI BANKIMCHANDRA","24PARGANASSOUTHKAKDWIPRISHIBANKIMCHANDRA","SC",TRUE,431.135,53.695,147.77,223.1025,1.745,1862.5,4,TRUE,431.135,6.06873803942616,1,"South 24 Parganas|KAK DWIP","SC|South 24 Parganas|2018","South 24 Parganas|KAK DWIP|2018"
"South 24 Parganas",2018,"KAK DWIP","SRINAGAR","24PARGANASSOUTHKAKDWIPSRINAGAR","BC",FALSE,306.755,37.6875,49.575,209.695,7.8725,1258.25,4,TRUE,306.755,5.72930401188628,0,"South 24 Parganas|KAK DWIP","BC|South 24 Parganas|2018","South 24 Parganas|KAK DWIP|2018"
"South 24 Parganas",2018,"KAK DWIP","SRI SRI RAMKRISHNA","24PARGANASSOUTHKAKDWIPSRISRIRAMKRISHNA","UR",TRUE,154.2675,6.92,37.63,104.73,1.7625,553,4,TRUE,154.2675,5.04514943587808,1,"South 24 Parganas|KAK DWIP","UR|South 24 Parganas|2018","South 24 Parganas|KAK DWIP|2018"
"South 24 Parganas",2018,"KAK DWIP","SURYANAGAR","24PARGANASSOUTHKAKDWIPSURYANAGAR","SC",FALSE,289.43,58.535,61.3975,147.125,7.3575,1381,4,TRUE,289.43,5.67136258340009,0,"South 24 Parganas|KAK DWIP","SC|South 24 Parganas|2018","South 24 Parganas|KAK DWIP|2018"
"South 24 Parganas",2018,"KAK DWIP","SWAMI BIBEKANANDA","24PARGANASSOUTHKAKDWIPSWAMIBIBEKANANDA","UR",FALSE,241.4825,16.605,100.01,120.0075,0.8575,1726,4,TRUE,241.4825,5.49092954282507,0,"South 24 Parganas|KAK DWIP","UR|South 24 Parganas|2018","South 24 Parganas|KAK DWIP|2018"
"South 24 Parganas",2018,"KULPI","BABURMAHAL","24PARGANASSOUTHKULPIBABURMAHAL","UR",TRUE,1250.5375,809.2225,372.0475,61.365,3.36,1486,4,TRUE,1250.5375,7.13212807446606,1,"South 24 Parganas|KULPI","UR|South 24 Parganas|2018","South 24 Parganas|KULPI|2018"
"South 24 Parganas",2018,"KULPI","BELPUKUR","24PARGANASSOUTHKULPIBELPUKUR","BC",TRUE,463.11,85.6425,80.765,282.53,9.6625,1592.75,4,TRUE,463.11,6.14012159309537,1,"South 24 Parganas|KULPI","BC|South 24 Parganas|2018","South 24 Parganas|KULPI|2018"
"South 24 Parganas",2018,"KULPI","CHANDIPUR","24PARGANASSOUTHKULPICHANDIPUR","SC",FALSE,379.3175,67.305,40.5975,268.83,1.1975,2770.25,4,TRUE,379.3175,5.94100643017842,0,"South 24 Parganas|KULPI","SC|South 24 Parganas|2018","South 24 Parganas|KULPI|2018"
"South 24 Parganas",2018,"KULPI","DHOLA","24PARGANASSOUTHKULPIDHOLA","UR",TRUE,386.51,71.97,57.885,251.3625,0.175,2405,4,TRUE,386.51,5.95974165491203,1,"South 24 Parganas|KULPI","UR|South 24 Parganas|2018","South 24 Parganas|KULPI|2018"
"South 24 Parganas",2018,"KULPI","GAJIPUR","24PARGANASSOUTHKULPIGAJIPUR","UR",TRUE,663.995,148.8675,169.17,327.475,7.99,2024.25,4,TRUE,663.995,6.4997795218306,1,"South 24 Parganas|KULPI","UR|South 24 Parganas|2018","South 24 Parganas|KULPI|2018"
"South 24 Parganas",2018,"KULPI","ISWARIPUR","24PARGANASSOUTHKULPIISWARIPUR","SC",TRUE,597.555,128.5825,114.37,345.7375,7.84,1992.75,4,TRUE,597.555,6.3945184171835,1,"South 24 Parganas|KULPI","SC|South 24 Parganas|2018","South 24 Parganas|KULPI|2018"
"South 24 Parganas",2018,"KULPI","KAMARCHAK","24PARGANASSOUTHKULPIKAMARCHAK","BC",FALSE,846.0175,285.89,101.0525,424.7375,25.22,2402,4,TRUE,846.0175,6.74172135559564,0,"South 24 Parganas|KULPI","BC|South 24 Parganas|2018","South 24 Parganas|KULPI|2018"
"South 24 Parganas",2018,"KULPI","KARANJALI","24PARGANASSOUTHKULPIKARANJALI","UR",FALSE,597.3375,173.2725,132.3375,238.435,45.8875,2277.25,4,TRUE,597.3375,6.39415497601832,0,"South 24 Parganas|KULPI","UR|South 24 Parganas|2018","South 24 Parganas|KULPI|2018"
"South 24 Parganas",2018,"KULPI","KEORATALA","24PARGANASSOUTHKULPIKEORATALA","SC",FALSE,461.395,158.1875,64.96,233.5475,3.3825,1380.5,4,TRUE,461.395,6.13641950415092,0,"South 24 Parganas|KULPI","SC|South 24 Parganas|2018","South 24 Parganas|KULPI|2018"
"South 24 Parganas",2018,"KULPI","KULPI","24PARGANASSOUTHKULPIKULPI","SC",TRUE,320.9775,70.92,39.6325,206.385,3.86,1979,4,TRUE,320.9775,5.77448166732658,1,"South 24 Parganas|KULPI","SC|South 24 Parganas|2018","South 24 Parganas|KULPI|2018"
"South 24 Parganas",2018,"KULPI","RAJARAMPUR","24PARGANASSOUTHKULPIRAJARAMPUR","UR",TRUE,440.8925,98.1625,29.9975,304.74,6.9175,1897.75,4,TRUE,440.8925,6.09106663982702,1,"South 24 Parganas|KULPI","UR|South 24 Parganas|2018","South 24 Parganas|KULPI|2018"
"South 24 Parganas",2018,"KULPI","RAMKISHORE","24PARGANASSOUTHKULPIRAMKISHORE","SC",FALSE,496.705,201.305,28.505,259.535,6.615,3288,4,TRUE,496.705,6.21000753202662,0,"South 24 Parganas|KULPI","SC|South 24 Parganas|2018","South 24 Parganas|KULPI|2018"
"South 24 Parganas",2018,"KULPI","RAMKRISHNAPUR","24PARGANASSOUTHKULPIRAMKRISHNAPUR","UR",FALSE,654.705,102.34,92.7925,445.5875,5.735,2720.5,4,TRUE,654.705,6.48571099267896,0,"South 24 Parganas|KULPI","UR|South 24 Parganas|2018","South 24 Parganas|KULPI|2018"
"South 24 Parganas",2018,"KULPI","RAMNAGAR-GAZIPUR","24PARGANASSOUTHKULPIRAMNAGARGAZIPUR","UR",FALSE,514.8025,132.365,70.74,300.365,8.5375,2742.25,4,TRUE,514.8025,6.24572394027536,0,"South 24 Parganas|KULPI","UR|South 24 Parganas|2018","South 24 Parganas|KULPI|2018"
"South 24 Parganas",2018,"KULTALI","DEULBARI DEBIPUR","24PARGANASSOUTHKULTALIDEULBARIDEBIPUR","ST",FALSE,1438.5175,133.5325,52.3875,1246.0225,3.4725,4661.75,4,TRUE,1438.5175,7.27206326697729,0,"South 24 Parganas|KULTALI","ST|South 24 Parganas|2018","South 24 Parganas|KULTALI|2018"
"South 24 Parganas",2018,"KULTALI","GOPALGANJ","24PARGANASSOUTHKULTALIGOPALGANJ","UR",TRUE,920.385,30.3575,148.425,731.9225,1.39,3729.25,4,TRUE,920.385,6.82587797279474,1,"South 24 Parganas|KULTALI","UR|South 24 Parganas|2018","South 24 Parganas|KULTALI|2018"
"South 24 Parganas",2018,"KULTALI","GURGURIA BHUBANESWARI","24PARGANASSOUTHKULTALIGURGURIABHUBANESWARI","SC",FALSE,501.8275,89.2875,116.4375,286.05,5.8125,1884.5,4,TRUE,501.8275,6.22024716893564,0,"South 24 Parganas|KULTALI","SC|South 24 Parganas|2018","South 24 Parganas|KULTALI|2018"
"South 24 Parganas",2018,"KULTALI","JALABERIA-I","24PARGANASSOUTHKULTALIJALABERIAI","SC",FALSE,1633.8625,311.36,52.775,1265.45,0.9875,5282.25,4,TRUE,1633.8625,7.3993139819356,0,"South 24 Parganas|KULTALI","SC|South 24 Parganas|2018","South 24 Parganas|KULTALI|2018"
"South 24 Parganas",2018,"KULTALI","JALABERIA-II","24PARGANASSOUTHKULTALIJALABERIAII","SC",FALSE,994.68,62.615,24.7375,904.0175,0.925,3407.25,4,TRUE,994.68,6.90342592082091,0,"South 24 Parganas|KULTALI","SC|South 24 Parganas|2018","South 24 Parganas|KULTALI|2018"
"South 24 Parganas",2018,"KULTALI","KUNDAKHALI GODABAR","24PARGANASSOUTHKULTALIKUNDAKHALIGODABAR","SC",TRUE,1814.8625,402.295,214.55,1167.645,27.785,6546,4,TRUE,1814.8625,7.50431584043562,1,"South 24 Parganas|KULTALI","SC|South 24 Parganas|2018","South 24 Parganas|KULTALI|2018"
"South 24 Parganas",2018,"KULTALI","MAIPITH BAIKUNTHAPUR","24PARGANASSOUTHKULTALIMAIPITHBAIKUNTHAPUR","BC",TRUE,1257.6075,19.8125,100.875,1129.225,7.2075,3553,4,TRUE,1257.6075,7.13776123007714,1,"South 24 Parganas|KULTALI","BC|South 24 Parganas|2018","South 24 Parganas|KULTALI|2018"
"South 24 Parganas",2018,"KULTALI","MERIGANJ-I","24PARGANASSOUTHKULTALIMERIGANJI","BC",FALSE,1470.0875,91.5975,37.0275,1338.7725,0,4512.75,4,TRUE,1470.0875,7.29375720217704,0,"South 24 Parganas|KULTALI","BC|South 24 Parganas|2018","South 24 Parganas|KULTALI|2018"
"South 24 Parganas",2018,"KULTALI","MERIGANJ-II","24PARGANASSOUTHKULTALIMERIGANJII","UR",FALSE,878.5525,93.0525,25.6025,758.8975,0,3562.25,4,TRUE,878.5525,6.77941325540345,0,"South 24 Parganas|KULTALI","UR|South 24 Parganas|2018","South 24 Parganas|KULTALI|2018"
"South 24 Parganas",2018,"MAGRA HAT-I","EKTARA","24PARGANASSOUTHMAGRAHATIEKTARA","UR",TRUE,287.7175,82.4975,138.1675,65.24,0.8825,1319,4,TRUE,287.7175,5.66544870138876,1,"South 24 Parganas|MAGRA HAT-I","UR|South 24 Parganas|2018","South 24 Parganas|MAGRA HAT-I|2018"
"South 24 Parganas",2018,"MAGRA HAT-I","HARIHARPUR","24PARGANASSOUTHMAGRAHATIHARIHARPUR","SC",TRUE,197.4325,48.5275,60.7275,76.76,1.6425,1109.75,4,TRUE,197.4325,5.29044899191917,1,"South 24 Parganas|MAGRA HAT-I","SC|South 24 Parganas|2018","South 24 Parganas|MAGRA HAT-I|2018"
"South 24 Parganas",2018,"MAGRA HAT-II","AMRATALA","24PARGANASSOUTHMAGRAHATIIAMRATALA","SC",TRUE,176.585,21.9725,48.1825,101.3525,4.7375,1533.5,4,TRUE,176.585,5.17944936753171,1,"South 24 Parganas|MAGRA HAT-II","SC|South 24 Parganas|2018","South 24 Parganas|MAGRA HAT-II|2018"
"South 24 Parganas",2018,"MAGRA HAT-II","DHAMUA DAKSHNIN","24PARGANASSOUTHMAGRAHATIIDHAMUADAKSHNIN","UR",TRUE,103.1225,5.635,26.0425,69.115,1.4225,1163.75,4,TRUE,103.1225,4.64556809059493,1,"South 24 Parganas|MAGRA HAT-II","UR|South 24 Parganas|2018","South 24 Parganas|MAGRA HAT-II|2018"
"South 24 Parganas",2018,"MAGRA HAT-II","DHAMUA UTTAR","24PARGANASSOUTHMAGRAHATIIDHAMUAUTTAR","SC",TRUE,144.15,14.56,65.0025,62.465,2.1275,1342,4,TRUE,144.15,4.97776769047064,1,"South 24 Parganas|MAGRA HAT-II","SC|South 24 Parganas|2018","South 24 Parganas|MAGRA HAT-II|2018"
"South 24 Parganas",2018,"MAGRA HAT-II","DHANPOTA","24PARGANASSOUTHMAGRAHATIIDHANPOTA","SC",FALSE,370.8025,120.1875,74.865,170.9475,0.045,1091.75,4,TRUE,370.8025,5.91836279930992,0,"South 24 Parganas|MAGRA HAT-II","SC|South 24 Parganas|2018","South 24 Parganas|MAGRA HAT-II|2018"
"South 24 Parganas",2018,"MAGRA HAT-II","DIHIKALAS","24PARGANASSOUTHMAGRAHATIIDIHIKALAS","BC",TRUE,130.5525,5.8675,83.3025,39.605,0,751,4,TRUE,130.5525,4.87940601148664,1,"South 24 Parganas|MAGRA HAT-II","BC|South 24 Parganas|2018","South 24 Parganas|MAGRA HAT-II|2018"
"South 24 Parganas",2018,"MAGRA HAT-II","GOKARNI","24PARGANASSOUTHMAGRAHATIIGOKARNI","UR",FALSE,147.245,23.865,34.78,88.445,0,1202.75,4,TRUE,147.245,4.99886631049626,0,"South 24 Parganas|MAGRA HAT-II","UR|South 24 Parganas|2018","South 24 Parganas|MAGRA HAT-II|2018"
"South 24 Parganas",2018,"MAGRA HAT-II","HOTOR MORJADA","24PARGANASSOUTHMAGRAHATIIHOTORMORJADA","UR",FALSE,118.54,6.3675,77.08,32.85,0.085,850,4,TRUE,118.54,4.78365104339611,0,"South 24 Parganas|MAGRA HAT-II","UR|South 24 Parganas|2018","South 24 Parganas|MAGRA HAT-II|2018"
"South 24 Parganas",2018,"MAGRA HAT-II","JUGDIA","24PARGANASSOUTHMAGRAHATIIJUGDIA","UR",TRUE,109.415,6.5375,28.825,74.0525,0,784.75,4,TRUE,109.415,4.70424599417878,1,"South 24 Parganas|MAGRA HAT-II","UR|South 24 Parganas|2018","South 24 Parganas|MAGRA HAT-II|2018"
"South 24 Parganas",2018,"MAGRA HAT-II","MAGRAHAT PASCHIM","24PARGANASSOUTHMAGRAHATIIMAGRAHATPASCHIM","SC",FALSE,164.39,24.0625,101.9175,35.005,0.2525,771.75,4,TRUE,164.39,5.1083063212697,0,"South 24 Parganas|MAGRA HAT-II","SC|South 24 Parganas|2018","South 24 Parganas|MAGRA HAT-II|2018"
"South 24 Parganas",2018,"MAGRA HAT-II","MAGRAHAT PURBA","24PARGANASSOUTHMAGRAHATIIMAGRAHATPURBA","UR",TRUE,219.2725,17.6725,85.965,113.9075,1.3975,2256,4,TRUE,219.2725,5.39486541623884,1,"South 24 Parganas|MAGRA HAT-II","UR|South 24 Parganas|2018","South 24 Parganas|MAGRA HAT-II|2018"
"South 24 Parganas",2018,"MAGRA HAT-II","MOHANPUR","24PARGANASSOUTHMAGRAHATIIMOHANPUR","BC",FALSE,119.005,6.9125,35.6275,72.66,2.9575,1529.25,4,TRUE,119.005,4.78753340858068,0,"South 24 Parganas|MAGRA HAT-II","BC|South 24 Parganas|2018","South 24 Parganas|MAGRA HAT-II|2018"
"South 24 Parganas",2018,"MAGRA HAT-II","MULTI","24PARGANASSOUTHMAGRAHATIIMULTI","UR",FALSE,223.345,29.915,59.1925,129.4975,2.425,1060,4,TRUE,223.345,5.41318504556789,0,"South 24 Parganas|MAGRA HAT-II","UR|South 24 Parganas|2018","South 24 Parganas|MAGRA HAT-II|2018"
"South 24 Parganas",2018,"MAGRA HAT-II","NAINAN","24PARGANASSOUTHMAGRAHATIINAINAN","SC",FALSE,143.7775,18.3525,65.4725,58.8675,0.38,602.5,4,TRUE,143.7775,4.97519808113751,0,"South 24 Parganas|MAGRA HAT-II","SC|South 24 Parganas|2018","South 24 Parganas|MAGRA HAT-II|2018"
"South 24 Parganas",2018,"MAGRA HAT-II","URELCHANDPUR","24PARGANASSOUTHMAGRAHATIIURELCHANDPUR","SC",TRUE,81.99,3.8,38.5925,38.42,0.77,845.5,4,TRUE,81.99,4.41872011861036,1,"South 24 Parganas|MAGRA HAT-II","SC|South 24 Parganas|2018","South 24 Parganas|MAGRA HAT-II|2018"
"South 24 Parganas",2018,"MAGRA HAT-I","KALIKAPOTA","24PARGANASSOUTHMAGRAHATIKALIKAPOTA","UR",TRUE,255.6475,10.2975,152.3525,91.7975,0,1450.75,4,TRUE,255.6475,5.5477035480666,1,"South 24 Parganas|MAGRA HAT-I","UR|South 24 Parganas|2018","South 24 Parganas|MAGRA HAT-I|2018"
"South 24 Parganas",2018,"MAGRA HAT-I","LAKSHMIKANTAPUR","24PARGANASSOUTHMAGRAHATILAKSHMIKANTAPUR","SC",FALSE,212.24,32.9,75.1975,97.2,6.2325,1024.25,4,TRUE,212.24,5.36241829195456,0,"South 24 Parganas|MAGRA HAT-I","SC|South 24 Parganas|2018","South 24 Parganas|MAGRA HAT-I|2018"
"South 24 Parganas",2018,"MAGRA HAT-I","RANGILBAD","24PARGANASSOUTHMAGRAHATIRANGILBAD","BC",FALSE,248.8375,21.6575,118.7375,95.92,7.0625,875.25,4,TRUE,248.8375,5.52081070652066,0,"South 24 Parganas|MAGRA HAT-I","BC|South 24 Parganas|2018","South 24 Parganas|MAGRA HAT-I|2018"
"South 24 Parganas",2018,"MAGRA HAT-I","SHERPUR","24PARGANASSOUTHMAGRAHATISHERPUR","BC",FALSE,478,85.9325,203.3675,159.55,10.655,1589.25,4,TRUE,478,6.17170059741091,0,"South 24 Parganas|MAGRA HAT-I","BC|South 24 Parganas|2018","South 24 Parganas|MAGRA HAT-I|2018"
"South 24 Parganas",2018,"MAGRA HAT-I","SHRICHANDA","24PARGANASSOUTHMAGRAHATISHRICHANDA","UR",TRUE,319.9325,67.9625,146.8175,102.84,0,548.75,4,TRUE,319.9325,5.77123082064417,1,"South 24 Parganas|MAGRA HAT-I","UR|South 24 Parganas|2018","South 24 Parganas|MAGRA HAT-I|2018"
"South 24 Parganas",2018,"MAGRA HAT-I","SIRAKOL","24PARGANASSOUTHMAGRAHATISIRAKOL","SC",TRUE,221.92,15.4375,108.3675,70.19,0.005,752.5,4,TRUE,221.92,5.40681296270134,1,"South 24 Parganas|MAGRA HAT-I","SC|South 24 Parganas|2018","South 24 Parganas|MAGRA HAT-I|2018"
"South 24 Parganas",2018,"MAGRA HAT-I","USTHI","24PARGANASSOUTHMAGRAHATIUSTHI","SC",TRUE,253.3275,31.64,51.77,155.5825,14.115,1705.5,4,TRUE,253.3275,5.5386228065735,1,"South 24 Parganas|MAGRA HAT-I","SC|South 24 Parganas|2018","South 24 Parganas|MAGRA HAT-I|2018"
"South 24 Parganas",2018,"MAGRA HAT-I","UTTARKUSUM","24PARGANASSOUTHMAGRAHATIUTTARKUSUM","UR",FALSE,304.3425,33.335,146.9725,107.905,0.405,1574.5,4,TRUE,304.3425,5.72143409738944,0,"South 24 Parganas|MAGRA HAT-I","UR|South 24 Parganas|2018","South 24 Parganas|MAGRA HAT-I|2018"
"South 24 Parganas",2018,"MAGRA HAT-I","YEARPUR","24PARGANASSOUTHMAGRAHATIYEARPUR","UR",FALSE,231.3175,21.61,95.3175,99.3675,3.075,968,4,TRUE,231.3175,5.44810497055925,0,"South 24 Parganas|MAGRA HAT-I","UR|South 24 Parganas|2018","South 24 Parganas|MAGRA HAT-I|2018"
"South 24 Parganas",2018,"MANDIRBAZAR","ANCHANA","24PARGANASSOUTHMANDIRBAZARANCHANA","UR",TRUE,285.605,88.545,40.7475,114.3475,17.2375,1065,4,TRUE,285.605,5.65810496115955,1,"South 24 Parganas|MANDIRBAZAR","UR|South 24 Parganas|2018","South 24 Parganas|MANDIRBAZAR|2018"
"South 24 Parganas",2018,"MANDIRBAZAR","CHANDPUR","24PARGANASSOUTHMANDIRBAZARCHANDPUR","UR",TRUE,182.2225,38.3025,25.425,115.735,1.1525,976,4,TRUE,182.2225,5.21070126129258,1,"South 24 Parganas|MANDIRBAZAR","UR|South 24 Parganas|2018","South 24 Parganas|MANDIRBAZAR|2018"
"South 24 Parganas",2018,"MANDIRBAZAR","DAKSHIN BISHNUPUR","24PARGANASSOUTHMANDIRBAZARDAKSHINBISHNUPUR","SC",TRUE,206.0775,36.3675,54.2625,108.8225,4.7475,1042.5,4,TRUE,206.0775,5.33309311933189,1,"South 24 Parganas|MANDIRBAZAR","SC|South 24 Parganas|2018","South 24 Parganas|MANDIRBAZAR|2018"
"South 24 Parganas",2018,"MANDIRBAZAR","DHANURHAT","24PARGANASSOUTHMANDIRBAZARDHANURHAT","UR",FALSE,442.8525,116.1725,95.7225,229.2475,0.0025,1669,4,TRUE,442.8525,6.09549230003198,0,"South 24 Parganas|MANDIRBAZAR","UR|South 24 Parganas|2018","South 24 Parganas|MANDIRBAZAR|2018"
"South 24 Parganas",2018,"MANDIRBAZAR","GABBERIA","24PARGANASSOUTHMANDIRBAZARGABBERIA","BC",TRUE,139.7475,25.9475,15.64,90.97,7.1875,639,4,TRUE,139.7475,4.94696750487271,1,"South 24 Parganas|MANDIRBAZAR","BC|South 24 Parganas|2018","South 24 Parganas|MANDIRBAZAR|2018"
"South 24 Parganas",2018,"MANDIRBAZAR","GHATESWAR","24PARGANASSOUTHMANDIRBAZARGHATESWAR","SC",FALSE,230.84,31.485,74.1975,105.415,16.01,966.25,4,TRUE,230.84,5.44604747857237,0,"South 24 Parganas|MANDIRBAZAR","SC|South 24 Parganas|2018","South 24 Parganas|MANDIRBAZAR|2018"
"South 24 Parganas",2018,"MANDIRBAZAR","JAGADISHPUR","24PARGANASSOUTHMANDIRBAZARJAGADISHPUR","UR",FALSE,453.53,159.5,44.28,239.5875,0.275,1315.5,4,TRUE,453.53,6.11926391803985,0,"South 24 Parganas|MANDIRBAZAR","UR|South 24 Parganas|2018","South 24 Parganas|MANDIRBAZAR|2018"
"South 24 Parganas",2018,"MANDIRBAZAR","KECHARKUR","24PARGANASSOUTHMANDIRBAZARKECHARKUR","SC",FALSE,717.595,245.7725,218.9225,160.2875,49.3375,942.5,4,TRUE,717.595,6.57729791668137,0,"South 24 Parganas|MANDIRBAZAR","SC|South 24 Parganas|2018","South 24 Parganas|MANDIRBAZAR|2018"
"South 24 Parganas",2018,"MANDIRBAZAR","KRISHNAPUR","24PARGANASSOUTHMANDIRBAZARKRISHNAPUR","SC",FALSE,395.53,80.32,63.125,241.26,4.4725,1153.25,4,TRUE,395.53,5.98275170025555,0,"South 24 Parganas|MANDIRBAZAR","SC|South 24 Parganas|2018","South 24 Parganas|MANDIRBAZAR|2018"
"South 24 Parganas",2018,"MANDIRBAZAR","NISAPUR","24PARGANASSOUTHMANDIRBAZARNISAPUR","UR",FALSE,742.885,229.5975,273.135,223.12,3.6575,964,4,TRUE,742.885,6.61188645299346,0,"South 24 Parganas|MANDIRBAZAR","UR|South 24 Parganas|2018","South 24 Parganas|MANDIRBAZAR|2018"
"South 24 Parganas",2018,"MATHURAPUR I","ABAD BHAGAWANPUR","24PARGANASSOUTHMATHURAPURIABADBHAGAWANPUR","SC",TRUE,77.4975,0.8225,12.2525,62.1225,1.355,617,4,TRUE,77.4975,4.36306677714747,1,"South 24 Parganas|MATHURAPUR I","SC|South 24 Parganas|2018","South 24 Parganas|MATHURAPUR I|2018"
"South 24 Parganas",2018,"MATHURAPUR I","DAKSHIN LAKSHMINARAYANPUR","24PARGANASSOUTHMATHURAPURIDAKSHINLAKSHMINARAYANPUR","SC",FALSE,265.67,30.97,41.16,190.3875,2.9475,1828.5,4,TRUE,265.67,5.58601193892169,0,"South 24 Parganas|MATHURAPUR I","SC|South 24 Parganas|2018","South 24 Parganas|MATHURAPUR I|2018"
"South 24 Parganas",2018,"MATHURAPUR I","DEBIPUR","24PARGANASSOUTHMATHURAPURIDEBIPUR","SC",TRUE,63.9875,2.7525,8.045,51.5775,0,574.5,4,TRUE,63.9875,4.17419494370983,1,"South 24 Parganas|MATHURAPUR I","SC|South 24 Parganas|2018","South 24 Parganas|MATHURAPUR I|2018"
"South 24 Parganas",2018,"MATHURAPUR-II","DIGHIRPAR-BAKULTALA","24PARGANASSOUTHMATHURAPURIIDIGHIRPARBAKULTALA","SC",TRUE,323.625,17.105,26.65,266.84,12.65,967.5,4,TRUE,323.625,5.78267066998291,1,"South 24 Parganas|MATHURAPUR-II","SC|South 24 Parganas|2018","South 24 Parganas|MATHURAPUR-II|2018"
"South 24 Parganas",2018,"MATHURAPUR-II","GILARCHHAT","24PARGANASSOUTHMATHURAPURIIGILARCHHAT","UR",FALSE,375.2725,16.105,49.6025,300.77,8.7925,2190.25,4,TRUE,375.2725,5.93031361493955,0,"South 24 Parganas|MATHURAPUR-II","UR|South 24 Parganas|2018","South 24 Parganas|MATHURAPUR-II|2018"
"South 24 Parganas",2018,"MATHURAPUR-II","KANKANDIGHI","24PARGANASSOUTHMATHURAPURIIKANKANDIGHI","UR",TRUE,276.5675,21.8025,36.06,205.5325,12.23,2758.25,4,TRUE,276.5675,5.62606414685089,1,"South 24 Parganas|MATHURAPUR-II","UR|South 24 Parganas|2018","South 24 Parganas|MATHURAPUR-II|2018"
"South 24 Parganas",2018,"MATHURAPUR-II","KASINAGAR","24PARGANASSOUTHMATHURAPURIIKASINAGAR","SC",FALSE,66.8425,0.0425,9.4925,57.0025,0,771,4,TRUE,66.8425,4.21718884221975,0,"South 24 Parganas|MATHURAPUR-II","SC|South 24 Parganas|2018","South 24 Parganas|MATHURAPUR-II|2018"
"South 24 Parganas",2018,"MATHURAPUR-II","KAUTALA","24PARGANASSOUTHMATHURAPURIIKAUTALA","SC",TRUE,276.1175,12.2975,8.3325,246.9425,8.095,1806.5,4,TRUE,276.1175,5.62444160397079,1,"South 24 Parganas|MATHURAPUR-II","SC|South 24 Parganas|2018","South 24 Parganas|MATHURAPUR-II|2018"
"South 24 Parganas",2018,"MATHURAPUR-II","KHARI","24PARGANASSOUTHMATHURAPURIIKHARI","UR",TRUE,477.845,64.5,10.03,396.0375,6.6275,875.25,4,TRUE,477.845,6.17137695422991,1,"South 24 Parganas|MATHURAPUR-II","UR|South 24 Parganas|2018","South 24 Parganas|MATHURAPUR-II|2018"
"South 24 Parganas",2018,"MATHURAPUR-II","KUMRAPARA","24PARGANASSOUTHMATHURAPURIIKUMRAPARA","UR",FALSE,137.7325,4.25,33.13,98.865,1.0775,2020.5,4,TRUE,137.7325,4.93254761854585,0,"South 24 Parganas|MATHURAPUR-II","UR|South 24 Parganas|2018","South 24 Parganas|MATHURAPUR-II|2018"
"South 24 Parganas",2018,"MATHURAPUR-II","NAGENDRAPUR","24PARGANASSOUTHMATHURAPURIINAGENDRAPUR","BC",FALSE,334.58,14.8475,77.2625,220.2925,20.325,2034.25,4,TRUE,334.58,5.81586037806155,0,"South 24 Parganas|MATHURAPUR-II","BC|South 24 Parganas|2018","South 24 Parganas|MATHURAPUR-II|2018"
"South 24 Parganas",2018,"MATHURAPUR-II","NANDAKUMARPUR","24PARGANASSOUTHMATHURAPURIINANDAKUMARPUR","SC",TRUE,679.1275,124.075,374.455,97.7025,73.4075,3419,4,TRUE,679.1275,6.52228028059422,1,"South 24 Parganas|MATHURAPUR-II","SC|South 24 Parganas|2018","South 24 Parganas|MATHURAPUR-II|2018"
"South 24 Parganas",2018,"MATHURAPUR-II","RADHAKANTAPUR","24PARGANASSOUTHMATHURAPURIIRADHAKANTAPUR","UR",TRUE,104.0575,2.8075,19.46,81.6275,0,1069,4,TRUE,104.0575,4.65450781931655,1,"South 24 Parganas|MATHURAPUR-II","UR|South 24 Parganas|2018","South 24 Parganas|MATHURAPUR-II|2018"
"South 24 Parganas",2018,"MATHURAPUR-II","RAIDIGHI","24PARGANASSOUTHMATHURAPURIIRAIDIGHI","BC",FALSE,474.61,14.345,124.92,327.8875,7.4,2656.25,4,TRUE,474.61,6.16459819066791,0,"South 24 Parganas|MATHURAPUR-II","BC|South 24 Parganas|2018","South 24 Parganas|MATHURAPUR-II|2018"
"South 24 Parganas",2018,"MATHURAPUR I","KRISHNACHANDRAPUR","24PARGANASSOUTHMATHURAPURIKRISHNACHANDRAPUR","BC",FALSE,68.19,2.1325,6.5475,59.25,0.1125,968.5,4,TRUE,68.19,4.23685634351072,0,"South 24 Parganas|MATHURAPUR I","BC|South 24 Parganas|2018","South 24 Parganas|MATHURAPUR I|2018"
"South 24 Parganas",2018,"MATHURAPUR I","LALPUR","24PARGANASSOUTHMATHURAPURILALPUR","UR",FALSE,144.7025,16.74,29.0025,95.5425,2.0125,940.25,4,TRUE,144.7025,4.98156687159891,0,"South 24 Parganas|MATHURAPUR I","UR|South 24 Parganas|2018","South 24 Parganas|MATHURAPUR I|2018"
"South 24 Parganas",2018,"MATHURAPUR I","MATHURAPUR PASCHIM","24PARGANASSOUTHMATHURAPURIMATHURAPURPASCHIM","BC",TRUE,86.7975,9.955,8.105,68.6475,0,656.75,4,TRUE,86.7975,4.47503302643158,1,"South 24 Parganas|MATHURAPUR I","BC|South 24 Parganas|2018","South 24 Parganas|MATHURAPUR I|2018"
"South 24 Parganas",2018,"MATHURAPUR I","MATHURAPUR PURBA","24PARGANASSOUTHMATHURAPURIMATHURAPURPURBA","UR",TRUE,61.71,1.7475,9.39,50.4875,0,592,4,TRUE,61.71,4.13852092455493,1,"South 24 Parganas|MATHURAPUR I","UR|South 24 Parganas|2018","South 24 Parganas|MATHURAPUR I|2018"
"South 24 Parganas",2018,"MATHURAPUR I","NALUA","24PARGANASSOUTHMATHURAPURINALUA","UR",TRUE,112.32,6.2375,19.04,87.0325,0.0025,803.25,4,TRUE,112.32,4.73021567496232,1,"South 24 Parganas|MATHURAPUR I","UR|South 24 Parganas|2018","South 24 Parganas|MATHURAPUR I|2018"
"South 24 Parganas",2018,"MATHURAPUR I","SHANKARPUR","24PARGANASSOUTHMATHURAPURISHANKARPUR","UR",FALSE,134.2875,0.52,11.3075,122.46,0,1696.25,4,TRUE,134.2875,4.90740214362126,0,"South 24 Parganas|MATHURAPUR I","UR|South 24 Parganas|2018","South 24 Parganas|MATHURAPUR I|2018"
"South 24 Parganas",2018,"MATHURAPUR I","UTTAR LAKSHMINARAYANPUR","24PARGANASSOUTHMATHURAPURIUTTARLAKSHMINARAYANPUR","UR",FALSE,175.8625,6.6525,56.445,109.5,3.275,1184.75,4,TRUE,175.8625,5.17537259452207,0,"South 24 Parganas|MATHURAPUR I","UR|South 24 Parganas|2018","South 24 Parganas|MATHURAPUR I|2018"
"South 24 Parganas",2018,"NAMKHANA","BUDHAKHALI","24PARGANASSOUTHNAMKHANABUDHAKHALI","UR",FALSE,517.98,5.01,69.4825,408.405,4.8475,2999.25,4,TRUE,517.98,6.2518653467779,0,"South 24 Parganas|NAMKHANA","UR|South 24 Parganas|2018","South 24 Parganas|NAMKHANA|2018"
"South 24 Parganas",2018,"NAMKHANA","FREZARGANJ","24PARGANASSOUTHNAMKHANAFREZARGANJ","UR",FALSE,312.5125,22.85,95.11,175.0875,2.355,1737,4,TRUE,312.5125,5.74783923168639,0,"South 24 Parganas|NAMKHANA","UR|South 24 Parganas|2018","South 24 Parganas|NAMKHANA|2018"
"South 24 Parganas",2018,"NAMKHANA","HARIPUR","24PARGANASSOUTHNAMKHANAHARIPUR","SC",FALSE,487.81,37.575,209.82,205.0275,17.4275,2534,4,TRUE,487.81,6.19197386591326,0,"South 24 Parganas|NAMKHANA","SC|South 24 Parganas|2018","South 24 Parganas|NAMKHANA|2018"
"South 24 Parganas",2018,"NAMKHANA","MAUSINI","24PARGANASSOUTHNAMKHANAMAUSINI","BC",TRUE,402.055,40.105,157.04,169.405,6.91,1572,4,TRUE,402.055,5.99907302906142,1,"South 24 Parganas|NAMKHANA","BC|South 24 Parganas|2018","South 24 Parganas|NAMKHANA|2018"
"South 24 Parganas",2018,"NAMKHANA","NAMKHANA","24PARGANASSOUTHNAMKHANANAMKHANA","UR",FALSE,800.44,113.54,455.205,180.345,11.44,3746.5,4,TRUE,800.44,6.68641010960931,0,"South 24 Parganas|NAMKHANA","UR|South 24 Parganas|2018","South 24 Parganas|NAMKHANA|2018"
"South 24 Parganas",2018,"NAMKHANA","NARAYANPUR","24PARGANASSOUTHNAMKHANANARAYANPUR","UR",TRUE,407.2725,7.5225,118.2475,274.28,0.9825,1533.75,4,TRUE,407.2725,6.01193484362032,1,"South 24 Parganas|NAMKHANA","UR|South 24 Parganas|2018","South 24 Parganas|NAMKHANA|2018"
"South 24 Parganas",2018,"NAMKHANA","SHIBRAMPUR","24PARGANASSOUTHNAMKHANASHIBRAMPUR","UR",TRUE,431.1925,27.2725,129.86,230.855,30.4925,2384.25,4,TRUE,431.1925,6.06887109084494,1,"South 24 Parganas|NAMKHANA","UR|South 24 Parganas|2018","South 24 Parganas|NAMKHANA|2018"
"South 24 Parganas",2018,"PATHAR PRATIMA","ACHINTYANAGAR","24PARGANASSOUTHPATHARPRATIMAACHINTYANAGAR","UR",FALSE,698.2325,224.025,247.8,203.5975,5.715,1985.5,4,TRUE,698.2325,6.54998330495445,0,"South 24 Parganas|PATHAR PRATIMA","UR|South 24 Parganas|2018","South 24 Parganas|PATHAR PRATIMA|2018"
"South 24 Parganas",2018,"PATHAR PRATIMA","BANASHYAMNAGAR","24PARGANASSOUTHPATHARPRATIMABANASHYAMNAGAR","SC",FALSE,380.125,84.345,127.78,160.85,0.46,1762.75,4,TRUE,380.125,5.94312740530842,0,"South 24 Parganas|PATHAR PRATIMA","SC|South 24 Parganas|2018","South 24 Parganas|PATHAR PRATIMA|2018"
"South 24 Parganas",2018,"PATHAR PRATIMA","BRAJABALLAVPUR","24PARGANASSOUTHPATHARPRATIMABRAJABALLAVPUR","BC",TRUE,407.435,34.1525,189.7975,147.9625,13.475,1139.25,4,TRUE,407.435,6.01233278291228,1,"South 24 Parganas|PATHAR PRATIMA","BC|South 24 Parganas|2018","South 24 Parganas|PATHAR PRATIMA|2018"
"South 24 Parganas",2018,"PATHAR PRATIMA","DAKSHIN GANGADHARPUR","24PARGANASSOUTHPATHARPRATIMADAKSHINGANGADHARPUR","SC",FALSE,281.735,13.2475,40.735,212.16,4.96,1775,4,TRUE,281.735,5.64451006319113,0,"South 24 Parganas|PATHAR PRATIMA","SC|South 24 Parganas|2018","South 24 Parganas|PATHAR PRATIMA|2018"
"South 24 Parganas",2018,"PATHAR PRATIMA","DAKSHIN RAIPUR","24PARGANASSOUTHPATHARPRATIMADAKSHINRAIPUR","UR",TRUE,303.2525,1.1325,169.28,128.17,2.185,967,4,TRUE,303.2525,5.71785794876075,1,"South 24 Parganas|PATHAR PRATIMA","UR|South 24 Parganas|2018","South 24 Parganas|PATHAR PRATIMA|2018"
"South 24 Parganas",2018,"PATHAR PRATIMA","DIGAMBARPUR","24PARGANASSOUTHPATHARPRATIMADIGAMBARPUR","BC",TRUE,405.33,92.99,112.125,177.86,4.665,1774,4,TRUE,405.33,6.00716563733407,1,"South 24 Parganas|PATHAR PRATIMA","BC|South 24 Parganas|2018","South 24 Parganas|PATHAR PRATIMA|2018"
"South 24 Parganas",2018,"PATHAR PRATIMA","DURBACHATI","24PARGANASSOUTHPATHARPRATIMADURBACHATI","SC",FALSE,233.4,28.1675,53.6675,145.4775,2.3075,1096.75,4,TRUE,233.4,5.45702905770286,0,"South 24 Parganas|PATHAR PRATIMA","SC|South 24 Parganas|2018","South 24 Parganas|PATHAR PRATIMA|2018"
"South 24 Parganas",2018,"PATHAR PRATIMA","GOPALNAGAR","24PARGANASSOUTHPATHARPRATIMAGOPALNAGAR","BC",TRUE,192.0975,26.665,53.9,107.1875,1.4375,1303,4,TRUE,192.0975,5.2631952426909,1,"South 24 Parganas|PATHAR PRATIMA","BC|South 24 Parganas|2018","South 24 Parganas|PATHAR PRATIMA|2018"
"South 24 Parganas",2018,"PATHAR PRATIMA","G PLOT","24PARGANASSOUTHPATHARPRATIMAGPLOT","UR",TRUE,1135.47,339.2725,444.9725,294.9,8.15,3923.25,4,TRUE,1135.47,7.03568224611181,1,"South 24 Parganas|PATHAR PRATIMA","UR|South 24 Parganas|2018","South 24 Parganas|PATHAR PRATIMA|2018"
"South 24 Parganas",2018,"PATHAR PRATIMA","HERAMBAGOPALPUR","24PARGANASSOUTHPATHARPRATIMAHERAMBAGOPALPUR","SC",TRUE,430.7275,82.0925,124.315,197.565,5.3075,2103,4,TRUE,430.7275,6.06779460217723,1,"South 24 Parganas|PATHAR PRATIMA","SC|South 24 Parganas|2018","South 24 Parganas|PATHAR PRATIMA|2018"
"South 24 Parganas",2018,"PATHAR PRATIMA","LAKSMIJANARDANPUR","24PARGANASSOUTHPATHARPRATIMALAKSMIJANARDANPUR","UR",TRUE,631.4575,102.1625,284.715,207.47,4.9175,3239.75,4,TRUE,631.4575,6.44961302466819,1,"South 24 Parganas|PATHAR PRATIMA","UR|South 24 Parganas|2018","South 24 Parganas|PATHAR PRATIMA|2018"
"South 24 Parganas",2018,"PATHAR PRATIMA","PATHARPRATIMA","24PARGANASSOUTHPATHARPRATIMAPATHARPRATIMA","SC",FALSE,322.88,26.3775,118.1725,158.6075,3.0325,1900.5,4,TRUE,322.88,5.78037307681791,0,"South 24 Parganas|PATHAR PRATIMA","SC|South 24 Parganas|2018","South 24 Parganas|PATHAR PRATIMA|2018"
"South 24 Parganas",2018,"PATHAR PRATIMA","RAMGANGA","24PARGANASSOUTHPATHARPRATIMARAMGANGA","SC",FALSE,613.4225,231.1025,205.6625,161.005,11.2,1680.25,4,TRUE,613.4225,6.42068280225668,0,"South 24 Parganas|PATHAR PRATIMA","SC|South 24 Parganas|2018","South 24 Parganas|PATHAR PRATIMA|2018"
"South 24 Parganas",2018,"PATHAR PRATIMA","SRIDHARNAGAR","24PARGANASSOUTHPATHARPRATIMASRIDHARNAGAR","UR",FALSE,415.6825,74.4,176.365,137.8875,5.88,1204.25,4,TRUE,415.6825,6.03232454090626,0,"South 24 Parganas|PATHAR PRATIMA","UR|South 24 Parganas|2018","South 24 Parganas|PATHAR PRATIMA|2018"
"South 24 Parganas",2018,"PATHAR PRATIMA","SRINARAYANPUR PURNACHANDRAPUR","24PARGANASSOUTHPATHARPRATIMASRINARAYANPURPURNACHANDRAPUR","UR",FALSE,185.56,17.1975,44.205,116.3575,6.325,1107.5,4,TRUE,185.56,5.22875290316213,0,"South 24 Parganas|PATHAR PRATIMA","UR|South 24 Parganas|2018","South 24 Parganas|PATHAR PRATIMA|2018"
"South 24 Parganas",2018,"SAGAR","DHABLAT","24PARGANASSOUTHSAGARDHABLAT","SC",TRUE,672.3775,21.8725,114.9775,514.085,12.6475,2448.25,4,TRUE,672.3775,6.51230609363535,1,"South 24 Parganas|SAGAR","SC|South 24 Parganas|2018","South 24 Parganas|SAGAR|2018"
"South 24 Parganas",2018,"SAGAR","DHASPARA SUMATINAGAR-I","24PARGANASSOUTHSAGARDHASPARASUMATINAGARI","UR",TRUE,632.815,9.185,50.37,552.0625,12.7525,2839.25,4,TRUE,632.815,6.45175711374862,1,"South 24 Parganas|SAGAR","UR|South 24 Parganas|2018","South 24 Parganas|SAGAR|2018"
"South 24 Parganas",2018,"SAGAR","DHASPARA SUMATINAGAR-II","24PARGANASSOUTHSAGARDHASPARASUMATINAGARII","SC",TRUE,1332.6625,50.99,505.065,719.56,38.9425,4115.25,4,TRUE,1332.6625,7.1956841959653,1,"South 24 Parganas|SAGAR","SC|South 24 Parganas|2018","South 24 Parganas|SAGAR|2018"
"South 24 Parganas",2018,"SAGAR","GANGASAGAR","24PARGANASSOUTHSAGARGANGASAGAR","UR",TRUE,721.8575,7.025,147.04,507.5775,37.8575,3144,4,TRUE,721.8575,6.58321210729722,1,"South 24 Parganas|SAGAR","UR|South 24 Parganas|2018","South 24 Parganas|SAGAR|2018"
"South 24 Parganas",2018,"SAGAR","GHORAMARA","24PARGANASSOUTHSAGARGHORAMARA","UR",FALSE,129.015,4.9675,38.8375,82.165,3.0425,257,4,TRUE,129.015,4.86764982841467,0,"South 24 Parganas|SAGAR","UR|South 24 Parganas|2018","South 24 Parganas|SAGAR|2018"
"South 24 Parganas",2018,"SAGAR","MURIGANGA-I","24PARGANASSOUTHSAGARMURIGANGAI","SC",TRUE,429.9775,4.3825,71.085,342.155,5.505,1841.5,4,TRUE,429.9775,6.06605588456473,1,"South 24 Parganas|SAGAR","SC|South 24 Parganas|2018","South 24 Parganas|SAGAR|2018"
"South 24 Parganas",2018,"SAGAR","MURIGANGA-II","24PARGANASSOUTHSAGARMURIGANGAII","SC",FALSE,398.825,9.5475,40.4125,327.5125,16.2475,2105.25,4,TRUE,398.825,5.99102695137693,0,"South 24 Parganas|SAGAR","SC|South 24 Parganas|2018","South 24 Parganas|SAGAR|2018"
"South 24 Parganas",2018,"SAGAR","RAMKARCHAR","24PARGANASSOUTHSAGARRAMKARCHAR","UR",FALSE,523.6425,4.64,49.6875,449.3275,18.585,2639,4,TRUE,523.6425,6.26271707825729,0,"South 24 Parganas|SAGAR","UR|South 24 Parganas|2018","South 24 Parganas|SAGAR|2018"
"South 24 Parganas",2018,"SAGAR","RUDRANAGAR","24PARGANASSOUTHSAGARRUDRANAGAR","BC",FALSE,553.895,28.8425,35.2175,456.1675,28.0225,1992.5,4,TRUE,553.895,6.31877890665871,0,"South 24 Parganas|SAGAR","BC|South 24 Parganas|2018","South 24 Parganas|SAGAR|2018"
"South 24 Parganas",2018,"SONAR PUR","BANGOOGHLY-I","24PARGANASSOUTHSONARPURBANGOOGHLYI","BC",TRUE,60.68,0.815,32.78,23.32,0.1975,76.25,4,TRUE,60.68,4.12195972925507,1,"South 24 Parganas|SONAR PUR","BC|South 24 Parganas|2018","South 24 Parganas|SONAR PUR|2018"
"South 24 Parganas",2018,"SONAR PUR","BANHOOGHLY-II","24PARGANASSOUTHSONARPURBANHOOGHLYII","SC",FALSE,128.6275,24.345,35.48,66.4275,0.02,245,4,TRUE,128.6275,4.8646649527668,0,"South 24 Parganas|SONAR PUR","SC|South 24 Parganas|2018","South 24 Parganas|SONAR PUR|2018"
"South 24 Parganas",2018,"SONAR PUR","KALIKAPUR-I","24PARGANASSOUTHSONARPURKALIKAPURI","UR",FALSE,217.5875,75.395,55.5375,65.3125,1.005,410.25,4,TRUE,217.5875,5.38718639203978,0,"South 24 Parganas|SONAR PUR","UR|South 24 Parganas|2018","South 24 Parganas|SONAR PUR|2018"
"South 24 Parganas",2018,"SONAR PUR","KALIKAPUR-II","24PARGANASSOUTHSONARPURKALIKAPURII","UR",TRUE,92.48,1.965,17.2675,53.98,0,322.75,4,TRUE,92.48,4.53774750967066,1,"South 24 Parganas|SONAR PUR","UR|South 24 Parganas|2018","South 24 Parganas|SONAR PUR|2018"
"South 24 Parganas",2018,"SONAR PUR","KAMRABAD","24PARGANASSOUTHSONARPURKAMRABAD","UR",TRUE,148.93,29.275,47.3775,70.115,0,357.25,4,TRUE,148.93,5.01016851850681,1,"South 24 Parganas|SONAR PUR","UR|South 24 Parganas|2018","South 24 Parganas|SONAR PUR|2018"
"South 24 Parganas",2018,"SONAR PUR","KHEYADAHA-I","24PARGANASSOUTHSONARPURKHEYADAHAI","UR",FALSE,188.29,17.29,143.0975,27.9075,0,381,4,TRUE,188.29,5.24328023061813,0,"South 24 Parganas|SONAR PUR","UR|South 24 Parganas|2018","South 24 Parganas|SONAR PUR|2018"
"South 24 Parganas",2018,"SONAR PUR","KHEYADAHA-II","24PARGANASSOUTHSONARPURKHEYADAHAII","UR",TRUE,225.39,4.325,187.52,32.5575,0.59,381.5,4,TRUE,225.39,5.42225917574221,1,"South 24 Parganas|SONAR PUR","UR|South 24 Parganas|2018","South 24 Parganas|SONAR PUR|2018"
"South 24 Parganas",2018,"SONAR PUR","LANGALBERIA","24PARGANASSOUTHSONARPURLANGALBERIA","BC",TRUE,221.2725,19.715,95.8175,99.93,2.205,395.5,4,TRUE,221.2725,5.40390410661519,1,"South 24 Parganas|SONAR PUR","BC|South 24 Parganas|2018","South 24 Parganas|SONAR PUR|2018"
"South 24 Parganas",2018,"SONAR PUR","POLEGHAT","24PARGANASSOUTHSONARPURPOLEGHAT","SC",FALSE,223.465,54.9,115.1975,48.565,4.8075,302,4,TRUE,223.465,5.41371979302387,0,"South 24 Parganas|SONAR PUR","SC|South 24 Parganas|2018","South 24 Parganas|SONAR PUR|2018"
"South 24 Parganas",2018,"SONAR PUR","PRATAPNAGAR","24PARGANASSOUTHSONARPURPRATAPNAGAR","SC",TRUE,216.09,29.6975,136.7925,48.0425,0.505,354.75,4,TRUE,216.09,5.38031201410066,1,"South 24 Parganas|SONAR PUR","SC|South 24 Parganas|2018","South 24 Parganas|SONAR PUR|2018"
"South 24 Parganas",2018,"SONAR PUR","SONARPUR-II","24PARGANASSOUTHSONARPURSONARPURII","UR",TRUE,87.335,3.99,40.2025,36.385,0.0975,300.75,4,TRUE,87.335,4.48113640506464,1,"South 24 Parganas|SONAR PUR","UR|South 24 Parganas|2018","South 24 Parganas|SONAR PUR|2018"
"South 24 Parganas",2018,"THAKURPUKUR MAHESTOLA","ASUTI-I","24PARGANASSOUTHTHAKURPUKURMAHESTOLAASUTII","SC",TRUE,64.9675,0,32.7325,32.235,0,313.75,4,TRUE,64.9675,4.18916219650337,1,"South 24 Parganas|THAKURPUKUR MAHESTOLA","SC|South 24 Parganas|2018","South 24 Parganas|THAKURPUKUR MAHESTOLA|2018"
"South 24 Parganas",2018,"THAKURPUKUR MAHESTOLA","ASUTI-II","24PARGANASSOUTHTHAKURPUKURMAHESTOLAASUTIII","UR",TRUE,62.555,1.8575,15.26,45.4325,0.01,505,4,TRUE,62.555,4.15190567274663,1,"South 24 Parganas|THAKURPUKUR MAHESTOLA","UR|South 24 Parganas|2018","South 24 Parganas|THAKURPUKUR MAHESTOLA|2018"
"South 24 Parganas",2018,"THAKURPUKUR MAHESTOLA","CHATTA","24PARGANASSOUTHTHAKURPUKURMAHESTOLACHATTA","SC",FALSE,100.555,2.5325,20.2325,74.89,2.9075,865,4,TRUE,100.555,4.62060052364345,0,"South 24 Parganas|THAKURPUKUR MAHESTOLA","SC|South 24 Parganas|2018","South 24 Parganas|THAKURPUKUR MAHESTOLA|2018"
"South 24 Parganas",2018,"THAKURPUKUR MAHESTOLA","RASPUNJA","24PARGANASSOUTHTHAKURPUKURMAHESTOLARASPUNJA","UR",FALSE,93.4475,2.8875,20.905,69.6025,0.05,337.25,4,TRUE,93.4475,4.54804412456597,0,"South 24 Parganas|THAKURPUKUR MAHESTOLA","UR|South 24 Parganas|2018","South 24 Parganas|THAKURPUKUR MAHESTOLA|2018"
"Alipurduar",2018,"ALIPURDUAR-I","BANCHUKAMARI","ALIPURDUARALIPURDUARIBANCHUKAMARI","UR",FALSE,465.4,73.4725,286.7925,48.1875,5.5,785.5,4,TRUE,465.4,6.14504363503628,0,"Alipurduar|ALIPURDUAR-I","UR|Alipurduar|2018","Alipurduar|ALIPURDUAR-I|2018"
"Alipurduar",2018,"ALIPURDUAR-I","CHAKOWAKHETI","ALIPURDUARALIPURDUARICHAKOWAKHETI","SC",TRUE,430.605,67.6325,214.01,73.14,7.42,935.5,4,TRUE,430.605,6.06751081811762,1,"Alipurduar|ALIPURDUAR-I","SC|Alipurduar|2018","Alipurduar|ALIPURDUAR-I|2018"
"Alipurduar",2018,"ALIPURDUAR-II","BHATIBARI","ALIPURDUARALIPURDUARIIBHATIBARI","SC",TRUE,606.1175,88.4725,302.7375,106.815,4.4275,1540.5,4,TRUE,606.1175,6.4087223472851,1,"Alipurduar|ALIPURDUAR-II","SC|Alipurduar|2018","Alipurduar|ALIPURDUAR-II|2018"
"Alipurduar",2018,"ALIPURDUAR-II","CHAPORER PAR-I","ALIPURDUARALIPURDUARIICHAPORERPARI","UR",FALSE,373.575,34.3725,233.2725,34.3775,16.7925,884.25,4,TRUE,373.575,5.92579204992921,0,"Alipurduar|ALIPURDUAR-II","UR|Alipurduar|2018","Alipurduar|ALIPURDUAR-II|2018"
"Alipurduar",2018,"ALIPURDUAR-II","CHAPORER PAR-II","ALIPURDUARALIPURDUARIICHAPORERPARII","SC",TRUE,599.1725,67.565,231.86,243.6125,17.1075,1686.5,4,TRUE,599.1725,6.39721711389594,1,"Alipurduar|ALIPURDUAR-II","SC|Alipurduar|2018","Alipurduar|ALIPURDUAR-II|2018"
"Alipurduar",2018,"ALIPURDUAR-II","KOHINOOR","ALIPURDUARALIPURDUARIIKOHINOOR","UR",TRUE,426.755,65.775,283.68,70.4525,4.1575,774.75,4,TRUE,426.755,6.0585506017747,1,"Alipurduar|ALIPURDUAR-II","UR|Alipurduar|2018","Alipurduar|ALIPURDUAR-II|2018"
"Alipurduar",2018,"ALIPURDUAR-II","MAHAKALGURI","ALIPURDUARALIPURDUARIIMAHAKALGURI","SC",FALSE,656.1925,86.9925,311.47,177.1625,5.995,2119.75,4,TRUE,656.1925,6.48797697404687,0,"Alipurduar|ALIPURDUAR-II","SC|Alipurduar|2018","Alipurduar|ALIPURDUAR-II|2018"
"Alipurduar",2018,"ALIPURDUAR-II","MAJHERDABRI","ALIPURDUARALIPURDUARIIMAJHERDABRI","SC",TRUE,698.7675,124.0075,422.4725,78.2,2.2175,1786.25,4,TRUE,698.7675,6.55074813701461,1,"Alipurduar|ALIPURDUAR-II","SC|Alipurduar|2018","Alipurduar|ALIPURDUAR-II|2018"
"Alipurduar",2018,"ALIPURDUAR-II","PAROKATA","ALIPURDUARALIPURDUARIIPAROKATA","UR",TRUE,521.4,89.825,176.625,80.1925,3.02,1393.5,4,TRUE,521.4,6.25843357796222,1,"Alipurduar|ALIPURDUAR-II","UR|Alipurduar|2018","Alipurduar|ALIPURDUAR-II|2018"
"Alipurduar",2018,"ALIPURDUAR-II","SAMUKTALA","ALIPURDUARALIPURDUARIISAMUKTALA","UR",FALSE,421.6675,45.23,267.59,86.35,2.89,1454.5,4,TRUE,421.6675,6.04658581793595,0,"Alipurduar|ALIPURDUAR-II","UR|Alipurduar|2018","Alipurduar|ALIPURDUAR-II|2018"
"Alipurduar",2018,"ALIPURDUAR-II","TATPARA-I","ALIPURDUARALIPURDUARIITATPARAI","UR",FALSE,519.7675,92.07,147.7625,86.01,3.315,958,4,TRUE,519.7675,6.25530368495329,0,"Alipurduar|ALIPURDUAR-II","UR|Alipurduar|2018","Alipurduar|ALIPURDUAR-II|2018"
"Alipurduar",2018,"ALIPURDUAR-II","TATPARA-II","ALIPURDUARALIPURDUARIITATPARAII","SC",FALSE,438.465,68.85,216.605,54.75,1.0625,1045.25,4,TRUE,438.465,6.08555807800418,0,"Alipurduar|ALIPURDUAR-II","SC|Alipurduar|2018","Alipurduar|ALIPURDUAR-II|2018"
"Alipurduar",2018,"ALIPURDUAR-II","TURTURI","ALIPURDUARALIPURDUARIITURTURI","UR",TRUE,298.1825,17.6,200.39,69.625,4.29,959,4,TRUE,298.1825,5.70105375508494,1,"Alipurduar|ALIPURDUAR-II","UR|Alipurduar|2018","Alipurduar|ALIPURDUAR-II|2018"
"Alipurduar",2018,"ALIPURDUAR-I","MATHURA","ALIPURDUARALIPURDUARIMATHURA","UR",FALSE,363.1375,42.9475,285.005,15.05,1.7525,558,4,TRUE,363.1375,5.89753154356096,0,"Alipurduar|ALIPURDUAR-I","UR|Alipurduar|2018","Alipurduar|ALIPURDUAR-I|2018"
"Alipurduar",2018,"ALIPURDUAR-I","PARORPAR","ALIPURDUARALIPURDUARIPARORPAR","ST",FALSE,304.77,45.0225,164.5025,42.915,15.3125,943,4,TRUE,304.77,5.722833185347,0,"Alipurduar|ALIPURDUAR-I","ST|Alipurduar|2018","Alipurduar|ALIPURDUAR-I|2018"
"Alipurduar",2018,"ALIPURDUAR-I","PATLAKHAWA","ALIPURDUARALIPURDUARIPATLAKHAWA","ST",FALSE,518.7925,150.675,218.4125,21.3025,8.39,762.25,4,TRUE,518.7925,6.2534296934769,0,"Alipurduar|ALIPURDUAR-I","ST|Alipurduar|2018","Alipurduar|ALIPURDUAR-I|2018"
"Alipurduar",2018,"ALIPURDUAR-I","PURBA KANTHALBARI","ALIPURDUARALIPURDUARIPURBAKANTHALBARI","SC",TRUE,527.29,97.8725,278.7425,53.9925,16.115,1049.5,4,TRUE,527.29,6.26964537535209,1,"Alipurduar|ALIPURDUAR-I","SC|Alipurduar|2018","Alipurduar|ALIPURDUAR-I|2018"
"Alipurduar",2018,"ALIPURDUAR-I","SALKUMAR-I","ALIPURDUARALIPURDUARISALKUMARI","ST",FALSE,628.0875,74.2375,225.705,92.1225,12.5075,1005.25,4,TRUE,628.0875,6.44427035672352,0,"Alipurduar|ALIPURDUAR-I","ST|Alipurduar|2018","Alipurduar|ALIPURDUAR-I|2018"
"Alipurduar",2018,"ALIPURDUAR-I","SALKUMAR-II","ALIPURDUARALIPURDUARISALKUMARII","SC",TRUE,839.86,208.3925,308.14,93.4575,22.2525,1412.5,4,TRUE,839.86,6.73442517762564,1,"Alipurduar|ALIPURDUAR-I","SC|Alipurduar|2018","Alipurduar|ALIPURDUAR-I|2018"
"Alipurduar",2018,"ALIPURDUAR-I","TAPSIKHATA","ALIPURDUARALIPURDUARITAPSIKHATA","UR",TRUE,305.22,5.005,210.3525,39.7375,11.8925,623.25,4,TRUE,305.22,5.72430379787695,1,"Alipurduar|ALIPURDUAR-I","UR|Alipurduar|2018","Alipurduar|ALIPURDUAR-I|2018"
"Alipurduar",2018,"ALIPURDUAR-I","VIVEKANADA-I","ALIPURDUARALIPURDUARIVIVEKANADAI","UR",TRUE,286.4525,47.525,160.2175,31.7575,4.495,514.25,4,TRUE,286.4525,5.6610576291962,1,"Alipurduar|ALIPURDUAR-I","UR|Alipurduar|2018","Alipurduar|ALIPURDUAR-I|2018"
"Alipurduar",2018,"ALIPURDUAR-I","VIVEKANADA-II","ALIPURDUARALIPURDUARIVIVEKANADAII","ST",TRUE,302.7025,37.36,237.9175,13.32,1.745,553.75,4,TRUE,302.7025,5.71604860382553,1,"Alipurduar|ALIPURDUAR-I","ST|Alipurduar|2018","Alipurduar|ALIPURDUAR-I|2018"
"Alipurduar",2018,"FALAKATA","DALGAON","ALIPURDUARFALAKATADALGAON","UR",FALSE,529.445,35.7075,317.0975,66.945,0,1018.25,4,TRUE,529.445,6.27371627690176,0,"Alipurduar|FALAKATA","UR|Alipurduar|2018","Alipurduar|FALAKATA|2018"
"Alipurduar",2018,"FALAKATA","DEOGAON","ALIPURDUARFALAKATADEOGAON","UR",TRUE,855.84,81.1775,612.565,62.265,3.7625,1719,4,TRUE,855.84,6.75325120338462,1,"Alipurduar|FALAKATA","UR|Alipurduar|2018","Alipurduar|FALAKATA|2018"
"Alipurduar",2018,"FALAKATA","DHANIRAMPUR-I","ALIPURDUARFALAKATADHANIRAMPURI","UR",TRUE,787.745,70.84,497.5375,135.345,0.27,1500.75,4,TRUE,787.745,6.67044307469112,1,"Alipurduar|FALAKATA","UR|Alipurduar|2018","Alipurduar|FALAKATA|2018"
"Alipurduar",2018,"FALAKATA","DHANIRAMPUR-II","ALIPURDUARFALAKATADHANIRAMPURII","SC",FALSE,533.925,25.88,338.9975,52.1825,7.48,1127.5,4,TRUE,533.925,6.28212655015301,0,"Alipurduar|FALAKATA","SC|Alipurduar|2018","Alipurduar|FALAKATA|2018"
"Alipurduar",2018,"FALAKATA","FALAKATA-I","ALIPURDUARFALAKATAFALAKATAI","UR",FALSE,131.2225,21.0275,43.8,10.2125,0,231.25,4,TRUE,131.2225,4.88448610960748,0,"Alipurduar|FALAKATA","UR|Alipurduar|2018","Alipurduar|FALAKATA|2018"
"Alipurduar",2018,"FALAKATA","FALAKATA-II","ALIPURDUARFALAKATAFALAKATAII","UR",TRUE,742.0675,100.165,471.72,55.7675,0,1316.5,4,TRUE,742.0675,6.6107868885052,1,"Alipurduar|FALAKATA","UR|Alipurduar|2018","Alipurduar|FALAKATA|2018"
"Alipurduar",2018,"FALAKATA","GUABARNAGAR","ALIPURDUARFALAKATAGUABARNAGAR","SC",FALSE,482.01,58.0275,307.5275,79.43,2.5025,1024.25,4,TRUE,482.01,6.180037357372,0,"Alipurduar|FALAKATA","SC|Alipurduar|2018","Alipurduar|FALAKATA|2018"
"Alipurduar",2018,"FALAKATA","JATESWAR-I","ALIPURDUARFALAKATAJATESWARI","ST",TRUE,638.7275,52.5975,376.41,131.2375,0.125,1383.5,4,TRUE,638.7275,6.46104230443314,1,"Alipurduar|FALAKATA","ST|Alipurduar|2018","Alipurduar|FALAKATA|2018"
"Alipurduar",2018,"FALAKATA","JATESWAR-II","ALIPURDUARFALAKATAJATESWARII","UR",FALSE,839.2825,124.9125,339.465,192.7975,1.27,1456.5,4,TRUE,839.2825,6.7337381448218,0,"Alipurduar|FALAKATA","UR|Alipurduar|2018","Alipurduar|FALAKATA|2018"
"Alipurduar",2018,"FALAKATA","MAIRADANGA","ALIPURDUARFALAKATAMAIRADANGA","SC",TRUE,826.27,203.0525,441.6225,95.9175,0.9725,1849,4,TRUE,826.27,6.71813112299784,1,"Alipurduar|FALAKATA","SC|Alipurduar|2018","Alipurduar|FALAKATA|2018"
"Alipurduar",2018,"FALAKATA","PARANGERPAR","ALIPURDUARFALAKATAPARANGERPAR","UR",TRUE,113.83,20.675,24.54,17.3675,0,252.75,4,TRUE,113.83,4.7434527737881,1,"Alipurduar|FALAKATA","UR|Alipurduar|2018","Alipurduar|FALAKATA|2018"
"Alipurduar",2018,"FALAKATA","SALKUMAR","ALIPURDUARFALAKATASALKUMAR","ST",FALSE,590.94,62.6775,328.1975,63.535,2.3525,1461.5,4,TRUE,590.94,6.38340527839626,0,"Alipurduar|FALAKATA","ST|Alipurduar|2018","Alipurduar|FALAKATA|2018"
"Alipurduar",2018,"KALCHINI","CHUAPARA","ALIPURDUARKALCHINICHUAPARA","UR",TRUE,679.62,63.31,516.7675,43.9375,11.0725,1666,4,TRUE,679.62,6.52300414747108,1,"Alipurduar|KALCHINI","UR|Alipurduar|2018","Alipurduar|KALCHINI|2018"
"Alipurduar",2018,"KALCHINI","DALSINGPARA","ALIPURDUARKALCHINIDALSINGPARA","ST",TRUE,512.5175,78.78,408.415,10.9425,10.56,988.75,4,TRUE,512.5175,6.24128410863212,1,"Alipurduar|KALCHINI","ST|Alipurduar|2018","Alipurduar|KALCHINI|2018"
"Alipurduar",2018,"KALCHINI","GAROPARA","ALIPURDUARKALCHINIGAROPARA","UR",TRUE,697.16,131.2475,484.99,52.97,26.6475,1421.25,4,TRUE,697.16,6.54844830285506,1,"Alipurduar|KALCHINI","UR|Alipurduar|2018","Alipurduar|KALCHINI|2018"
"Alipurduar",2018,"KALCHINI","JAIGAON-I","ALIPURDUARKALCHINIJAIGAONI","UR",FALSE,634.1575,21.6575,568.99,21.5975,8.5425,1217.75,4,TRUE,634.1575,6.45387299963403,0,"Alipurduar|KALCHINI","UR|Alipurduar|2018","Alipurduar|KALCHINI|2018"
"Alipurduar",2018,"KALCHINI","JAIGAON-II","ALIPURDUARKALCHINIJAIGAONII","ST",FALSE,335.595,26.2025,301.675,2.305,0,242.25,4,TRUE,335.595,5.81888042721976,0,"Alipurduar|KALCHINI","ST|Alipurduar|2018","Alipurduar|KALCHINI|2018"
"Alipurduar",2018,"KALCHINI","KALCHINI","ALIPURDUARKALCHINIKALCHINI","ST",TRUE,1101.15,212.575,814.665,58.8125,1.705,2319.25,4,TRUE,1101.15,7.00501809660235,1,"Alipurduar|KALCHINI","ST|Alipurduar|2018","Alipurduar|KALCHINI|2018"
"Alipurduar",2018,"KALCHINI","LATABARI","ALIPURDUARKALCHINILATABARI","UR",FALSE,722.765,61.61,448.9325,30.525,8.9375,1359.25,4,TRUE,722.765,6.58446675406104,0,"Alipurduar|KALCHINI","UR|Alipurduar|2018","Alipurduar|KALCHINI|2018"
"Alipurduar",2018,"KALCHINI","MALANGI","ALIPURDUARKALCHINIMALANGI","SC",FALSE,672.6325,28.76,575.805,28.7275,9.075,1528.5,4,TRUE,672.6325,6.51268470998274,0,"Alipurduar|KALCHINI","SC|Alipurduar|2018","Alipurduar|KALCHINI|2018"
"Alipurduar",2018,"KALCHINI","MENDABARI","ALIPURDUARKALCHINIMENDABARI","ST",FALSE,570.1775,40.56,359.805,33.025,15.4725,1955,4,TRUE,570.1775,6.34770001949324,0,"Alipurduar|KALCHINI","ST|Alipurduar|2018","Alipurduar|KALCHINI|2018"
"Alipurduar",2018,"KALCHINI","RAJABHATKHAOA","ALIPURDUARKALCHINIRAJABHATKHAOA","UR",TRUE,661.6875,87.4525,461.565,55.42,0.44,2018.5,4,TRUE,661.6875,6.49630353668602,1,"Alipurduar|KALCHINI","UR|Alipurduar|2018","Alipurduar|KALCHINI|2018"
"Alipurduar",2018,"KALCHINI","SATALI","ALIPURDUARKALCHINISATALI","UR",FALSE,649.9275,67.0475,540.6375,10.1875,31.8975,1760.5,4,TRUE,649.9275,6.47839826887929,0,"Alipurduar|KALCHINI","UR|Alipurduar|2018","Alipurduar|KALCHINI|2018"
"Alipurduar",2018,"KUMARGRAM","CHENGMARI","ALIPURDUARKUMARGRAMCHENGMARI","SC",FALSE,604.5425,72.525,308.045,101.265,7.3175,1522,4,TRUE,604.5425,6.40612475045563,0,"Alipurduar|KUMARGRAM","SC|Alipurduar|2018","Alipurduar|KUMARGRAM|2018"
"Alipurduar",2018,"KUMARGRAM","KAMAKHYAGURI-I","ALIPURDUARKUMARGRAMKAMAKHYAGURII","ST",FALSE,508.14,86.2375,198.395,31.045,11.085,1012.75,4,TRUE,508.14,6.23272302784736,0,"Alipurduar|KUMARGRAM","ST|Alipurduar|2018","Alipurduar|KUMARGRAM|2018"
"Alipurduar",2018,"KUMARGRAM","KAMAKHYAGURI-II","ALIPURDUARKUMARGRAMKAMAKHYAGURIII","SC",TRUE,399.76,68.0325,223.8125,29.445,12.3625,707.75,4,TRUE,399.76,5.99336274439106,1,"Alipurduar|KUMARGRAM","SC|Alipurduar|2018","Alipurduar|KUMARGRAM|2018"
"Alipurduar",2018,"KUMARGRAM","KHOARDANGA-I","ALIPURDUARKUMARGRAMKHOARDANGAI","UR",FALSE,951.11,210,695.4775,19.175,4.85,877,4,TRUE,951.11,6.8586805743349,0,"Alipurduar|KUMARGRAM","UR|Alipurduar|2018","Alipurduar|KUMARGRAM|2018"
"Alipurduar",2018,"KUMARGRAM","KHOARDANGA-II","ALIPURDUARKUMARGRAMKHOARDANGAII","SC",TRUE,811.82,120.1925,466.4325,100.175,12.975,1191.5,4,TRUE,811.82,6.7005096828207,1,"Alipurduar|KUMARGRAM","SC|Alipurduar|2018","Alipurduar|KUMARGRAM|2018"
"Alipurduar",2018,"KUMARGRAM","KUMARGRAM","ALIPURDUARKUMARGRAMKUMARGRAM","UR",FALSE,824.2325,111.4475,534.6625,81.58,11.1175,1621.25,4,TRUE,824.2325,6.71566516481321,0,"Alipurduar|KUMARGRAM","UR|Alipurduar|2018","Alipurduar|KUMARGRAM|2018"
"Alipurduar",2018,"KUMARGRAM","NEWLAND KUMARGRAM SANKOS","ALIPURDUARKUMARGRAMNEWLANDKUMARGRAMSANKOS","SC",FALSE,937.82,144.92,543.425,198.7275,6.895,1658,4,TRUE,937.82,6.84462376754202,0,"Alipurduar|KUMARGRAM","SC|Alipurduar|2018","Alipurduar|KUMARGRAM|2018"
"Alipurduar",2018,"KUMARGRAM","RAIDAK","ALIPURDUARKUMARGRAMRAIDAK","UR",TRUE,578.9725,199.15,272.625,62.965,27.32,1550,4,TRUE,578.9725,6.36298068862329,1,"Alipurduar|KUMARGRAM","UR|Alipurduar|2018","Alipurduar|KUMARGRAM|2018"
"Alipurduar",2018,"KUMARGRAM","TURTURIKHANDA","ALIPURDUARKUMARGRAMTURTURIKHANDA","UR",TRUE,511.35,27.22,411.61,35.1525,14.865,1047.5,4,TRUE,511.35,6.23900798524573,1,"Alipurduar|KUMARGRAM","UR|Alipurduar|2018","Alipurduar|KUMARGRAM|2018"
"Alipurduar",2018,"KUMARGRAM","VALKA BARABISA-I","ALIPURDUARKUMARGRAMVALKABARABISAI","ST",TRUE,392.94,40.72,204.1975,47.035,11.2075,1908.5,4,TRUE,392.94,5.97619861343755,1,"Alipurduar|KUMARGRAM","ST|Alipurduar|2018","Alipurduar|KUMARGRAM|2018"
"Alipurduar",2018,"KUMARGRAM","VALKA BARABISA-II","ALIPURDUARKUMARGRAMVALKABARABISAII","UR",TRUE,845.89,199.895,475.9975,70.03,0.625,1672.75,4,TRUE,845.89,6.74157081608833,1,"Alipurduar|KUMARGRAM","UR|Alipurduar|2018","Alipurduar|KUMARGRAM|2018"
"Alipurduar",2018,"MADARIHAT","BANDAPANI","ALIPURDUARMADARIHATBANDAPANI","UR",FALSE,474.8675,27.495,355.36,30.845,9.5775,1078.5,4,TRUE,474.8675,6.16513945413717,0,"Alipurduar|MADARIHAT","UR|Alipurduar|2018","Alipurduar|MADARIHAT|2018"
"Alipurduar",2018,"MADARIHAT","BIRPARA-I","ALIPURDUARMADARIHATBIRPARAI","SC",FALSE,268.6275,19.1075,163.9825,80.915,3.635,898.5,4,TRUE,268.6275,5.59704137680356,0,"Alipurduar|MADARIHAT","SC|Alipurduar|2018","Alipurduar|MADARIHAT|2018"
"Alipurduar",2018,"MADARIHAT","BIRPARA-II","ALIPURDUARMADARIHATBIRPARAII","ST",FALSE,448.565,47.7975,356.675,34.765,4.1925,971.5,4,TRUE,448.565,6.10828044857416,0,"Alipurduar|MADARIHAT","ST|Alipurduar|2018","Alipurduar|MADARIHAT|2018"
"Alipurduar",2018,"MADARIHAT","HANTAPARA","ALIPURDUARMADARIHATHANTAPARA","UR",TRUE,745.2675,94.125,463.73,29.7,32.5625,960.25,4,TRUE,745.2675,6.61508411501812,1,"Alipurduar|MADARIHAT","UR|Alipurduar|2018","Alipurduar|MADARIHAT|2018"
"Alipurduar",2018,"MADARIHAT","KHAYERBARI","ALIPURDUARMADARIHATKHAYERBARI","SC",FALSE,648.715,28.5975,536.815,33.9875,16.01,1312.75,4,TRUE,648.715,6.47653380519885,0,"Alipurduar|MADARIHAT","SC|Alipurduar|2018","Alipurduar|MADARIHAT|2018"
"Alipurduar",2018,"MADARIHAT","LANKAPARA","ALIPURDUARMADARIHATLANKAPARA","UR",TRUE,630.245,45.765,502.9225,34.1825,4.4025,926.25,4,TRUE,630.245,6.44769405976612,1,"Alipurduar|MADARIHAT","UR|Alipurduar|2018","Alipurduar|MADARIHAT|2018"
"Alipurduar",2018,"MADARIHAT","MADARIHAT","ALIPURDUARMADARIHATMADARIHAT","ST",TRUE,578.565,71.25,359.225,101.2325,5.325,1038,4,TRUE,578.565,6.36227782214976,1,"Alipurduar|MADARIHAT","ST|Alipurduar|2018","Alipurduar|MADARIHAT|2018"
"Alipurduar",2018,"MADARIHAT","RANGALIBAJNA","ALIPURDUARMADARIHATRANGALIBAJNA","ST",TRUE,580.995,11.465,443.145,85.43,25.8175,1826.75,4,TRUE,580.995,6.36646185662924,1,"Alipurduar|MADARIHAT","ST|Alipurduar|2018","Alipurduar|MADARIHAT|2018"
"Alipurduar",2018,"MADARIHAT","SISHUJHUMRA","ALIPURDUARMADARIHATSISHUJHUMRA","UR",FALSE,462.395,19.445,333.0675,34.215,5.15,754.75,4,TRUE,462.395,6.13857982212565,0,"Alipurduar|MADARIHAT","UR|Alipurduar|2018","Alipurduar|MADARIHAT|2018"
"Alipurduar",2018,"MADARIHAT","TOTOPARA BALLALGURI","ALIPURDUARMADARIHATTOTOPARABALLALGURI","UR",FALSE,338.445,121.895,140.845,39.96,13.1225,701,4,TRUE,338.445,5.82731193092935,0,"Alipurduar|MADARIHAT","UR|Alipurduar|2018","Alipurduar|MADARIHAT|2018"
"Malda",2013,"BAMONGOLA","BAMONGOLA","MALDAHBAMONGOLABAMONGOLA","SC",FALSE,235.674,82.496,51.378,79.698,0.506,705,5,TRUE,235.674,5.46668366680269,0,"Malda|BAMONGOLA","SC|Malda|2013","Malda|BAMONGOLA|2013"
"Malda",2013,"BAMONGOLA","CHANDPUR","MALDAHBAMONGOLACHANDPUR","UR",FALSE,127.59,27.848,18.202,58.494,0.07,368.2,5,TRUE,127.59,4.85662904828235,0,"Malda|BAMONGOLA","UR|Malda|2013","Malda|BAMONGOLA|2013"
"Malda",2013,"BAMONGOLA","GOBINDAPUR-MAHESHPUR","MALDAHBAMONGOLAGOBINDAPURMAHESHPUR","UR",TRUE,198.29,62.976,34.826,83.62,5.288,666.2,5,TRUE,198.29,5.29476105034526,1,"Malda|BAMONGOLA","UR|Malda|2013","Malda|BAMONGOLA|2013"
"Malda",2013,"BAMONGOLA","JAGDALA","MALDAHBAMONGOLAJAGDALA","ST",TRUE,229.04,43.786,72.856,85.728,0,801.2,5,TRUE,229.04,5.43825320684555,1,"Malda|BAMONGOLA","ST|Malda|2013","Malda|BAMONGOLA|2013"
"Malda",2013,"BAMONGOLA","MADNABATI","MALDAHBAMONGOLAMADNABATI","ST",TRUE,111.754,46.32,23.988,24.568,0.122,297.6,5,TRUE,111.754,4.72520845447191,1,"Malda|BAMONGOLA","ST|Malda|2013","Malda|BAMONGOLA|2013"
"Malda",2013,"BAMONGOLA","PAKUAHAT","MALDAHBAMONGOLAPAKUAHAT","UR",TRUE,223.358,58.028,55.678,83.12,1.748,696.4,5,TRUE,223.358,5.41324299035544,1,"Malda|BAMONGOLA","UR|Malda|2013","Malda|BAMONGOLA|2013"
"Malda",2013,"CHANCHAL-I","ALIHANDA","MALDAHCHANCHALIALIHANDA","SC",TRUE,83.4,23.942,30.522,21.008,0.148,360,5,TRUE,83.4,4.43556740160191,1,"Malda|CHANCHAL-I","SC|Malda|2013","Malda|CHANCHAL-I|2013"
"Malda",2013,"CHANCHAL-I","BHAGABANPUR","MALDAHCHANCHALIBHAGABANPUR","SC",TRUE,324.576,62.908,165.422,64.932,0.31,792,5,TRUE,324.576,5.78559592133795,1,"Malda|CHANCHAL-I","SC|Malda|2013","Malda|CHANCHAL-I|2013"
"Malda",2013,"CHANCHAL-I","CHANCHOL","MALDAHCHANCHALICHANCHOL","SC",FALSE,156.664,85.04,50.882,13.794,1.708,298.6,5,TRUE,156.664,5.06046618636155,0,"Malda|CHANCHAL-I","SC|Malda|2013","Malda|CHANCHAL-I|2013"
"Malda",2013,"CHANCHAL-II","BHAKRI","MALDAHCHANCHALIIBHAKRI","SC",TRUE,114.138,20.348,20.068,67.166,0.514,298.6,5,TRUE,114.138,4.74613140893873,1,"Malda|CHANCHAL-II","SC|Malda|2013","Malda|CHANCHAL-II|2013"
"Malda",2013,"CHANCHAL-II","CHANDRAPARA","MALDAHCHANCHALIICHANDRAPARA","UR",TRUE,119.85,41.54,5.422,49.29,0.646,426.4,5,TRUE,119.85,4.79455010714949,1,"Malda|CHANCHAL-II","UR|Malda|2013","Malda|CHANCHAL-II|2013"
"Malda",2013,"CHANCHAL-II","DHANGARA-BISHANPUR","MALDAHCHANCHALIIDHANGARABISHANPUR","BC",TRUE,238.228,73.264,12.168,131.882,0,700.8,5,TRUE,238.228,5.47741707208205,1,"Malda|CHANCHAL-II","BC|Malda|2013","Malda|CHANCHAL-II|2013"
"Malda",2013,"CHANCHAL-II","GOURHANDA","MALDAHCHANCHALIIGOURHANDA","UR",TRUE,70.696,27.18,11.738,25.818,0.41,279.8,5,TRUE,70.696,4.27243495804379,1,"Malda|CHANCHAL-II","UR|Malda|2013","Malda|CHANCHAL-II|2013"
"Malda",2013,"CHANCHAL-II","JALALPUR","MALDAHCHANCHALIIJALALPUR","BC",FALSE,154.666,62.222,16.686,66.646,0.314,427.8,5,TRUE,154.666,5.04771268633637,0,"Malda|CHANCHAL-II","BC|Malda|2013","Malda|CHANCHAL-II|2013"
"Malda",2013,"CHANCHAL-II","KSHEMPUR","MALDAHCHANCHALIIKSHEMPUR","SC",FALSE,76.828,23.94,22.864,18.932,0.012,206,5,TRUE,76.828,4.35450126360913,0,"Malda|CHANCHAL-II","SC|Malda|2013","Malda|CHANCHAL-II|2013"
"Malda",2013,"CHANCHAL-II","MALATIPUR","MALDAHCHANCHALIIMALATIPUR","UR",FALSE,107.164,33.22,16.75,32.894,3.096,391.4,5,TRUE,107.164,4.68364859385935,0,"Malda|CHANCHAL-II","UR|Malda|2013","Malda|CHANCHAL-II|2013"
"Malda",2013,"CHANCHAL-I","KALIGRAM","MALDAHCHANCHALIKALIGRAM","UR",FALSE,209.964,42.298,121.304,33.542,0.226,327.6,5,TRUE,209.964,5.35168750280574,0,"Malda|CHANCHAL-I","UR|Malda|2013","Malda|CHANCHAL-I|2013"
"Malda",2013,"CHANCHAL-I","KHARBA","MALDAHCHANCHALIKHARBA","BC",TRUE,178.082,39.948,54.09,54.114,0.546,1003.2,5,TRUE,178.082,5.18784380150339,1,"Malda|CHANCHAL-I","BC|Malda|2013","Malda|CHANCHAL-I|2013"
"Malda",2013,"CHANCHAL-I","MAHANANDAPUR","MALDAHCHANCHALIMAHANANDAPUR","BC",TRUE,189.112,28.558,122.022,25.936,0.108,474.6,5,TRUE,189.112,5.24761337217333,1,"Malda|CHANCHAL-I","BC|Malda|2013","Malda|CHANCHAL-I|2013"
"Malda",2013,"CHANCHAL-I","MAKDAMPUR","MALDAHCHANCHALIMAKDAMPUR","BC",FALSE,115.92,30.04,65.856,11.39,0.152,329,5,TRUE,115.92,4.76148994024305,0,"Malda|CHANCHAL-I","BC|Malda|2013","Malda|CHANCHAL-I|2013"
"Malda",2013,"CHANCHAL-I","MOTIHARPUR","MALDAHCHANCHALIMOTIHARPUR","UR",TRUE,235.074,58.404,104.688,40.454,0.166,410,5,TRUE,235.074,5.46414531519819,1,"Malda|CHANCHAL-I","UR|Malda|2013","Malda|CHANCHAL-I|2013"
"Malda",2013,"ENGLISH BAZAR","AMRITI","MALDAHENGLISHBAZARAMRITI","BC",FALSE,129.164,30.146,34.304,61.912,0.16,388.4,5,TRUE,129.164,4.86879519384608,0,"Malda|ENGLISH BAZAR","BC|Malda|2013","Malda|ENGLISH BAZAR|2013"
"Malda",2013,"ENGLISH BAZAR","BINODPUR","MALDAHENGLISHBAZARBINODPUR","UR",TRUE,316.972,66.532,61.71,177.642,0.228,592,5,TRUE,316.972,5.76196332858906,1,"Malda|ENGLISH BAZAR","UR|Malda|2013","Malda|ENGLISH BAZAR|2013"
"Malda",2013,"ENGLISH BAZAR","FULBARIA","MALDAHENGLISHBAZARFULBARIA","UR",TRUE,127.748,58.16,41.436,22.376,0.028,304.8,5,TRUE,127.748,4.85785700544261,1,"Malda|ENGLISH BAZAR","UR|Malda|2013","Malda|ENGLISH BAZAR|2013"
"Malda",2013,"ENGLISH BAZAR","JADUPUR-I","MALDAHENGLISHBAZARJADUPURI","UR",TRUE,83.108,26.184,22.992,27.872,0.062,274,5,TRUE,83.108,4.43210168730619,1,"Malda|ENGLISH BAZAR","UR|Malda|2013","Malda|ENGLISH BAZAR|2013"
"Malda",2013,"ENGLISH BAZAR","JADUPUR-II","MALDAHENGLISHBAZARJADUPURII","ST",TRUE,180.688,51.856,58.302,55.328,0.168,377,5,TRUE,180.688,5.20229093029329,1,"Malda|ENGLISH BAZAR","ST|Malda|2013","Malda|ENGLISH BAZAR|2013"
"Malda",2013,"ENGLISH BAZAR","KAJIGRAM","MALDAHENGLISHBAZARKAJIGRAM","UR",FALSE,264.532,65.932,98.07,73.836,0.272,382.2,5,TRUE,264.532,5.58173536072613,0,"Malda|ENGLISH BAZAR","UR|Malda|2013","Malda|ENGLISH BAZAR|2013"
"Malda",2013,"ENGLISH BAZAR","KOTWALI","MALDAHENGLISHBAZARKOTWALI","SC",TRUE,129.244,28.378,27.218,39.468,0.028,250.6,5,TRUE,129.244,4.86940961431332,1,"Malda|ENGLISH BAZAR","SC|Malda|2013","Malda|ENGLISH BAZAR|2013"
"Malda",2013,"ENGLISH BAZAR","MAHADIPUR","MALDAHENGLISHBAZARMAHADIPUR","UR",FALSE,157.132,29.082,68.76,56.472,0.006,392.4,5,TRUE,157.132,5.06343012727666,0,"Malda|ENGLISH BAZAR","UR|Malda|2013","Malda|ENGLISH BAZAR|2013"
"Malda",2013,"ENGLISH BAZAR","MILKI","MALDAHENGLISHBAZARMILKI","SC",TRUE,495.542,115.352,107.572,246.762,0.104,801.6,5,TRUE,495.542,6.20766807205253,1,"Malda|ENGLISH BAZAR","SC|Malda|2013","Malda|ENGLISH BAZAR|2013"
"Malda",2013,"ENGLISH BAZAR","NARHATTA","MALDAHENGLISHBAZARNARHATTA","UR",FALSE,352.012,111.492,85.296,106.53,0.356,732.8,5,TRUE,352.012,5.86650205068978,0,"Malda|ENGLISH BAZAR","UR|Malda|2013","Malda|ENGLISH BAZAR|2013"
"Malda",2013,"ENGLISH BAZAR","SOVANAGAR","MALDAHENGLISHBAZARSOVANAGAR","UR",FALSE,167.624,44.998,32.658,83.366,0,751.4,5,TRUE,167.624,5.12767138419158,0,"Malda|ENGLISH BAZAR","UR|Malda|2013","Malda|ENGLISH BAZAR|2013"
"Malda",2013,"GAZOLE","ALAL","MALDAHGAZOLEALAL","BC",FALSE,174.422,79.958,28.112,49.478,2.276,676.8,5,TRUE,174.422,5.16719449966677,0,"Malda|GAZOLE","BC|Malda|2013","Malda|GAZOLE|2013"
"Malda",2013,"GAZOLE","BABUPUR","MALDAHGAZOLEBABUPUR","UR",FALSE,222.612,37.188,53.152,79.38,0.466,568.6,5,TRUE,222.612,5.40991240710388,0,"Malda|GAZOLE","UR|Malda|2013","Malda|GAZOLE|2013"
"Malda",2013,"GAZOLE","BAIRGACHHI-I","MALDAHGAZOLEBAIRGACHHII","BC",TRUE,125.94,26.644,43.884,41.918,0.028,454.8,5,TRUE,125.94,4.84371453387832,1,"Malda|GAZOLE","BC|Malda|2013","Malda|GAZOLE|2013"
"Malda",2013,"GAZOLE","BAIRGACHHI-II","MALDAHGAZOLEBAIRGACHHIII","UR",TRUE,134.61,47.392,18.102,39.014,2.886,659.2,5,TRUE,134.61,4.90978311909985,1,"Malda|GAZOLE","UR|Malda|2013","Malda|GAZOLE|2013"
"Malda",2013,"GAZOLE","CHAKNAGAR","MALDAHGAZOLECHAKNAGAR","SC",TRUE,137.516,68.614,36.236,24.306,0.002,449.4,5,TRUE,137.516,4.93098584242078,1,"Malda|GAZOLE","SC|Malda|2013","Malda|GAZOLE|2013"
"Malda",2013,"GAZOLE","DEOTALA","MALDAHGAZOLEDEOTALA","ST",FALSE,208.796,63.098,71.142,36.998,0.05,614.2,5,TRUE,208.796,5.34613563000351,0,"Malda|GAZOLE","ST|Malda|2013","Malda|GAZOLE|2013"
"Malda",2013,"GAZOLE","GAZOLE-I","MALDAHGAZOLEGAZOLEI","SC",TRUE,121.168,20.338,46.82,34.504,0.614,244,5,TRUE,121.168,4.80539714665088,1,"Malda|GAZOLE","SC|Malda|2013","Malda|GAZOLE|2013"
"Malda",2013,"GAZOLE","GAZOLE-II","MALDAHGAZOLEGAZOLEII","ST",FALSE,105.174,12.958,35.984,45.154,0.86,265,5,TRUE,105.174,4.66507925774198,0,"Malda|GAZOLE","ST|Malda|2013","Malda|GAZOLE|2013"
"Malda",2013,"GAZOLE","KARKACH","MALDAHGAZOLEKARKACH","UR",TRUE,92.006,30.92,30.61,23.116,0,414.2,5,TRUE,92.006,4.53266400720121,1,"Malda|GAZOLE","UR|Malda|2013","Malda|GAZOLE|2013"
"Malda",2013,"GAZOLE","MAJHRA","MALDAHGAZOLEMAJHRA","UR",FALSE,128.61,22.574,43.336,47.774,0.12,848.8,5,TRUE,128.61,4.86452994143528,0,"Malda|GAZOLE","UR|Malda|2013","Malda|GAZOLE|2013"
"Malda",2013,"GAZOLE","PANDUA","MALDAHGAZOLEPANDUA","SC",FALSE,256.694,37.964,141.428,54.634,0.428,461.6,5,TRUE,256.694,5.55177283450019,0,"Malda|GAZOLE","SC|Malda|2013","Malda|GAZOLE|2013"
"Malda",2013,"GAZOLE","RANIGANJ-I","MALDAHGAZOLERANIGANJI","SC",TRUE,147.946,47.602,41.498,45.776,0.188,321.8,5,TRUE,147.946,5.00358382414949,1,"Malda|GAZOLE","SC|Malda|2013","Malda|GAZOLE|2013"
"Malda",2013,"GAZOLE","RANIGANJ-II","MALDAHGAZOLERANIGANJII","UR",TRUE,149.994,53.016,32.94,32.4,0.124,261.6,5,TRUE,149.994,5.01724010092613,1,"Malda|GAZOLE","UR|Malda|2013","Malda|GAZOLE|2013"
"Malda",2013,"GAZOLE","SAHAJADPUR","MALDAHGAZOLESAHAJADPUR","BC",FALSE,101.268,25.706,29.838,34.702,0.026,276.2,5,TRUE,101.268,4.62759681854965,0,"Malda|GAZOLE","BC|Malda|2013","Malda|GAZOLE|2013"
"Malda",2013,"GAZOLE","SALAIDANGA","MALDAHGAZOLESALAIDANGA","SC",TRUE,234.924,73.97,48.572,67.948,0.248,561.8,5,TRUE,234.924,5.46350971926325,1,"Malda|GAZOLE","SC|Malda|2013","Malda|GAZOLE|2013"
"Malda",2013,"HABIBPUR","AIHO","MALDAHHABIBPURAIHO","BC",FALSE,102.192,30.506,36.448,33.072,0.208,315.4,5,TRUE,102.192,4.63659133066284,0,"Malda|HABIBPUR","BC|Malda|2013","Malda|HABIBPUR|2013"
"Malda",2013,"HABIBPUR","AKTAIL","MALDAHHABIBPURAKTAIL","UR",FALSE,275.462,110.358,50.688,96.986,0.74,688.8,5,TRUE,275.462,5.62207337932966,0,"Malda|HABIBPUR","UR|Malda|2013","Malda|HABIBPUR|2013"
"Malda",2013,"HABIBPUR","BAIDYAPUR","MALDAHHABIBPURBAIDYAPUR","SC",TRUE,155.286,46.812,33.024,55.732,0.206,352.2,5,TRUE,155.286,5.05168766207851,1,"Malda|HABIBPUR","SC|Malda|2013","Malda|HABIBPUR|2013"
"Malda",2013,"HABIBPUR","BULBULCHANDI","MALDAHHABIBPURBULBULCHANDI","ST",TRUE,222.168,75.334,75.504,60.194,0.066,871.2,5,TRUE,222.168,5.40792485105319,1,"Malda|HABIBPUR","ST|Malda|2013","Malda|HABIBPUR|2013"
"Malda",2013,"HABIBPUR","DHUMPUR","MALDAHHABIBPURDHUMPUR","UR",TRUE,121.302,25.574,43.15,36.06,0.038,262.4,5,TRUE,121.302,4.80649339578918,1,"Malda|HABIBPUR","UR|Malda|2013","Malda|HABIBPUR|2013"
"Malda",2013,"HABIBPUR","HABIBPUR","MALDAHHABIBPURHABIBPUR","UR",FALSE,359.576,87.664,86.764,156.488,0.738,929.4,5,TRUE,359.576,5.88770275281385,0,"Malda|HABIBPUR","UR|Malda|2013","Malda|HABIBPUR|2013"
"Malda",2013,"HABIBPUR","JAJAIL","MALDAHHABIBPURJAJAIL","UR",TRUE,133.49,34.402,44.722,40.036,0.622,973.8,5,TRUE,133.49,4.90148984683546,1,"Malda|HABIBPUR","UR|Malda|2013","Malda|HABIBPUR|2013"
"Malda",2013,"HABIBPUR","KANTURKA","MALDAHHABIBPURKANTURKA","ST",FALSE,187.638,48.976,55,69.232,1.056,713.4,5,TRUE,187.638,5.2398298345276,0,"Malda|HABIBPUR","ST|Malda|2013","Malda|HABIBPUR|2013"
"Malda",2013,"HABIBPUR","MANGALPUR","MALDAHHABIBPURMANGALPUR","ST",FALSE,148.144,30.922,40.454,62.974,0.026,676.8,5,TRUE,148.144,5.00491228219316,0,"Malda|HABIBPUR","ST|Malda|2013","Malda|HABIBPUR|2013"
"Malda",2013,"HABIBPUR","RISHIPUR","MALDAHHABIBPURRISHIPUR","UR",FALSE,301.518,68.842,103.316,90.614,0.026,673.8,5,TRUE,301.518,5.71214077983283,0,"Malda|HABIBPUR","UR|Malda|2013","Malda|HABIBPUR|2013"
"Malda",2013,"HABIBPUR","SREERAMPUR","MALDAHHABIBPURSREERAMPUR","SC",TRUE,143.922,33.964,40.2,61.064,0.658,549.6,5,TRUE,143.922,4.97619566664928,1,"Malda|HABIBPUR","SC|Malda|2013","Malda|HABIBPUR|2013"
"Malda",2013,"HARISHCHANDRAPUR-I","BARUI","MALDAHHARISHCHANDRAPURIBARUI","BC",TRUE,120.622,7.728,28.202,74.328,0.06,489.2,5,TRUE,120.622,4.80091787422046,1,"Malda|HARISHCHANDRAPUR-I","BC|Malda|2013","Malda|HARISHCHANDRAPUR-I|2013"
"Malda",2013,"HARISHCHANDRAPUR-I","BHINGOLE","MALDAHHARISHCHANDRAPURIBHINGOLE","UR",TRUE,176.278,17.586,72.724,42.274,10.19,591.4,5,TRUE,176.278,5.17771912190683,1,"Malda|HARISHCHANDRAPUR-I","UR|Malda|2013","Malda|HARISHCHANDRAPUR-I|2013"
"Malda",2013,"HARISHCHANDRAPUR-I","HARISHCHANDRAPUR","MALDAHHARISHCHANDRAPURIHARISHCHANDRAPUR","ST",FALSE,88.122,25.088,14.8,23.482,0.454,334.8,5,TRUE,88.122,4.49000621757887,0,"Malda|HARISHCHANDRAPUR-I","ST|Malda|2013","Malda|HARISHCHANDRAPUR-I|2013"
"Malda",2013,"HARISHCHANDRAPUR-II","DAULATPUR","MALDAHHARISHCHANDRAPURIIDAULATPUR","SC",TRUE,121.896,47.266,38.074,19.676,0,297,5,TRUE,121.896,4.81133846925633,1,"Malda|HARISHCHANDRAPUR-II","SC|Malda|2013","Malda|HARISHCHANDRAPUR-II|2013"
"Malda",2013,"HARISHCHANDRAPUR-II","DOULATNAGAR","MALDAHHARISHCHANDRAPURIIDOULATNAGAR","UR",FALSE,266.696,127.394,31.324,91.702,0.086,489.4,5,TRUE,266.696,5.58985200831531,0,"Malda|HARISHCHANDRAPUR-II","UR|Malda|2013","Malda|HARISHCHANDRAPUR-II|2013"
"Malda",2013,"HARISHCHANDRAPUR-II","ISLAMPUR","MALDAHHARISHCHANDRAPURIIISLAMPUR","SC",TRUE,206.004,116.494,43.652,38.56,0,450.4,5,TRUE,206.004,5.33273811675017,1,"Malda|HARISHCHANDRAPUR-II","SC|Malda|2013","Malda|HARISHCHANDRAPUR-II|2013"
"Malda",2013,"HARISHCHANDRAPUR-II","MALIOR-I","MALDAHHARISHCHANDRAPURIIMALIORI","UR",FALSE,110.552,45.892,5.226,51.962,0,378.6,5,TRUE,110.552,4.71449084989756,0,"Malda|HARISHCHANDRAPUR-II","UR|Malda|2013","Malda|HARISHCHANDRAPUR-II|2013"
"Malda",2013,"HARISHCHANDRAPUR-II","MALIOR-II","MALDAHHARISHCHANDRAPURIIMALIORII","UR",TRUE,168.384,52.902,24.918,76.346,0.672,356.8,5,TRUE,168.384,5.13216832675363,1,"Malda|HARISHCHANDRAPUR-II","UR|Malda|2013","Malda|HARISHCHANDRAPUR-II|2013"
"Malda",2013,"HARISHCHANDRAPUR-II","MASHALDAHA","MALDAHHARISHCHANDRAPURIIMASHALDAHA","BC",FALSE,167.89,84.614,19.786,42.774,0,414.8,5,TRUE,167.89,5.12924761542983,0,"Malda|HARISHCHANDRAPUR-II","BC|Malda|2013","Malda|HARISHCHANDRAPUR-II|2013"
"Malda",2013,"HARISHCHANDRAPUR-II","SADLICHAK","MALDAHHARISHCHANDRAPURIISADLICHAK","BC",TRUE,139.102,77.782,5.962,51.244,0,492.2,5,TRUE,139.102,4.94237072875855,1,"Malda|HARISHCHANDRAPUR-II","BC|Malda|2013","Malda|HARISHCHANDRAPUR-II|2013"
"Malda",2013,"HARISHCHANDRAPUR-II","SULTANNAGAR","MALDAHHARISHCHANDRAPURIISULTANNAGAR","SC",FALSE,60.248,29.388,7.872,17.88,0.684,255.8,5,TRUE,60.248,4.11493119583049,0,"Malda|HARISHCHANDRAPUR-II","SC|Malda|2013","Malda|HARISHCHANDRAPUR-II|2013"
"Malda",2013,"HARISHCHANDRAPUR-II","VALUKA","MALDAHHARISHCHANDRAPURIIVALUKA","BC",FALSE,155.534,53.038,34.238,51.944,0,329,5,TRUE,155.534,5.05327323878049,0,"Malda|HARISHCHANDRAPUR-II","BC|Malda|2013","Malda|HARISHCHANDRAPUR-II|2013"
"Malda",2013,"HARISHCHANDRAPUR-I","KUSIDHA","MALDAHHARISHCHANDRAPURIKUSIDHA","BC",FALSE,145.782,15.026,38.808,68.974,0.96,415.4,5,TRUE,145.782,4.98894849285867,0,"Malda|HARISHCHANDRAPUR-I","BC|Malda|2013","Malda|HARISHCHANDRAPUR-I|2013"
"Malda",2013,"HARISHCHANDRAPUR-I","MAHENDRAPUR","MALDAHHARISHCHANDRAPURIMAHENDRAPUR","SC",FALSE,112.066,17.728,26.698,58.632,0.242,514.2,5,TRUE,112.066,4.72797171900584,0,"Malda|HARISHCHANDRAPUR-I","SC|Malda|2013","Malda|HARISHCHANDRAPUR-I|2013"
"Malda",2013,"HARISHCHANDRAPUR-I","RASHIDABAD","MALDAHHARISHCHANDRAPURIRASHIDABAD","SC",FALSE,57.328,8.99,10.866,24.434,0.728,448,5,TRUE,57.328,4.06608225250413,0,"Malda|HARISHCHANDRAPUR-I","SC|Malda|2013","Malda|HARISHCHANDRAPUR-I|2013"
"Malda",2013,"HARISHCHANDRAPUR-I","TULSIHATTA","MALDAHHARISHCHANDRAPURITULSIHATTA","UR",FALSE,87.904,15.93,37.09,20.638,2.326,359.8,5,TRUE,87.904,4.48755713588335,0,"Malda|HARISHCHANDRAPUR-I","UR|Malda|2013","Malda|HARISHCHANDRAPUR-I|2013"
"Malda",2013,"KALIACHAK-I","ALINAGAR","MALDAHKALIACHAKIALINAGAR","SC",TRUE,23.172,1.002,3.054,16.918,0,105.4,5,TRUE,23.172,3.18519493849931,1,"Malda|KALIACHAK-I","SC|Malda|2013","Malda|KALIACHAK-I|2013"
"Malda",2013,"KALIACHAK-I","ALIPUR-I","MALDAHKALIACHAKIALIPURI","UR",FALSE,9.706,0.688,3.932,5.084,0,35.4,5,TRUE,9.706,2.37080433197119,0,"Malda|KALIACHAK-I","UR|Malda|2013","Malda|KALIACHAK-I|2013"
"Malda",2013,"KALIACHAK-I","ALIPUR-II","MALDAHKALIACHAKIALIPURII","BC",FALSE,30.39,9.694,7.378,13.27,0,76,5,TRUE,30.39,3.44648937085386,0,"Malda|KALIACHAK-I","BC|Malda|2013","Malda|KALIACHAK-I|2013"
"Malda",2013,"KALIACHAK-I","BAMONGRAM-MASHIMPUR","MALDAHKALIACHAKIBAMONGRAMMASHIMPUR","UR",FALSE,23.266,7.266,14.178,1.702,0.122,52.2,5,TRUE,23.266,3.18907619362968,0,"Malda|KALIACHAK-I","UR|Malda|2013","Malda|KALIACHAK-I|2013"
"Malda",2013,"KALIACHAK-I","GAYESHBARI","MALDAHKALIACHAKIGAYESHBARI","BC",TRUE,32.036,20.784,10.99,0.262,0,52.4,5,TRUE,32.036,3.49759787594847,1,"Malda|KALIACHAK-I","BC|Malda|2013","Malda|KALIACHAK-I|2013"
"Malda",2013,"KALIACHAK-II","BANGITOLA","MALDAHKALIACHAKIIBANGITOLA","SC",FALSE,95.42,20.028,14.816,32.29,24.762,679,5,TRUE,95.42,4.56871364897748,0,"Malda|KALIACHAK-II","SC|Malda|2013","Malda|KALIACHAK-II|2013"
"Malda",2013,"KALIACHAK-II","GANGAPRASAD","MALDAHKALIACHAKIIGANGAPRASAD","SC",FALSE,50.67,10.842,11.486,27.408,0.182,286.8,5,TRUE,50.67,3.94487734229909,0,"Malda|KALIACHAK-II","SC|Malda|2013","Malda|KALIACHAK-II|2013"
"Malda",2013,"KALIACHAK-II","HAMIDPUR","MALDAHKALIACHAKIIHAMIDPUR","BC",FALSE,61.036,10.882,22.596,23.972,0.22,267.8,5,TRUE,61.036,4.12771486169721,0,"Malda|KALIACHAK-II","BC|Malda|2013","Malda|KALIACHAK-II|2013"
"Malda",2013,"KALIACHAK-III","AKANDABARIA","MALDAHKALIACHAKIIIAKANDABARIA","UR",FALSE,63.968,35.716,4.746,8.722,0.906,239.8,5,TRUE,63.968,4.17389484098011,0,"Malda|KALIACHAK-III","UR|Malda|2013","Malda|KALIACHAK-III|2013"
"Malda",2013,"KALIACHAK-III","BAKHRABAD","MALDAHKALIACHAKIIIBAKHRABAD","UR",FALSE,78.854,32.244,3.982,25.576,0,251,5,TRUE,78.854,4.38019996733247,0,"Malda|KALIACHAK-III","UR|Malda|2013","Malda|KALIACHAK-III|2013"
"Malda",2013,"KALIACHAK-III","BEDRABAD","MALDAHKALIACHAKIIIBEDRABAD","UR",FALSE,22.406,3.812,3.412,11.384,0.098,244.8,5,TRUE,22.406,3.15299239975257,0,"Malda|KALIACHAK-III","UR|Malda|2013","Malda|KALIACHAK-III|2013"
"Malda",2013,"KALIACHAK-III","BEERNAGAR-I","MALDAHKALIACHAKIIIBEERNAGARI","SC",TRUE,43.812,0.186,0.794,6.554,29.222,599.4,5,TRUE,43.812,3.80247596069648,1,"Malda|KALIACHAK-III","SC|Malda|2013","Malda|KALIACHAK-III|2013"
"Malda",2013,"KALIACHAK-III","BEERNAGAR-II","MALDAHKALIACHAKIIIBEERNAGARII","UR",TRUE,13.508,1.066,3.096,4.254,0.078,158.4,5,TRUE,13.508,2.67470022142066,1,"Malda|KALIACHAK-III","UR|Malda|2013","Malda|KALIACHAK-III|2013"
"Malda",2013,"KALIACHAK-III","BHAGABANPUR","MALDAHKALIACHAKIIIBHAGABANPUR","UR",FALSE,53.768,11.446,3.108,29.424,0,322.8,5,TRUE,53.768,4.00310608178783,0,"Malda|KALIACHAK-III","UR|Malda|2013","Malda|KALIACHAK-III|2013"
"Malda",2013,"KALIACHAK-III","CHARIANANTAPUR","MALDAHKALIACHAKIIICHARIANANTAPUR","BC",FALSE,98.462,23.276,10.206,47.288,0.198,365.8,5,TRUE,98.462,4.59977566167078,0,"Malda|KALIACHAK-III","BC|Malda|2013","Malda|KALIACHAK-III|2013"
"Malda",2013,"KALIACHAK-III","GOLAPGANJ","MALDAHKALIACHAKIIIGOLAPGANJ","BC",TRUE,68.32,32.96,5.93,20.93,0.142,211.8,5,TRUE,68.32,4.2387334648474,1,"Malda|KALIACHAK-III","BC|Malda|2013","Malda|KALIACHAK-III|2013"
"Malda",2013,"KALIACHAK-III","KRISHNAPUR","MALDAHKALIACHAKIIIKRISHNAPUR","SC",FALSE,66.138,10.024,10.384,6.4,31.618,737,5,TRUE,66.138,4.20675020260656,0,"Malda|KALIACHAK-III","SC|Malda|2013","Malda|KALIACHAK-III|2013"
"Malda",2013,"KALIACHAK-III","KUMBHIRA","MALDAHKALIACHAKIIIKUMBHIRA","UR",TRUE,96.022,32.118,18.812,38.446,2.144,409.4,5,TRUE,96.022,4.57493775691093,1,"Malda|KALIACHAK-III","UR|Malda|2013","Malda|KALIACHAK-III|2013"
"Malda",2013,"KALIACHAK-III","LAKSHMIPUR","MALDAHKALIACHAKIIILAKSHMIPUR","UR",TRUE,108.088,5.058,8.62,43.8,38.042,932,5,TRUE,108.088,4.69215489595549,1,"Malda|KALIACHAK-III","UR|Malda|2013","Malda|KALIACHAK-III|2013"
"Malda",2013,"KALIACHAK-III","PARDEONAPUR-SOVAPUR","MALDAHKALIACHAKIIIPARDEONAPURSOVAPUR","UR",TRUE,236.124,92.73,99.72,2.1,34.456,1013.4,5,TRUE,236.124,5.46858321106126,1,"Malda|KALIACHAK-III","UR|Malda|2013","Malda|KALIACHAK-III|2013"
"Malda",2013,"KALIACHAK-III","SAHABAJPUR","MALDAHKALIACHAKIIISAHABAJPUR","SC",FALSE,53.694,10.486,3.002,15.968,0,255.8,5,TRUE,53.694,4.00175401419774,0,"Malda|KALIACHAK-III","SC|Malda|2013","Malda|KALIACHAK-III|2013"
"Malda",2013,"KALIACHAK-III","SAHABANCHAK","MALDAHKALIACHAKIIISAHABANCHAK","UR",TRUE,30.192,5.108,1.696,14.872,0.164,289.2,5,TRUE,30.192,3.4401616516803,1,"Malda|KALIACHAK-III","UR|Malda|2013","Malda|KALIACHAK-III|2013"
"Malda",2013,"KALIACHAK-II","MOTHABARI","MALDAHKALIACHAKIIMOTHABARI","UR",TRUE,147.116,18.466,7.496,94.674,0.572,390.6,5,TRUE,147.116,4.99799575054979,1,"Malda|KALIACHAK-II","UR|Malda|2013","Malda|KALIACHAK-II|2013"
"Malda",2013,"KALIACHAK-II","RAJNAGAR","MALDAHKALIACHAKIIRAJNAGAR","UR",FALSE,53.196,10.68,13.188,27.094,0.06,191.2,5,TRUE,53.196,3.99260710498418,0,"Malda|KALIACHAK-II","UR|Malda|2013","Malda|KALIACHAK-II|2013"
"Malda",2013,"KALIACHAK-II","RATHBARI","MALDAHKALIACHAKIIRATHBARI","BC",TRUE,102.766,31.566,18.706,48.85,0.046,294,5,TRUE,102.766,4.64213836408808,1,"Malda|KALIACHAK-II","BC|Malda|2013","Malda|KALIACHAK-II|2013"
"Malda",2013,"KALIACHAK-II","UTTAR LAKSHMIPUR","MALDAHKALIACHAKIIUTTARLAKSHMIPUR","BC",TRUE,128.798,25.586,14.084,74.756,3.218,281.6,5,TRUE,128.798,4.86597939583079,1,"Malda|KALIACHAK-II","BC|Malda|2013","Malda|KALIACHAK-II|2013"
"Malda",2013,"KALIACHAK-II","UTTAR PACHANANDAPUR-II","MALDAHKALIACHAKIIUTTARPACHANANDAPURII","UR",FALSE,219.818,51.73,31.982,90.046,9.05,401.8,5,TRUE,219.818,5.39733883281935,0,"Malda|KALIACHAK-II","UR|Malda|2013","Malda|KALIACHAK-II|2013"
"Malda",2013,"KALIACHAK-II","UTTAR PANCHANANDAPUR-I","MALDAHKALIACHAKIIUTTARPANCHANANDAPURI","UR",TRUE,285.76,42.81,96.726,102.25,3.198,468.6,5,TRUE,285.76,5.65864562898467,1,"Malda|KALIACHAK-II","UR|Malda|2013","Malda|KALIACHAK-II|2013"
"Malda",2013,"KALIACHAK-I","JALALPUR","MALDAHKALIACHAKIJALALPUR","UR",FALSE,52.01,14.164,12.036,17.964,0,103.6,5,TRUE,52.01,3.97048057499971,0,"Malda|KALIACHAK-I","UR|Malda|2013","Malda|KALIACHAK-I|2013"
"Malda",2013,"KALIACHAK-I","JALUABADHAL","MALDAHKALIACHAKIJALUABADHAL","UR",FALSE,150.554,44.116,19.968,73.816,0,251,5,TRUE,150.554,5.0209419970849,0,"Malda|KALIACHAK-I","UR|Malda|2013","Malda|KALIACHAK-I|2013"
"Malda",2013,"KALIACHAK-I","KALIACHAK-I","MALDAHKALIACHAKIKALIACHAKI","UR",TRUE,14.186,2.534,2.836,8.814,0,34.4,5,TRUE,14.186,2.72037395079104,1,"Malda|KALIACHAK-I","UR|Malda|2013","Malda|KALIACHAK-I|2013"
"Malda",2013,"KALIACHAK-I","KALIACHAK-II","MALDAHKALIACHAKIKALIACHAKII","UR",TRUE,35.332,9.606,7.276,15.164,0,56,5,TRUE,35.332,3.59269889563997,1,"Malda|KALIACHAK-I","UR|Malda|2013","Malda|KALIACHAK-I|2013"
"Malda",2013,"KALIACHAK-I","MOZAMPUR","MALDAHKALIACHAKIMOZAMPUR","UR",TRUE,43.738,29.282,9.856,3.204,0,78,5,TRUE,43.738,3.80082325233592,1,"Malda|KALIACHAK-I","UR|Malda|2013","Malda|KALIACHAK-I|2013"
"Malda",2013,"KALIACHAK-I","NAODA-JADUPUR","MALDAHKALIACHAKINAODAJADUPUR","UR",TRUE,31.022,7.994,9.112,13.906,0.008,96.6,5,TRUE,31.022,3.46642316657986,1,"Malda|KALIACHAK-I","UR|Malda|2013","Malda|KALIACHAK-I|2013"
"Malda",2013,"KALIACHAK-I","SILAMPUR-I","MALDAHKALIACHAKISILAMPURI","SC",FALSE,28.162,2.154,7.024,17.952,0.386,91,5,TRUE,28.162,3.37286649189409,0,"Malda|KALIACHAK-I","SC|Malda|2013","Malda|KALIACHAK-I|2013"
"Malda",2013,"KALIACHAK-I","SILAMPUR-II","MALDAHKALIACHAKISILAMPURII","UR",FALSE,14.512,0.376,3.544,9.986,0,57.2,5,TRUE,14.512,2.74161391794035,0,"Malda|KALIACHAK-I","UR|Malda|2013","Malda|KALIACHAK-I|2013"
"Malda",2013,"KALIACHAK-I","SUJAPUR","MALDAHKALIACHAKISUJAPUR","UR",TRUE,13.252,2.498,2.664,7.784,0,41.4,5,TRUE,13.252,2.65689724774359,1,"Malda|KALIACHAK-I","UR|Malda|2013","Malda|KALIACHAK-I|2013"
"Malda",2013,"MANIKCHAK","CHOWKI MIRDADPUR","MALDAHMANIKCHAKCHOWKIMIRDADPUR","UR",FALSE,91.872,15.122,30.662,31.426,0.87,402.8,5,TRUE,91.872,4.53122220103573,0,"Malda|MANIKCHAK","UR|Malda|2013","Malda|MANIKCHAK|2013"
"Malda",2013,"MANIKCHAK","DAKSHIN CHANDIPUR","MALDAHMANIKCHAKDAKSHINCHANDIPUR","SC",FALSE,213.146,101.172,58.68,29.382,20.556,762.4,5,TRUE,213.146,5.36665802539055,0,"Malda|MANIKCHAK","SC|Malda|2013","Malda|MANIKCHAK|2013"
"Malda",2013,"MANIKCHAK","DHARAMPUR","MALDAHMANIKCHAKDHARAMPUR","UR",TRUE,191.716,48.432,28.124,53.706,3.02,761.4,5,TRUE,191.716,5.26121760259101,1,"Malda|MANIKCHAK","UR|Malda|2013","Malda|MANIKCHAK|2013"
"Malda",2013,"MANIKCHAK","ENAYETPUR","MALDAHMANIKCHAKENAYETPUR","UR",TRUE,73.772,19.526,10.346,40.902,0.186,276.4,5,TRUE,73.772,4.31444348335009,1,"Malda|MANIKCHAK","UR|Malda|2013","Malda|MANIKCHAK|2013"
"Malda",2013,"MANIKCHAK","GOPALPUR","MALDAHMANIKCHAKGOPALPUR","BC",FALSE,274.57,101.042,44.32,74.634,28.186,1265.2,5,TRUE,274.57,5.6188416798038,0,"Malda|MANIKCHAK","BC|Malda|2013","Malda|MANIKCHAK|2013"
"Malda",2013,"MANIKCHAK","HEERANANDAPUR","MALDAHMANIKCHAKHEERANANDAPUR","UR",TRUE,183.31,39.142,77.034,19.366,38.114,1043,5,TRUE,183.31,5.21661912256353,1,"Malda|MANIKCHAK","UR|Malda|2013","Malda|MANIKCHAK|2013"
"Malda",2013,"MANIKCHAK","MANIKCHAK","MALDAHMANIKCHAKMANIKCHAK","BC",TRUE,236.108,29.91,62.564,105.318,0.202,850.6,5,TRUE,236.108,5.46851573353968,1,"Malda|MANIKCHAK","BC|Malda|2013","Malda|MANIKCHAK|2013"
"Malda",2013,"MANIKCHAK","MATHURAPUR","MALDAHMANIKCHAKMATHURAPUR","UR",FALSE,149.094,11.952,25.852,85.136,15.108,820.6,5,TRUE,149.094,5.01126176448936,0,"Malda|MANIKCHAK","UR|Malda|2013","Malda|MANIKCHAK|2013"
"Malda",2013,"MANIKCHAK","NAZEERPUR","MALDAHMANIKCHAKNAZEERPUR","UR",TRUE,140.876,37.622,55.304,39.526,0.09,325.6,5,TRUE,140.876,4.95495343666898,1,"Malda|MANIKCHAK","UR|Malda|2013","Malda|MANIKCHAK|2013"
"Malda",2013,"MANIKCHAK","NURPUR","MALDAHMANIKCHAKNURPUR","SC",TRUE,128.732,48.128,40.62,23.448,0.426,362,5,TRUE,128.732,4.86547078409863,1,"Malda|MANIKCHAK","SC|Malda|2013","Malda|MANIKCHAK|2013"
"Malda",2013,"MANIKCHAK","UTTAR CHANDIPUR","MALDAHMANIKCHAKUTTARCHANDIPUR","UR",FALSE,130.204,34.838,16.556,33.618,32.484,1208.6,5,TRUE,130.204,4.87675336385012,0,"Malda|MANIKCHAK","UR|Malda|2013","Malda|MANIKCHAK|2013"
"Malda",2013,"OLD MALDA","BHABUK","MALDAHOLDMALDABHABUK","UR",TRUE,138.772,61.124,33.336,37.78,1.626,417.8,5,TRUE,138.772,4.94001252361673,1,"Malda|OLD MALDA","UR|Malda|2013","Malda|OLD MALDA|2013"
"Malda",2013,"OLD MALDA","JATRADANGA","MALDAHOLDMALDAJATRADANGA","SC",TRUE,123.882,48.076,40.584,8.012,1.392,334,5,TRUE,123.882,4.82736929145369,1,"Malda|OLD MALDA","SC|Malda|2013","Malda|OLD MALDA|2013"
"Malda",2013,"OLD MALDA","MAHISBATHANI","MALDAHOLDMALDAMAHISBATHANI","BC",FALSE,163.418,96.852,29.778,11.408,4.438,204.4,5,TRUE,163.418,5.10241196567969,0,"Malda|OLD MALDA","BC|Malda|2013","Malda|OLD MALDA|2013"
"Malda",2013,"OLD MALDA","MANGALBARI","MALDAHOLDMALDAMANGALBARI","BC",FALSE,179.988,50.184,29.418,31.266,1.688,348.8,5,TRUE,179.988,5.19843073072545,0,"Malda|OLD MALDA","BC|Malda|2013","Malda|OLD MALDA|2013"
"Malda",2013,"OLD MALDA","MUCHIA","MALDAHOLDMALDAMUCHIA","UR",FALSE,71.032,39.224,24.35,1.766,0.006,263.4,5,TRUE,71.032,4.27711046472432,0,"Malda|OLD MALDA","UR|Malda|2013","Malda|OLD MALDA|2013"
"Malda",2013,"OLD MALDA","SAHAPUR","MALDAHOLDMALDASAHAPUR","SC",TRUE,64.988,13.626,18.712,17.24,0.442,297.8,5,TRUE,64.988,4.18947290731368,1,"Malda|OLD MALDA","SC|Malda|2013","Malda|OLD MALDA|2013"
"Malda",2013,"RATUA-I","BAHARAL","MALDAHRATUAIBAHARAL","UR",FALSE,177.998,143.646,8.958,8.544,0.098,210.6,5,TRUE,177.998,5.18737463259398,0,"Malda|RATUA-I","UR|Malda|2013","Malda|RATUA-I|2013"
"Malda",2013,"RATUA-I","BHADO","MALDAHRATUAIBHADO","UR",FALSE,136.68,49.596,26.172,39.33,0.338,275,5,TRUE,136.68,4.92493215190328,0,"Malda|RATUA-I","UR|Malda|2013","Malda|RATUA-I|2013"
"Malda",2013,"RATUA-I","BILAIMARI","MALDAHRATUAIBILAIMARI","SC",TRUE,249.796,115.914,30.224,20.848,61.528,1316,5,TRUE,249.796,5.52463985966826,1,"Malda|RATUA-I","SC|Malda|2013","Malda|RATUA-I|2013"
"Malda",2013,"RATUA-I","CHANDMONI-I","MALDAHRATUAICHANDMONII","UR",FALSE,131.088,46.572,16.012,44.852,0.008,376.8,5,TRUE,131.088,4.88346836712953,0,"Malda|RATUA-I","UR|Malda|2013","Malda|RATUA-I|2013"
"Malda",2013,"RATUA-I","CHANDMONI-II","MALDAHRATUAICHANDMONIII","SC",FALSE,116.744,54.658,24.702,6.29,0,215.8,5,TRUE,116.744,4.76851277618424,0,"Malda|RATUA-I","SC|Malda|2013","Malda|RATUA-I|2013"
"Malda",2013,"RATUA-I","DEBIPUR","MALDAHRATUAIDEBIPUR","BC",FALSE,98.888,10.646,23.24,55.926,0.216,280.4,5,TRUE,98.888,4.60404955831939,0,"Malda|RATUA-I","BC|Malda|2013","Malda|RATUA-I|2013"
"Malda",2013,"RATUA-II","ARAIDANGA","MALDAHRATUAIIARAIDANGA","UR",FALSE,67.556,28.078,12.646,16.87,0.102,183.4,5,TRUE,67.556,4.22765092953033,0,"Malda|RATUA-II","UR|Malda|2013","Malda|RATUA-II|2013"
"Malda",2013,"RATUA-II","MAHARAJPUR","MALDAHRATUAIIMAHARAJPUR","UR",FALSE,59.384,9.152,17.568,18.388,0.582,253.6,5,TRUE,59.384,4.10072416918614,0,"Malda|RATUA-II","UR|Malda|2013","Malda|RATUA-II|2013"
"Malda",2013,"RATUA-II","PARANPUR","MALDAHRATUAIIPARANPUR","UR",TRUE,35.078,22.624,7.258,2.548,0.19,160.6,5,TRUE,35.078,3.58568326128549,1,"Malda|RATUA-II","UR|Malda|2013","Malda|RATUA-II|2013"
"Malda",2013,"RATUA-II","PEERGANJ","MALDAHRATUAIIPEERGANJ","SC",TRUE,24.126,3.626,8.902,8.26,0.018,148,5,TRUE,24.126,3.22390316658223,1,"Malda|RATUA-II","SC|Malda|2013","Malda|RATUA-II|2013"
"Malda",2013,"RATUA-II","PUKHURIA","MALDAHRATUAIIPUKHURIA","UR",TRUE,156.028,36.928,13.28,101.074,0,506.2,5,TRUE,156.028,5.05642413339596,1,"Malda|RATUA-II","UR|Malda|2013","Malda|RATUA-II|2013"
"Malda",2013,"RATUA-II","SAMBALPUR","MALDAHRATUAIISAMBALPUR","BC",FALSE,120.95,39.11,11.992,56.666,0.366,485,5,TRUE,120.95,4.80361112466193,0,"Malda|RATUA-II","BC|Malda|2013","Malda|RATUA-II|2013"
"Malda",2013,"RATUA-II","SREEPUR-I","MALDAHRATUAIISREEPURI","UR",FALSE,107.59,60.494,8.964,16.102,0.262,263.4,5,TRUE,107.59,4.68757932222881,0,"Malda|RATUA-II","UR|Malda|2013","Malda|RATUA-II|2013"
"Malda",2013,"RATUA-II","SREEPUR-II","MALDAHRATUAIISREEPURII","UR",TRUE,164.988,59.564,29.97,64.172,0.116,465.8,5,TRUE,164.988,5.11191549658693,1,"Malda|RATUA-II","UR|Malda|2013","Malda|RATUA-II|2013"
"Malda",2013,"RATUA-I","KAHALA","MALDAHRATUAIKAHALA","SC",TRUE,72.472,9.026,26.466,20.322,0.184,162.8,5,TRUE,72.472,4.29690438125705,1,"Malda|RATUA-I","SC|Malda|2013","Malda|RATUA-I|2013"
"Malda",2013,"RATUA-I","MAHANANDATOLA","MALDAHRATUAIMAHANANDATOLA","BC",FALSE,146.542,43.388,25.098,22.704,46.686,1182.4,5,TRUE,146.542,4.99411288101021,0,"Malda|RATUA-I","BC|Malda|2013","Malda|RATUA-I|2013"
"Malda",2013,"RATUA-I","RATUA","MALDAHRATUAIRATUA","UR",TRUE,83.988,36.486,14.058,26.33,0,173,5,TRUE,83.988,4.44251007005339,1,"Malda|RATUA-I","UR|Malda|2013","Malda|RATUA-I|2013"
"Malda",2013,"RATUA-I","SAMSI","MALDAHRATUAISAMSI","UR",TRUE,158.162,76.1,35.864,17.888,0,306,5,TRUE,158.162,5.06992255145113,1,"Malda|RATUA-I","UR|Malda|2013","Malda|RATUA-I|2013"
"Nadia",2013,"CHAKDAH","CHANDURIA-I","NADIACHAKDAHCHANDURIAI","BC",TRUE,133.414,45.04,61.718,6.17,5.116,261.8,5,TRUE,133.414,4.90092458933074,1,"Nadia|CHAKDAH","BC|Nadia|2013","Nadia|CHAKDAH|2013"
"Nadia",2018,"CHAKDAH","CHANDURIA-I","NADIACHAKDAHCHANDURIAI","SC",FALSE,60.945,13.425,12.87,31.7425,2.56,362.5,4,TRUE,60.945,4.1262468945677,0,"Nadia|CHAKDAH","SC|Nadia|2018","Nadia|CHAKDAH|2018"
"Nadia",2013,"CHAKDAH","CHANDURIA-II","NADIACHAKDAHCHANDURIAII","UR",TRUE,89.32,70.564,6.42,7.394,1.68,234.2,5,TRUE,89.32,4.50335891984141,1,"Nadia|CHAKDAH","UR|Nadia|2013","Nadia|CHAKDAH|2013"
"Nadia",2013,"CHAKDAH","DEWLI","NADIACHAKDAHDEWLI","UR",FALSE,293.73,88.834,144.482,7.48,12.564,326.6,5,TRUE,293.73,5.68605968300163,0,"Nadia|CHAKDAH","UR|Nadia|2013","Nadia|CHAKDAH|2013"
"Nadia",2018,"CHAKDAH","DEWLI","NADIACHAKDAHDEWLI","SC",FALSE,162.8775,13.275,73.615,69.1225,4.5,572,4,TRUE,162.8775,5.09911919749763,0,"Nadia|CHAKDAH","SC|Nadia|2018","Nadia|CHAKDAH|2018"
"Nadia",2013,"CHAKDAH","DUBRA","NADIACHAKDAHDUBRA","UR",TRUE,237.366,44.566,57.68,9.59,12.354,458.4,5,TRUE,237.366,5.4738073075707,1,"Nadia|CHAKDAH","UR|Nadia|2013","Nadia|CHAKDAH|2013"
"Nadia",2018,"CHAKDAH","DUBRA","NADIACHAKDAHDUBRA","UR",TRUE,93.87,3.7175,26.1275,62.8925,1.02,451.5,4,TRUE,93.87,4.55250753340479,1,"Nadia|CHAKDAH","UR|Nadia|2018","Nadia|CHAKDAH|2018"
"Nadia",2013,"CHAKDAH","GHETUGACHHI","NADIACHAKDAHGHETUGACHHI","UR",FALSE,196.19,67.628,69.626,14.108,3.926,275.6,5,TRUE,196.19,5.28416773094359,0,"Nadia|CHAKDAH","UR|Nadia|2013","Nadia|CHAKDAH|2013"
"Nadia",2018,"CHAKDAH","GHETUGACHHI","NADIACHAKDAHGHETUGACHHI","ST",TRUE,154.14,11.5275,18.3625,119.1275,5.0925,957.5,4,TRUE,154.14,5.04432793506273,1,"Nadia|CHAKDAH","ST|Nadia|2018","Nadia|CHAKDAH|2018"
"Nadia",2013,"CHAKDAH","HINGNARA","NADIACHAKDAHHINGNARA","SC",TRUE,295.406,57.892,95.466,8.382,9.158,550.2,5,TRUE,295.406,5.69173013613203,1,"Nadia|CHAKDAH","SC|Nadia|2013","Nadia|CHAKDAH|2013"
"Nadia",2018,"CHAKDAH","HINGNARA","NADIACHAKDAHHINGNARA","UR",TRUE,115.48,19.9425,29.835,64.94,0.705,420,4,TRUE,115.48,4.75771958444838,1,"Nadia|CHAKDAH","UR|Nadia|2018","Nadia|CHAKDAH|2018"
"Nadia",2013,"CHAKDAH","KANCHARAPARA","NADIACHAKDAHKANCHARAPARA","UR",TRUE,257.254,120.582,59.66,8.198,9.688,248.2,5,TRUE,257.254,5.55394359674717,1,"Nadia|CHAKDAH","UR|Nadia|2013","Nadia|CHAKDAH|2013"
"Nadia",2013,"CHAKDAH","MADANPUR-I","NADIACHAKDAHMADANPURI","SC",TRUE,148.71,46.938,58.418,7.736,18.736,364.4,5,TRUE,148.71,5.00870008946175,1,"Nadia|CHAKDAH","SC|Nadia|2013","Nadia|CHAKDAH|2013"
"Nadia",2013,"CHAKDAH","MADANPUR-II","NADIACHAKDAHMADANPURII","UR",FALSE,164.366,71.026,55.9,7.122,10.86,274.6,5,TRUE,164.366,5.10816119918549,0,"Nadia|CHAKDAH","UR|Nadia|2013","Nadia|CHAKDAH|2013"
"Nadia",2013,"CHAKDAH","RAUTARI","NADIACHAKDAHRAUTARI","UR",TRUE,129.004,45.332,65.934,6.202,4.766,248.2,5,TRUE,129.004,4.86756521921299,1,"Nadia|CHAKDAH","UR|Nadia|2013","Nadia|CHAKDAH|2013"
"Nadia",2018,"CHAKDAH","RAUTARI","NADIACHAKDAHRAUTARI","UR",FALSE,46.5675,1.905,11.37,32.3075,0.9725,367.25,4,TRUE,46.5675,3.86214975493242,0,"Nadia|CHAKDAH","UR|Nadia|2018","Nadia|CHAKDAH|2018"
"Nadia",2013,"CHAKDAH","SAGUNA","NADIACHAKDAHSAGUNA","UR",TRUE,118.136,26.962,62.674,7.198,2.368,202.2,5,TRUE,118.136,4.78026569769031,1,"Nadia|CHAKDAH","UR|Nadia|2013","Nadia|CHAKDAH|2013"
"Nadia",2013,"CHAKDAH","SARATI","NADIACHAKDAHSARATI","SC",FALSE,153.75,67.912,44.434,7.25,4.1,293.4,5,TRUE,153.75,5.04181091156471,0,"Nadia|CHAKDAH","SC|Nadia|2013","Nadia|CHAKDAH|2013"
"Nadia",2013,"CHAKDAH","SILINDA-I","NADIACHAKDAHSILINDAI","SC",TRUE,144.796,26.964,51.316,7.704,12.606,252.4,5,TRUE,144.796,4.98220838435597,1,"Nadia|CHAKDAH","SC|Nadia|2013","Nadia|CHAKDAH|2013"
"Nadia",2018,"CHAKDAH","SILINDA-I","NADIACHAKDAHSILINDAI","BC",TRUE,88.16,4.565,34.875,44.5,2.395,438,4,TRUE,88.16,4.49043250851767,1,"Nadia|CHAKDAH","BC|Nadia|2018","Nadia|CHAKDAH|2018"
"Nadia",2013,"CHAKDAH","SILINDA-II","NADIACHAKDAHSILINDAII","SC",FALSE,109.742,35.752,25.662,1.814,7.48,163.8,5,TRUE,109.742,4.70720317155321,0,"Nadia|CHAKDAH","SC|Nadia|2013","Nadia|CHAKDAH|2013"
"Nadia",2018,"CHAKDAH","SILINDA-II","NADIACHAKDAHSILINDAII","UR",TRUE,57.9,2.41,13.2475,37.9475,1.7775,195,4,TRUE,57.9,4.07584109065754,1,"Nadia|CHAKDAH","UR|Nadia|2018","Nadia|CHAKDAH|2018"
"Nadia",2013,"CHAKDAH","SIMURALI","NADIACHAKDAHSIMURALI","UR",FALSE,151.874,31.55,92.444,6.182,6.288,235.6,5,TRUE,151.874,5.02961405269404,0,"Nadia|CHAKDAH","UR|Nadia|2013","Nadia|CHAKDAH|2013"
"Nadia",2013,"CHAKDAH","TATLA-I","NADIACHAKDAHTATLAI","SC",FALSE,243.608,49.678,99.51,13.182,7.816,319.4,5,TRUE,243.608,5.49965692917775,0,"Nadia|CHAKDAH","SC|Nadia|2013","Nadia|CHAKDAH|2013"
"Nadia",2018,"CHAKDAH","TATLA-I","NADIACHAKDAHTATLAI","UR",FALSE,124.7225,9.265,22.385,84.7725,7.2,487,4,TRUE,124.7225,4.83407709719141,0,"Nadia|CHAKDAH","UR|Nadia|2018","Nadia|CHAKDAH|2018"
"Nadia",2013,"CHAKDAH","TATLA-II","NADIACHAKDAHTATLAII","UR",FALSE,161.622,42.576,87.14,12.684,7.932,340.8,5,TRUE,161.622,5.09142848931432,0,"Nadia|CHAKDAH","UR|Nadia|2013","Nadia|CHAKDAH|2013"
"Nadia",2018,"CHAKDAH","TATLA-II","NADIACHAKDAHTATLAII","SC",FALSE,43.0375,4.055,20.055,14.255,4.2475,304.5,4,TRUE,43.0375,3.78504154366736,0,"Nadia|CHAKDAH","SC|Nadia|2018","Nadia|CHAKDAH|2018"
"Nadia",2013,"CHAPRA","ALFA","NADIACHAPRAALFA","UR",FALSE,109.922,33.08,51.822,11.012,1.1,356,5,TRUE,109.922,4.70882725159836,0,"Nadia|CHAPRA","UR|Nadia|2013","Nadia|CHAPRA|2013"
"Nadia",2018,"CHAPRA","ALFA","NADIACHAPRAALFA","SC",TRUE,133.495,49.57,21.695,62.2325,0,754,4,TRUE,133.495,4.90152702362971,1,"Nadia|CHAPRA","SC|Nadia|2018","Nadia|CHAPRA|2018"
"Nadia",2013,"CHAPRA","BAGBERIA","NADIACHAPRABAGBERIA","UR",TRUE,101.944,63.326,26.922,6.884,2.364,198.4,5,TRUE,101.944,4.63418515105662,1,"Nadia|CHAPRA","UR|Nadia|2013","Nadia|CHAPRA|2013"
"Nadia",2018,"CHAPRA","BAGBERIA","NADIACHAPRABAGBERIA","SC",TRUE,87.3575,34.06,37.4725,15.8175,0,327.75,4,TRUE,87.3575,4.48139108480625,1,"Nadia|CHAPRA","SC|Nadia|2018","Nadia|CHAPRA|2018"
"Nadia",2013,"CHAPRA","BRITTIHUDA","NADIACHAPRABRITTIHUDA","UR",TRUE,163.02,45.08,81,20.112,1.716,327.4,5,TRUE,163.02,5.09998837160826,1,"Nadia|CHAPRA","UR|Nadia|2013","Nadia|CHAPRA|2013"
"Nadia",2018,"CHAPRA","BRITTIHUDA","NADIACHAPRABRITTIHUDA","BC",FALSE,133.4075,25.49,34.3125,71.8325,0.5325,796.25,4,TRUE,133.4075,4.90087623010352,0,"Nadia|CHAPRA","BC|Nadia|2018","Nadia|CHAPRA|2018"
"Nadia",2013,"CHAPRA","CHAPRA-I","NADIACHAPRACHAPRAI","BC",FALSE,146.456,30.408,72.904,12.388,0.68,273,5,TRUE,146.456,4.99352982619332,0,"Nadia|CHAPRA","BC|Nadia|2013","Nadia|CHAPRA|2013"
"Nadia",2018,"CHAPRA","CHAPRA-I","NADIACHAPRACHAPRAI","SC",TRUE,78.025,5.255,51.22,21.5425,0,414,4,TRUE,78.025,4.36976425810168,1,"Nadia|CHAPRA","SC|Nadia|2018","Nadia|CHAPRA|2018"
"Nadia",2013,"CHAPRA","CHAPRA-II","NADIACHAPRACHAPRAII","UR",FALSE,227.15,37.38,79.322,10.342,0.854,432.8,5,TRUE,227.15,5.43000330737341,0,"Nadia|CHAPRA","UR|Nadia|2013","Nadia|CHAPRA|2013"
"Nadia",2018,"CHAPRA","CHAPRA-II","NADIACHAPRACHAPRAII","BC",FALSE,248.2125,77.81,61.9575,108.2225,0,662.75,4,TRUE,248.2125,5.51830594616894,0,"Nadia|CHAPRA","BC|Nadia|2018","Nadia|CHAPRA|2018"
"Nadia",2013,"CHAPRA","HATISALA-I","NADIACHAPRAHATISALAI","BC",TRUE,229.96,111.384,86,13.822,8.478,417,5,TRUE,229.96,5.44224453535468,1,"Nadia|CHAPRA","BC|Nadia|2013","Nadia|CHAPRA|2013"
"Nadia",2018,"CHAPRA","HATISALA-I","NADIACHAPRAHATISALAI","UR",FALSE,66.705,22.0125,9.6125,35.01,0,552.75,4,TRUE,66.705,4.21516003243479,0,"Nadia|CHAPRA","UR|Nadia|2018","Nadia|CHAPRA|2018"
"Nadia",2013,"CHAPRA","HATISALA-II","NADIACHAPRAHATISALAII","SC",FALSE,132.15,33.096,50.358,14.59,10.526,338.8,5,TRUE,132.15,4.89147631225994,0,"Nadia|CHAPRA","SC|Nadia|2013","Nadia|CHAPRA|2013"
"Nadia",2018,"CHAPRA","HATISALA-II","NADIACHAPRAHATISALAII","UR",TRUE,90.69,8.985,27.2825,50.48,0.3625,754.25,4,TRUE,90.69,4.51841332206181,1,"Nadia|CHAPRA","UR|Nadia|2018","Nadia|CHAPRA|2018"
"Nadia",2013,"CHAPRA","HATKHOLA","NADIACHAPRAHATKHOLA","SC",TRUE,118.724,47.768,39.104,15.086,2.56,350.6,5,TRUE,118.724,4.78518909371937,1,"Nadia|CHAPRA","SC|Nadia|2013","Nadia|CHAPRA|2013"
"Nadia",2018,"CHAPRA","HATKHOLA","NADIACHAPRAHATKHOLA","UR",FALSE,81.165,7.0675,24.1475,46.2625,0,562.25,4,TRUE,81.165,4.40872942063325,0,"Nadia|CHAPRA","UR|Nadia|2018","Nadia|CHAPRA|2018"
"Nadia",2013,"CHAPRA","HRIDAYPUR","NADIACHAPRAHRIDAYPUR","UR",TRUE,411.494,242.164,154.6,9.804,0.662,616.6,5,TRUE,411.494,6.0222216602144,1,"Nadia|CHAPRA","UR|Nadia|2013","Nadia|CHAPRA|2013"
"Nadia",2018,"CHAPRA","HRIDAYPUR","NADIACHAPRAHRIDAYPUR","SC",FALSE,266.7025,75.035,135.915,55,0,1080.75,4,TRUE,266.7025,5.5898762892948,0,"Nadia|CHAPRA","SC|Nadia|2018","Nadia|CHAPRA|2018"
"Nadia",2013,"CHAPRA","KALINGA","NADIACHAPRAKALINGA","SC",TRUE,167.682,81.58,64.378,15.174,0.608,398.8,5,TRUE,167.682,5.12801528557828,1,"Nadia|CHAPRA","SC|Nadia|2013","Nadia|CHAPRA|2013"
"Nadia",2018,"CHAPRA","KALINGA","NADIACHAPRAKALINGA","UR",TRUE,175.2025,49.69,84.3875,41.125,0,683,4,TRUE,175.2025,5.17163390182367,1,"Nadia|CHAPRA","UR|Nadia|2018","Nadia|CHAPRA|2018"
"Nadia",2013,"CHAPRA","MAHATPUR","NADIACHAPRAMAHATPUR","BC",FALSE,188.994,78.346,73.182,18.058,1.392,307,5,TRUE,188.994,5.24699249271449,0,"Nadia|CHAPRA","BC|Nadia|2013","Nadia|CHAPRA|2013"
"Nadia",2018,"CHAPRA","MAHATPUR","NADIACHAPRAMAHATPUR","UR",FALSE,82.8875,7.4275,35.3475,40.11,0,527.25,4,TRUE,82.8875,4.42947661548436,0,"Nadia|CHAPRA","UR|Nadia|2018","Nadia|CHAPRA|2018"
"Nadia",2013,"CHAPRA","MAHESHPUR","NADIACHAPRAMAHESHPUR","SC",TRUE,119.798,56.772,43.434,7.634,2.114,378.6,5,TRUE,119.798,4.79411972907227,1,"Nadia|CHAPRA","SC|Nadia|2013","Nadia|CHAPRA|2013"
"Nadia",2018,"CHAPRA","MAHESHPUR","NADIACHAPRAMAHESHPUR","UR",FALSE,91.5225,29.965,27.6525,33.305,0.0375,441,4,TRUE,91.5225,4.52745185818278,0,"Nadia|CHAPRA","UR|Nadia|2018","Nadia|CHAPRA|2018"
"Nadia",2013,"CHAPRA","PIPRAGACHHI","NADIACHAPRAPIPRAGACHHI","BC",FALSE,167.818,97.57,46.534,17.542,0.478,405.8,5,TRUE,167.818,5.12882121154783,0,"Nadia|CHAPRA","BC|Nadia|2013","Nadia|CHAPRA|2013"
"Nadia",2018,"CHAPRA","PIPRAGACHHI","NADIACHAPRAPIPRAGACHHI","UR",TRUE,84.7725,9.11,38.81,35.8625,0,533.25,4,TRUE,84.7725,4.45169844229819,1,"Nadia|CHAPRA","UR|Nadia|2018","Nadia|CHAPRA|2018"
"Nadia",2013,"HANSKHALI","BAGULA-I","NADIAHANSKHALIBAGULAI","SC",FALSE,379.008,223.044,81.322,7.03,8.572,401.6,5,TRUE,379.008,5.94019230513041,0,"Nadia|HANSKHALI","SC|Nadia|2013","Nadia|HANSKHALI|2013"
"Nadia",2018,"HANSKHALI","BAGULA-I","NADIAHANSKHALIBAGULAI","UR",TRUE,170.17,55.2475,68.3475,43.1775,3.4025,691.75,4,TRUE,170.17,5.14265721470757,1,"Nadia|HANSKHALI","UR|Nadia|2018","Nadia|HANSKHALI|2018"
"Nadia",2013,"HANSKHALI","BAGULA-II","NADIAHANSKHALIBAGULAII","UR",FALSE,127.196,48.984,50.484,10.124,5.326,269.2,5,TRUE,127.196,4.85356034275175,0,"Nadia|HANSKHALI","UR|Nadia|2013","Nadia|HANSKHALI|2013"
"Nadia",2018,"HANSKHALI","BAGULA-II","NADIAHANSKHALIBAGULAII","SC",TRUE,53.2,19.1475,27.2825,5.625,0.005,142,4,TRUE,53.2,3.9926809084456,1,"Nadia|HANSKHALI","SC|Nadia|2018","Nadia|HANSKHALI|2018"
"Nadia",2013,"HANSKHALI","BATKULLA-I","NADIAHANSKHALIBATKULLAI","UR",TRUE,132.704,31.002,82.64,5.018,8.872,166.8,5,TRUE,132.704,4.89562840138662,1,"Nadia|HANSKHALI","UR|Nadia|2013","Nadia|HANSKHALI|2013"
"Nadia",2018,"HANSKHALI","BATKULLA-I","NADIAHANSKHALIBATKULLAI","UR",FALSE,75.9025,10.7925,44.6175,20.4875,0,380.5,4,TRUE,75.9025,4.34253838573609,0,"Nadia|HANSKHALI","UR|Nadia|2018","Nadia|HANSKHALI|2018"
"Nadia",2013,"HANSKHALI","BATKULLA-II","NADIAHANSKHALIBATKULLAII","BC",FALSE,214.83,49.552,53.538,9.17,17.294,355,5,TRUE,214.83,5.37449106077088,0,"Nadia|HANSKHALI","BC|Nadia|2013","Nadia|HANSKHALI|2013"
"Nadia",2018,"HANSKHALI","BATKULLA-II","NADIAHANSKHALIBATKULLAII","SC",TRUE,47.8125,9.645,24.555,10.315,3.2775,399.5,4,TRUE,47.8125,3.8879864275999,1,"Nadia|HANSKHALI","SC|Nadia|2018","Nadia|HANSKHALI|2018"
"Nadia",2013,"HANSKHALI","BETNA GOBINDAPUR","NADIAHANSKHALIBETNAGOBINDAPUR","SC",FALSE,320.908,127.504,99.458,18.756,18.304,710.2,5,TRUE,320.908,5.77426579043459,0,"Nadia|HANSKHALI","SC|Nadia|2013","Nadia|HANSKHALI|2013"
"Nadia",2018,"HANSKHALI","BETNA GOBINDAPUR","NADIAHANSKHALIBETNAGOBINDAPUR","BC",TRUE,91.4075,10.0975,47.2375,30.96,2.4375,512.25,4,TRUE,91.4075,4.5262081441848,1,"Nadia|HANSKHALI","BC|Nadia|2018","Nadia|HANSKHALI|2018"
"Nadia",2013,"HANSKHALI","DAKSHINPARA-I","NADIAHANSKHALIDAKSHINPARAI","UR",FALSE,80.6,31.48,31.444,7.574,1.732,263.4,5,TRUE,80.6,4.40182926197006,0,"Nadia|HANSKHALI","UR|Nadia|2013","Nadia|HANSKHALI|2013"
"Nadia",2018,"HANSKHALI","DAKSHINPARA-I","NADIAHANSKHALIDAKSHINPARAI","SC",TRUE,51.7275,14.265,13.115,24.285,0.0575,416,4,TRUE,51.7275,3.96513714107763,1,"Nadia|HANSKHALI","SC|Nadia|2018","Nadia|HANSKHALI|2018"
"Nadia",2013,"HANSKHALI","DAKSHINPARA-II","NADIAHANSKHALIDAKSHINPARAII","UR",TRUE,110.27,28.588,29.22,10.858,11.762,360.4,5,TRUE,110.27,4.71195968016961,1,"Nadia|HANSKHALI","UR|Nadia|2013","Nadia|HANSKHALI|2013"
"Nadia",2018,"HANSKHALI","DAKSHINPARA-II","NADIAHANSKHALIDAKSHINPARAII","BC",FALSE,23.8025,0,12.7875,9.085,1.5875,201.5,4,TRUE,23.8025,3.21094445454192,0,"Nadia|HANSKHALI","BC|Nadia|2018","Nadia|HANSKHALI|2018"
"Nadia",2013,"HANSKHALI","GAJNA","NADIAHANSKHALIGAJNA","UR",FALSE,409.508,276.002,82.158,14.516,3.516,584.6,5,TRUE,409.508,6.01739541713133,0,"Nadia|HANSKHALI","UR|Nadia|2013","Nadia|HANSKHALI|2013"
"Nadia",2018,"HANSKHALI","GAJNA","NADIAHANSKHALIGAJNA","UR",TRUE,176.7225,30.7325,60.315,85.6375,0,771.5,4,TRUE,176.7225,5.18022334504057,1,"Nadia|HANSKHALI","UR|Nadia|2018","Nadia|HANSKHALI|2018"
"Nadia",2013,"HANSKHALI","MAMJOAN","NADIAHANSKHALIMAMJOAN","SC",TRUE,86.622,34.758,34.918,2.716,1.158,165.6,5,TRUE,86.622,4.4730321079641,1,"Nadia|HANSKHALI","SC|Nadia|2013","Nadia|HANSKHALI|2013"
"Nadia",2018,"HANSKHALI","MAMJOAN","NADIAHANSKHALIMAMJOAN","ST",FALSE,57.27,10.5675,26.6575,16.5975,2.9725,331.25,4,TRUE,57.27,4.06508738115498,0,"Nadia|HANSKHALI","ST|Nadia|2018","Nadia|HANSKHALI|2018"
"Nadia",2013,"HANSKHALI","MAYURHAT-I","NADIAHANSKHALIMAYURHATI","SC",TRUE,167.292,91.642,49.016,6.734,0.292,317.4,5,TRUE,167.292,5.1257005659018,1,"Nadia|HANSKHALI","SC|Nadia|2013","Nadia|HANSKHALI|2013"
"Nadia",2018,"HANSKHALI","MAYURHAT-I","NADIAHANSKHALIMAYURHATI","UR",FALSE,43.4,5.275,29.675,4.3625,1.02,195.75,4,TRUE,43.4,3.79323946943818,0,"Nadia|HANSKHALI","UR|Nadia|2018","Nadia|HANSKHALI|2018"
"Nadia",2013,"HANSKHALI","MAYURHAT-II","NADIAHANSKHALIMAYURHATII","UR",TRUE,93.516,36.816,25.744,6.904,0.88,312.8,5,TRUE,93.516,4.54876913233732,1,"Nadia|HANSKHALI","UR|Nadia|2013","Nadia|HANSKHALI|2013"
"Nadia",2018,"HANSKHALI","MAYURHAT-II","NADIAHANSKHALIMAYURHATII","SC",FALSE,35.415,3.3425,18.9975,12.7925,0.105,281,4,TRUE,35.415,3.59498077766988,0,"Nadia|HANSKHALI","SC|Nadia|2018","Nadia|HANSKHALI|2018"
"Nadia",2013,"HANSKHALI","RAMNAGAR BARACHUPRIA-I","NADIAHANSKHALIRAMNAGARBARACHUPRIAI","ST",FALSE,177.674,88.576,67.332,9.76,3.116,370.4,5,TRUE,177.674,5.1855629163365,0,"Nadia|HANSKHALI","ST|Nadia|2013","Nadia|HANSKHALI|2013"
"Nadia",2018,"HANSKHALI","RAMNAGAR BARACHUPRIA-I","NADIAHANSKHALIRAMNAGARBARACHUPRIAI","UR",TRUE,116.465,4.825,91.855,18.875,0,485.25,4,TRUE,116.465,4.76614041687101,1,"Nadia|HANSKHALI","UR|Nadia|2018","Nadia|HANSKHALI|2018"
"Nadia",2013,"HANSKHALI","RAMNAGAR BARACHUPRIA-II","NADIAHANSKHALIRAMNAGARBARACHUPRIAII","UR",TRUE,181.91,70.43,93.878,6.25,0.97,228.2,5,TRUE,181.91,5.20899422858783,1,"Nadia|HANSKHALI","UR|Nadia|2013","Nadia|HANSKHALI|2013"
"Nadia",2018,"HANSKHALI","RAMNAGAR BARACHUPRIA-II","NADIAHANSKHALIRAMNAGARBARACHUPRIAII","UR",FALSE,52.0575,1.7375,33.915,15.83,0,202,4,TRUE,52.0575,3.97137623112766,0,"Nadia|HANSKHALI","UR|Nadia|2018","Nadia|HANSKHALI|2018"
"Nadia",2013,"HARINGHATA","BEROHI-I","NADIAHARINGHATABEROHII","SC",TRUE,154.866,20.81,82.792,18.826,0.538,383.4,5,TRUE,154.866,5.04899666376069,1,"Nadia|HARINGHATA","SC|Nadia|2013","Nadia|HARINGHATA|2013"
"Nadia",2018,"HARINGHATA","BEROHI-I","NADIAHARINGHATABEROHII","UR",TRUE,113.145,0.0025,92.745,20.315,0,224.25,4,TRUE,113.145,4.73746957000158,1,"Nadia|HARINGHATA","UR|Nadia|2018","Nadia|HARINGHATA|2018"
"Nadia",2013,"HARINGHATA","BEROHI-II","NADIAHARINGHATABEROHIII","UR",TRUE,139.232,19.992,56.77,16.44,6.976,422.6,5,TRUE,139.232,4.94329819392025,1,"Nadia|HARINGHATA","UR|Nadia|2013","Nadia|HARINGHATA|2013"
"Nadia",2018,"HARINGHATA","BEROHI-II","NADIAHARINGHATABEROHIII","SC",TRUE,87.005,8.145,53.0725,24.2025,0,236.5,4,TRUE,87.005,4.47739363104593,1,"Nadia|HARINGHATA","SC|Nadia|2018","Nadia|HARINGHATA|2018"
"Nadia",2013,"HARINGHATA","FATEPUR","NADIAHARINGHATAFATEPUR","UR",FALSE,280.086,34.828,100.108,48.386,13.76,918.6,5,TRUE,280.086,5.63866067233212,0,"Nadia|HARINGHATA","UR|Nadia|2013","Nadia|HARINGHATA|2013"
"Nadia",2018,"HARINGHATA","FATEPUR","NADIAHARINGHATAFATEPUR","SC",FALSE,124,2.995,44.965,70.7175,5.295,606.5,4,TRUE,124,4.8283137373023,0,"Nadia|HARINGHATA","SC|Nadia|2018","Nadia|HARINGHATA|2018"
"Nadia",2013,"HARINGHATA","HARINGHATA-I","NADIAHARINGHATAHARINGHATAI","UR",FALSE,137.196666666667,26.3433333333333,70.83,2.04333333333333,14.7166666666667,332.333333333333,3,FALSE,137.196666666667,4.9286777914093,0,"Nadia|HARINGHATA","UR|Nadia|2013","Nadia|HARINGHATA|2013"
"Nadia",2013,"HARINGHATA","HARINGHATA-II","NADIAHARINGHATAHARINGHATAII","UR",TRUE,123.286666666667,16.4133333333333,82.3366666666667,0.84,0.576666666666667,195,3,FALSE,123.286666666667,4.82259072539921,1,"Nadia|HARINGHATA","UR|Nadia|2013","Nadia|HARINGHATA|2013"
"Nadia",2013,"HARINGHATA","KASTODANGA-I","NADIAHARINGHATAKASTODANGAI","BC",FALSE,325.576,45.8,138.358,22.75,5.07,694.6,5,TRUE,325.576,5.78866269345169,0,"Nadia|HARINGHATA","BC|Nadia|2013","Nadia|HARINGHATA|2013"
"Nadia",2018,"HARINGHATA","KASTODANGA-I","NADIAHARINGHATAKASTODANGAI","SC",TRUE,147.8225,6.0375,102.8475,33.7975,4.19,526.25,4,TRUE,147.8225,5.00275432064538,1,"Nadia|HARINGHATA","SC|Nadia|2018","Nadia|HARINGHATA|2018"
"Nadia",2013,"HARINGHATA","KASTODANGA-II","NADIAHARINGHATAKASTODANGAII","UR",TRUE,203.842,24.836,102.574,23.834,6.168,521.6,5,TRUE,203.842,5.32223895026471,1,"Nadia|HARINGHATA","UR|Nadia|2013","Nadia|HARINGHATA|2013"
"Nadia",2018,"HARINGHATA","KASTODANGA-II","NADIAHARINGHATAKASTODANGAII","UR",FALSE,67.725,6.72,48.7875,9.72,2.1925,179.75,4,TRUE,67.725,4.23011303405131,0,"Nadia|HARINGHATA","UR|Nadia|2018","Nadia|HARINGHATA|2018"
"Nadia",2013,"HARINGHATA","MOLLABELIA","NADIAHARINGHATAMOLLABELIA","UR",FALSE,284.188,56.438,139.77,26.984,4.51,742.6,5,TRUE,284.188,5.65314861191861,0,"Nadia|HARINGHATA","UR|Nadia|2013","Nadia|HARINGHATA|2013"
"Nadia",2018,"HARINGHATA","MOLLABELIA","NADIAHARINGHATAMOLLABELIA","BC",FALSE,130.315,3.56,79.295,44.835,0.2475,515.75,4,TRUE,130.315,4.87759901697706,0,"Nadia|HARINGHATA","BC|Nadia|2018","Nadia|HARINGHATA|2018"
"Nadia",2013,"HARINGHATA","NAGARUKHRA-I","NADIAHARINGHATANAGARUKHRAI","UR",TRUE,132.402,19.184,46.364,26.832,4.288,621.8,5,TRUE,132.402,4.89336712587289,1,"Nadia|HARINGHATA","UR|Nadia|2013","Nadia|HARINGHATA|2013"
"Nadia",2018,"HARINGHATA","NAGARUKHRA-I","NADIAHARINGHATANAGARUKHRAI","BC",TRUE,76.12,2.5425,49.0275,20.955,3.5825,325.25,4,TRUE,76.12,4.34536265030229,1,"Nadia|HARINGHATA","BC|Nadia|2018","Nadia|HARINGHATA|2018"
"Nadia",2013,"HARINGHATA","NAGARUKHRA-II","NADIAHARINGHATANAGARUKHRAII","UR",FALSE,124.8,13.998,28.164,27.844,5.474,579.6,5,TRUE,124.8,4.83469334426634,0,"Nadia|HARINGHATA","UR|Nadia|2013","Nadia|HARINGHATA|2013"
"Nadia",2018,"HARINGHATA","NAGARUKHRA-II","NADIAHARINGHATANAGARUKHRAII","UR",FALSE,69.24,1.2825,25.04,41.235,1.21,346.25,4,TRUE,69.24,4.25191794932686,0,"Nadia|HARINGHATA","UR|Nadia|2018","Nadia|HARINGHATA|2018"
"Nadia",2013,"KALIGANJ","BARACHANDGHAR","NADIAKALIGANJBARACHANDGHAR","SC",FALSE,201.16,86.054,78.876,14.358,5.38,483.2,5,TRUE,201.16,5.30905946307994,0,"Nadia|KALIGANJ","SC|Nadia|2013","Nadia|KALIGANJ|2013"
"Nadia",2018,"KALIGANJ","BARACHANDGHAR","NADIAKALIGANJBARACHANDGHAR","UR",FALSE,128.2475,22.11,41.8775,62.94,0,827.25,4,TRUE,128.2475,4.8617291708417,0,"Nadia|KALIGANJ","UR|Nadia|2018","Nadia|KALIGANJ|2018"
"Nadia",2013,"KALIGANJ","DEBAGRAM","NADIAKALIGANJDEBAGRAM","UR",FALSE,181.836,105.89,34.112,10.568,3.896,317.8,5,TRUE,181.836,5.20858957617326,0,"Nadia|KALIGANJ","UR|Nadia|2013","Nadia|KALIGANJ|2013"
"Nadia",2018,"KALIGANJ","DEBAGRAM","NADIAKALIGANJDEBAGRAM","BC",FALSE,124.39,50.985,17.065,46.14,6.7825,575.25,4,TRUE,124.39,4.83142888020245,0,"Nadia|KALIGANJ","BC|Nadia|2018","Nadia|KALIGANJ|2018"
"Nadia",2013,"KALIGANJ","FARIDPUR","NADIAKALIGANJFARIDPUR","SC",FALSE,149.88,90.404,43.352,6.178,3.082,263.6,5,TRUE,149.88,5.01648481888515,0,"Nadia|KALIGANJ","SC|Nadia|2013","Nadia|KALIGANJ|2013"
"Nadia",2018,"KALIGANJ","FARIDPUR","NADIAKALIGANJFARIDPUR","UR",TRUE,148.505,29.2925,42.6625,69.3625,1.6475,224.5,4,TRUE,148.505,5.00732983708753,1,"Nadia|KALIGANJ","UR|Nadia|2018","Nadia|KALIGANJ|2018"
"Nadia",2013,"KALIGANJ","GOBRA","NADIAKALIGANJGOBRA","SC",FALSE,205.764,119.352,63.232,10.628,8.016,373,5,TRUE,205.764,5.33157804624247,0,"Nadia|KALIGANJ","SC|Nadia|2013","Nadia|KALIGANJ|2013"
"Nadia",2018,"KALIGANJ","GOBRA","NADIAKALIGANJGOBRA","UR",FALSE,144.3625,65.175,50.56,25.18,3.1625,540.25,4,TRUE,144.3625,4.97923062261916,0,"Nadia|KALIGANJ","UR|Nadia|2018","Nadia|KALIGANJ|2018"
"Nadia",2013,"KALIGANJ","HATGACHHA","NADIAKALIGANJHATGACHHA","BC",TRUE,86.132,23.408,40.552,10.886,7.434,267.8,5,TRUE,86.132,4.46742421018611,1,"Nadia|KALIGANJ","BC|Nadia|2013","Nadia|KALIGANJ|2013"
"Nadia",2018,"KALIGANJ","HATGACHHA","NADIAKALIGANJHATGACHHA","UR",TRUE,98.69,15.565,15.63,67.4975,0,786,4,TRUE,98.69,4.60206537103461,1,"Nadia|KALIGANJ","UR|Nadia|2018","Nadia|KALIGANJ|2018"
"Nadia",2013,"KALIGANJ","JURANPUR","NADIAKALIGANJJURANPUR","UR",TRUE,161.054,48.272,96.69,8.696,3.612,276.4,5,TRUE,161.054,5.0879296130225,1,"Nadia|KALIGANJ","UR|Nadia|2013","Nadia|KALIGANJ|2013"
"Nadia",2018,"KALIGANJ","JURANPUR","NADIAKALIGANJJURANPUR","SC",TRUE,195.2,60.625,105.52,24.21,4.835,515.5,4,TRUE,195.2,5.27913454713126,1,"Nadia|KALIGANJ","SC|Nadia|2018","Nadia|KALIGANJ|2018"
"Nadia",2013,"KALIGANJ","KALIGANJ","NADIAKALIGANJKALIGANJ","SC",TRUE,115.802,29.014,55.336,17.09,7.818,340.8,5,TRUE,115.802,4.7604801935352,1,"Nadia|KALIGANJ","SC|Nadia|2013","Nadia|KALIGANJ|2013"
"Nadia",2018,"KALIGANJ","KALIGANJ","NADIAKALIGANJKALIGANJ","BC",TRUE,86.29,15.6375,43.59,26.55,0,426.5,4,TRUE,86.29,4.46923590874726,1,"Nadia|KALIGANJ","BC|Nadia|2018","Nadia|KALIGANJ|2018"
"Nadia",2013,"KALIGANJ","MATIARI","NADIAKALIGANJMATIARI","UR",FALSE,248,87.412,152.358,5.262,0.734,283,5,TRUE,248,5.51745289646471,0,"Nadia|KALIGANJ","UR|Nadia|2013","Nadia|KALIGANJ|2013"
"Nadia",2018,"KALIGANJ","MATIARI","NADIAKALIGANJMATIARI","SC",FALSE,153.1125,14.8925,108.795,27.345,2.0825,382.5,4,TRUE,153.1125,5.03768285519467,0,"Nadia|KALIGANJ","SC|Nadia|2018","Nadia|KALIGANJ|2018"
"Nadia",2013,"KALIGANJ","MIRA-I","NADIAKALIGANJMIRAI","UR",TRUE,113.332,25.284,37.688,5.858,0.52,243.6,5,TRUE,113.332,4.73910649662225,1,"Nadia|KALIGANJ","UR|Nadia|2013","Nadia|KALIGANJ|2013"
"Nadia",2018,"KALIGANJ","MIRA-I","NADIAKALIGANJMIRAI","SC",TRUE,145.7875,42.355,31.6325,35.11,1.34,422,4,TRUE,145.7875,4.9889859626912,1,"Nadia|KALIGANJ","SC|Nadia|2018","Nadia|KALIGANJ|2018"
"Nadia",2013,"KALIGANJ","MIRA-II","NADIAKALIGANJMIRAII","UR",FALSE,81.616,33.406,24.178,11.226,4.918,186.6,5,TRUE,81.616,4.4142033663691,0,"Nadia|KALIGANJ","UR|Nadia|2013","Nadia|KALIGANJ|2013"
"Nadia",2018,"KALIGANJ","MIRA-II","NADIAKALIGANJMIRAII","SC",FALSE,88.145,18.02,32.63,30.53,1.62,459.5,4,TRUE,88.145,4.49026425748673,0,"Nadia|KALIGANJ","SC|Nadia|2018","Nadia|KALIGANJ|2018"
"Nadia",2013,"KALIGANJ","PALITBEGIA","NADIAKALIGANJPALITBEGIA","UR",TRUE,173.098,65.716,47.208,34.818,19.486,473.8,5,TRUE,173.098,5.15961835905738,1,"Nadia|KALIGANJ","UR|Nadia|2013","Nadia|KALIGANJ|2013"
"Nadia",2018,"KALIGANJ","PALITBEGIA","NADIAKALIGANJPALITBEGIA","BC",TRUE,100.94,24.7625,10.135,54.0725,9.8275,814.25,4,TRUE,100.94,4.6243844049119,1,"Nadia|KALIGANJ","BC|Nadia|2018","Nadia|KALIGANJ|2018"
"Nadia",2013,"KALIGANJ","PANIGHATA","NADIAKALIGANJPANIGHATA","BC",FALSE,148.184,61.158,61.122,7.556,2.91,342.4,5,TRUE,148.184,5.00518044341329,0,"Nadia|KALIGANJ","BC|Nadia|2013","Nadia|KALIGANJ|2013"
"Nadia",2018,"KALIGANJ","PANIGHATA","NADIAKALIGANJPANIGHATA","UR",FALSE,181.2125,49.445,84.52,30.0525,0.8825,576,4,TRUE,181.2125,5.20517358840013,0,"Nadia|KALIGANJ","UR|Nadia|2018","Nadia|KALIGANJ|2018"
"Nadia",2013,"KALIGANJ","PLASSEY-I","NADIAKALIGANJPLASSEYI","UR",TRUE,87.574,35.712,31.392,8.886,5.358,229.8,5,TRUE,87.574,4.48383836082046,1,"Nadia|KALIGANJ","UR|Nadia|2013","Nadia|KALIGANJ|2013"
"Nadia",2018,"KALIGANJ","PLASSEY-I","NADIAKALIGANJPLASSEYI","UR",TRUE,141.12,20.4125,71.6575,41.5175,0,460.75,4,TRUE,141.12,4.95667177115283,1,"Nadia|KALIGANJ","UR|Nadia|2018","Nadia|KALIGANJ|2018"
"Nadia",2013,"KALIGANJ","PLASSEY-II","NADIAKALIGANJPLASSEYII","BC",FALSE,47.854,10.938,22.15,5.032,6.3,164.8,5,TRUE,47.854,3.88883625845281,0,"Nadia|KALIGANJ","BC|Nadia|2013","Nadia|KALIGANJ|2013"
"Nadia",2018,"KALIGANJ","PLASSEY-II","NADIAKALIGANJPLASSEYII","UR",TRUE,105.5675,17.4925,70.775,11.465,1.41,222.75,4,TRUE,105.5675,4.6687785871982,1,"Nadia|KALIGANJ","UR|Nadia|2018","Nadia|KALIGANJ|2018"
"Nadia",2013,"KALIGANJ","RAJARMPUR GHORAIKHETRA","NADIAKALIGANJRAJARMPURGHORAIKHETRA","UR",FALSE,163.146,132.334,8.952,9.044,4.052,285.8,5,TRUE,163.146,5.10075627569456,0,"Nadia|KALIGANJ","UR|Nadia|2013","Nadia|KALIGANJ|2013"
"Nadia",2018,"KALIGANJ","RAJARMPUR GHORAIKHETRA","NADIAKALIGANJRAJARMPURGHORAIKHETRA","UR",FALSE,191.985,55.925,42.7275,70.2325,4.8,586,4,TRUE,191.985,5.26261246567726,0,"Nadia|KALIGANJ","UR|Nadia|2018","Nadia|KALIGANJ|2018"
"Nadia",2018,"KALYANI","CHANDURIA-II","NADIAKALYANICHANDURIAII","UR",FALSE,84.91,15.875,37.3225,26.3,2.525,232.5,4,TRUE,84.91,4.45330023664996,0,"Nadia|KALYANI","UR|Nadia|2018","Nadia|KALYANI|2018"
"Nadia",2018,"KALYANI","KANCHARAPARA","NADIAKALYANIKANCHARAPARA","UR",FALSE,148.5675,29.005,60.57,46.4325,3.6875,563.25,4,TRUE,148.5675,5.00774779594974,0,"Nadia|KALYANI","UR|Nadia|2018","Nadia|KALYANI|2018"
"Nadia",2018,"KALYANI","MADANPUR-I","NADIAKALYANIMADANPURI","UR",TRUE,56.525,1.6375,12.645,38.295,0,419.25,4,TRUE,56.525,4.05221963592143,1,"Nadia|KALYANI","UR|Nadia|2018","Nadia|KALYANI|2018"
"Nadia",2018,"KALYANI","MADANPUR-II","NADIAKALYANIMADANPURII","SC",FALSE,54.265,26.55,8.3175,16.39,0,129.5,4,TRUE,54.265,4.01213979676292,0,"Nadia|KALYANI","SC|Nadia|2018","Nadia|KALYANI|2018"
"Nadia",2018,"KALYANI","SAGUNA","NADIAKALYANISAGUNA","UR",FALSE,65.8625,10.57,15.925,36.355,2.05,537.75,4,TRUE,65.8625,4.20263827185737,0,"Nadia|KALYANI","UR|Nadia|2018","Nadia|KALYANI|2018"
"Nadia",2018,"KALYANI","SARATI","NADIAKALYANISARATI","UR",TRUE,54.98,7.2675,19.615,20.84,3.8875,299.75,4,TRUE,54.98,4.02499448408731,1,"Nadia|KALYANI","UR|Nadia|2018","Nadia|KALYANI|2018"
"Nadia",2018,"KALYANI","SIMURALI","NADIAKALYANISIMURALI","SC",TRUE,62.605,3.615,20.1075,37.215,0,360,4,TRUE,62.605,4.15269208360817,1,"Nadia|KALYANI","SC|Nadia|2018","Nadia|KALYANI|2018"
"Nadia",2013,"KARIMPUR-1","HAREKRISHNAPUR","NADIAKARIMPUR1HAREKRISHNAPUR","UR",FALSE,212.004,89.478,63.34,21.564,11.974,448.2,5,TRUE,212.004,5.36131094487582,0,"Nadia|KARIMPUR-1","UR|Nadia|2013","Nadia|KARIMPUR-1|2013"
"Nadia",2018,"KARIMPUR-1","HAREKRISHNAPUR","NADIAKARIMPUR1HAREKRISHNAPUR","UR",TRUE,288.4475,30.3275,139.4175,117.6,1.04,642.75,4,TRUE,288.4475,5.66797393341741,1,"Nadia|KARIMPUR-1","UR|Nadia|2018","Nadia|KARIMPUR-1|2018"
"Nadia",2013,"KARIMPUR-1","HOGOLBARIA","NADIAKARIMPUR1HOGOLBARIA","SC",TRUE,193.786,97.988,47.312,25.138,13.378,603.6,5,TRUE,193.786,5.2719015200426,1,"Nadia|KARIMPUR-1","SC|Nadia|2013","Nadia|KARIMPUR-1|2013"
"Nadia",2018,"KARIMPUR-1","HOGOLBARIA","NADIAKARIMPUR1HOGOLBARIA","UR",FALSE,144.295,41.3325,60.4125,38.2975,1.31,600.25,4,TRUE,144.295,4.97876615842186,0,"Nadia|KARIMPUR-1","UR|Nadia|2018","Nadia|KARIMPUR-1|2018"
"Nadia",2013,"KARIMPUR-1","JAMASHERPUR","NADIAKARIMPUR1JAMASHERPUR","ST",TRUE,250.554,70.668,84.45,26.702,21.436,741.6,5,TRUE,250.554,5.52765767822215,1,"Nadia|KARIMPUR-1","ST|Nadia|2013","Nadia|KARIMPUR-1|2013"
"Nadia",2018,"KARIMPUR-1","JAMASHERPUR","NADIAKARIMPUR1JAMASHERPUR","UR",FALSE,403.7525,110.5775,231.2975,52.19,3.0275,836.5,4,TRUE,403.7525,6.00327576919092,0,"Nadia|KARIMPUR-1","UR|Nadia|2018","Nadia|KARIMPUR-1|2018"
"Nadia",2013,"KARIMPUR-1","KARIMPUR-I","NADIAKARIMPUR1KARIMPURI","UR",TRUE,288.312,76.304,86.584,20.958,11.422,467.4,5,TRUE,288.312,5.66750569055496,1,"Nadia|KARIMPUR-1","UR|Nadia|2013","Nadia|KARIMPUR-1|2013"
"Nadia",2018,"KARIMPUR-1","KARIMPUR-I","NADIAKARIMPUR1KARIMPURI","SC",FALSE,402.83,38.1425,300.4925,46.6,1.0425,566.25,4,TRUE,402.83,6.00099399732411,0,"Nadia|KARIMPUR-1","SC|Nadia|2018","Nadia|KARIMPUR-1|2018"
"Nadia",2013,"KARIMPUR-1","KARIMPUR-II","NADIAKARIMPUR1KARIMPURII","SC",TRUE,260.264,72.904,70.758,18.514,11.144,532.8,5,TRUE,260.264,5.56553139035995,1,"Nadia|KARIMPUR-1","SC|Nadia|2013","Nadia|KARIMPUR-1|2013"
"Nadia",2018,"KARIMPUR-1","KARIMPUR-II","NADIAKARIMPUR1KARIMPURII","UR",TRUE,368.495,33.09,267.6425,59.965,0.8575,462,4,TRUE,368.495,5.91213720849697,1,"Nadia|KARIMPUR-1","UR|Nadia|2018","Nadia|KARIMPUR-1|2018"
"Nadia",2013,"KARIMPUR-1","MADHUGARI","NADIAKARIMPUR1MADHUGARI","UR",TRUE,138.846,62.71,46.926,5.146,7.39,177,5,TRUE,138.846,4.94054181716527,1,"Nadia|KARIMPUR-1","UR|Nadia|2013","Nadia|KARIMPUR-1|2013"
"Nadia",2018,"KARIMPUR-1","MADHUGARI","NADIAKARIMPUR1MADHUGARI","SC",TRUE,107.6075,17.695,74.09,8.57,1.4375,121.25,4,TRUE,107.6075,4.68774046588873,1,"Nadia|KARIMPUR-1","SC|Nadia|2018","Nadia|KARIMPUR-1|2018"
"Nadia",2013,"KARIMPUR-1","PIPULBARIA","NADIAKARIMPUR1PIPULBARIA","SC",TRUE,245.726,35.166,89.326,15.956,10.306,442.6,5,TRUE,245.726,5.50827840914541,1,"Nadia|KARIMPUR-1","SC|Nadia|2013","Nadia|KARIMPUR-1|2013"
"Nadia",2018,"KARIMPUR-1","PIPULBARIA","NADIAKARIMPUR1PIPULBARIA","UR",TRUE,443.05,39.2975,309.3175,90.3725,4.05,685.25,4,TRUE,443.05,6.09593716870451,1,"Nadia|KARIMPUR-1","UR|Nadia|2018","Nadia|KARIMPUR-1|2018"
"Nadia",2013,"KARIMPUR-1","SHIKARPUR","NADIAKARIMPUR1SHIKARPUR","UR",FALSE,259.664,70.49,107.316,21.646,9.296,680,5,TRUE,259.664,5.56323222164584,0,"Nadia|KARIMPUR-1","UR|Nadia|2013","Nadia|KARIMPUR-1|2013"
"Nadia",2018,"KARIMPUR-1","SHIKARPUR","NADIAKARIMPUR1SHIKARPUR","SC",FALSE,405.44,58.8625,296.455,33.9025,1.6375,702,4,TRUE,405.44,6.00743631661768,0,"Nadia|KARIMPUR-1","SC|Nadia|2018","Nadia|KARIMPUR-1|2018"
"Nadia",2013,"KARIMPUR-II","DHORADAHA-I","NADIAKARIMPURIIDHORADAHAI","SC",TRUE,159.892,45.056,47.864,8.224,9.276,302.4,5,TRUE,159.892,5.08073333243906,1,"Nadia|KARIMPUR-II","SC|Nadia|2013","Nadia|KARIMPUR-II|2013"
"Nadia",2018,"KARIMPUR-II","DHORADAHA-I","NADIAKARIMPURIIDHORADAHAI","UR",FALSE,147.22,23.16,63.885,47.9725,6.2075,497.25,4,TRUE,147.22,4.99869765652321,0,"Nadia|KARIMPUR-II","UR|Nadia|2018","Nadia|KARIMPUR-II|2018"
"Nadia",2013,"KARIMPUR-II","DHORADAHA-II","NADIAKARIMPURIIDHORADAHAII","UR",TRUE,112.802,66.74,24.596,9.604,11.696,354.6,5,TRUE,112.802,4.73446009623024,1,"Nadia|KARIMPUR-II","UR|Nadia|2013","Nadia|KARIMPUR-II|2013"
"Nadia",2018,"KARIMPUR-II","DHORADAHA-II","NADIAKARIMPURIIDHORADAHAII","BC",FALSE,105.06,12.0775,35.5725,56.85,0,645.5,4,TRUE,105.06,4.66400497170898,0,"Nadia|KARIMPUR-II","BC|Nadia|2018","Nadia|KARIMPUR-II|2018"
"Nadia",2013,"KARIMPUR-II","DIGHAL KANDI","NADIAKARIMPURIIDIGHALKANDI","UR",FALSE,575.394,305.134,187.912,28.354,13.438,649.2,5,TRUE,575.394,6.3567914546333,0,"Nadia|KARIMPUR-II","UR|Nadia|2013","Nadia|KARIMPUR-II|2013"
"Nadia",2018,"KARIMPUR-II","DIGHAL KANDI","NADIAKARIMPURIIDIGHALKANDI","SC",FALSE,551.2125,108.2125,164.77,261.4475,3.5775,1116.25,4,TRUE,551.2125,6.31393293596567,0,"Nadia|KARIMPUR-II","SC|Nadia|2018","Nadia|KARIMPUR-II|2018"
"Nadia",2013,"KARIMPUR-II","MURUTIA","NADIAKARIMPURIIMURUTIA","UR",TRUE,110.62,18.794,32.68,12.952,6.456,245,5,TRUE,110.62,4.71510024536029,1,"Nadia|KARIMPUR-II","UR|Nadia|2013","Nadia|KARIMPUR-II|2013"
"Nadia",2018,"KARIMPUR-II","MURUTIA","NADIAKARIMPURIIMURUTIA","UR",FALSE,114.6225,1.43,46.79,64.16,0,440,4,TRUE,114.6225,4.75033057397722,0,"Nadia|KARIMPUR-II","UR|Nadia|2018","Nadia|KARIMPUR-II|2018"
"Nadia",2013,"KARIMPUR-II","NANDANPUR","NADIAKARIMPURIINANDANPUR","SC",TRUE,318.104,111.006,107.172,25.992,6.522,515.6,5,TRUE,318.104,5.76551706846104,1,"Nadia|KARIMPUR-II","SC|Nadia|2013","Nadia|KARIMPUR-II|2013"
"Nadia",2018,"KARIMPUR-II","NANDANPUR","NADIAKARIMPURIINANDANPUR","UR",FALSE,293.81,61.895,67.8,150.34,1.0175,786.25,4,TRUE,293.81,5.68633108104244,0,"Nadia|KARIMPUR-II","UR|Nadia|2018","Nadia|KARIMPUR-II|2018"
"Nadia",2013,"KARIMPUR-II","NARAYANPUR-I","NADIAKARIMPURIINARAYANPURI","UR",FALSE,147.148,57.48,31.004,6.708,17.158,302,5,TRUE,147.148,4.9982117740972,0,"Nadia|KARIMPUR-II","UR|Nadia|2013","Nadia|KARIMPUR-II|2013"
"Nadia",2018,"KARIMPUR-II","NARAYANPUR-I","NADIAKARIMPURIINARAYANPURI","UR",TRUE,384.0025,110.64,150.98,108.2575,2.215,1070.5,4,TRUE,384.0025,5.9532498277732,1,"Nadia|KARIMPUR-II","UR|Nadia|2018","Nadia|KARIMPUR-II|2018"
"Nadia",2013,"KARIMPUR-II","NARAYANPUR-II","NADIAKARIMPURIINARAYANPURII","UR",TRUE,294.318,137.292,108.908,12.758,8.52,421,5,TRUE,294.318,5.68805274185326,1,"Nadia|KARIMPUR-II","UR|Nadia|2013","Nadia|KARIMPUR-II|2013"
"Nadia",2018,"KARIMPUR-II","NARAYANPUR-II","NADIAKARIMPURIINARAYANPURII","BC",TRUE,459.2,122.23,140.535,188.9525,2.535,1099.75,4,TRUE,459.2,6.13166117760127,1,"Nadia|KARIMPUR-II","BC|Nadia|2018","Nadia|KARIMPUR-II|2018"
"Nadia",2013,"KARIMPUR-II","NATIDANGA-I","NADIAKARIMPURIINATIDANGAI","BC",TRUE,264.328,112.558,129.214,5.474,8.23,325.8,5,TRUE,264.328,5.58096679647174,1,"Nadia|KARIMPUR-II","BC|Nadia|2013","Nadia|KARIMPUR-II|2013"
"Nadia",2018,"KARIMPUR-II","NATIDANGA-I","NADIAKARIMPURIINATIDANGAI","UR",TRUE,342.7675,44.835,195.7325,102.03,0,731,4,TRUE,342.7675,5.83996555677587,1,"Nadia|KARIMPUR-II","UR|Nadia|2018","Nadia|KARIMPUR-II|2018"
"Nadia",2013,"KARIMPUR-II","NATIDANGA-II","NADIAKARIMPURIINATIDANGAII","UR",FALSE,143.798,55.416,53.062,11.004,7.15,338.6,5,TRUE,143.798,4.97533966770153,0,"Nadia|KARIMPUR-II","UR|Nadia|2013","Nadia|KARIMPUR-II|2013"
"Nadia",2018,"KARIMPUR-II","NATIDANGA-II","NADIAKARIMPURIINATIDANGAII","SC",TRUE,175.6125,18.655,87.1825,62.54,0.9775,512.5,4,TRUE,175.6125,5.17395806709193,1,"Nadia|KARIMPUR-II","SC|Nadia|2018","Nadia|KARIMPUR-II|2018"
"Nadia",2013,"KARIMPUR-II","RAHAMATPUR","NADIAKARIMPURIIRAHAMATPUR","SC",TRUE,324.974,35.534,175.816,36.92,5.636,594.4,5,TRUE,324.974,5.78681762358491,1,"Nadia|KARIMPUR-II","SC|Nadia|2013","Nadia|KARIMPUR-II|2013"
"Nadia",2018,"KARIMPUR-II","RAHAMATPUR","NADIAKARIMPURIIRAHAMATPUR","UR",FALSE,314.1025,47.9275,68.68,195.4425,1.655,964,4,TRUE,314.1025,5.75289798272096,0,"Nadia|KARIMPUR-II","UR|Nadia|2018","Nadia|KARIMPUR-II|2018"
"Nadia",2013,"KRISHNAGANJ","BHAJANGHAT TUNGI","NADIAKRISHNAGANJBHAJANGHATTUNGI","UR",FALSE,305.944,23.75,209.182,50.978,7.774,491.6,5,TRUE,305.944,5.72666532052494,0,"Nadia|KRISHNAGANJ","UR|Nadia|2013","Nadia|KRISHNAGANJ|2013"
"Nadia",2018,"KRISHNAGANJ","BHAJANGHAT TUNGI","NADIAKRISHNAGANJBHAJANGHATTUNGI","SC",FALSE,232.3875,55.005,54.5625,73.6125,39.5025,958.25,4,TRUE,232.3875,5.45270016229145,0,"Nadia|KRISHNAGANJ","SC|Nadia|2018","Nadia|KRISHNAGANJ|2018"
"Nadia",2013,"KRISHNAGANJ","GOBINDAPUR","NADIAKRISHNAGANJGOBINDAPUR","ST",FALSE,264.47,52.262,176.466,16.708,9.974,306,5,TRUE,264.47,5.58150183994737,0,"Nadia|KRISHNAGANJ","ST|Nadia|2013","Nadia|KRISHNAGANJ|2013"
"Nadia",2018,"KRISHNAGANJ","GOBINDAPUR","NADIAKRISHNAGANJGOBINDAPUR","SC",FALSE,216.0775,68.3975,31.7625,96.8675,18.075,489.5,4,TRUE,216.0775,5.38025443263727,0,"Nadia|KRISHNAGANJ","SC|Nadia|2018","Nadia|KRISHNAGANJ|2018"
"Nadia",2013,"KRISHNAGANJ","JOYGHATA","NADIAKRISHNAGANJJOYGHATA","SC",FALSE,266.204,41.732,161.536,27.748,12.614,309.8,5,TRUE,266.204,5.58801241161032,0,"Nadia|KRISHNAGANJ","SC|Nadia|2013","Nadia|KRISHNAGANJ|2013"
"Nadia",2018,"KRISHNAGANJ","JOYGHATA","NADIAKRISHNAGANJJOYGHATA","UR",TRUE,242.9,60.7,75.96,62.8925,43.345,683.5,4,TRUE,242.9,5.49675830522187,1,"Nadia|KRISHNAGANJ","UR|Nadia|2018","Nadia|KRISHNAGANJ|2018"
"Nadia",2013,"KRISHNAGANJ","KRISHNAGANJ","NADIAKRISHNAGANJKRISHNAGANJ","UR",TRUE,214.292,40.608,137.146,14.186,12.068,293.6,5,TRUE,214.292,5.37199524622525,1,"Nadia|KRISHNAGANJ","UR|Nadia|2013","Nadia|KRISHNAGANJ|2013"
"Nadia",2018,"KRISHNAGANJ","KRISHNAGANJ","NADIAKRISHNAGANJKRISHNAGANJ","UR",FALSE,237.33,50.7275,34.515,138.6375,12.6325,435,4,TRUE,237.33,5.47365626791411,0,"Nadia|KRISHNAGANJ","UR|Nadia|2018","Nadia|KRISHNAGANJ|2018"
"Nadia",2013,"KRISHNAGANJ","MAITIARY BANPUR","NADIAKRISHNAGANJMAITIARYBANPUR","BC",TRUE,334.39,56.712,201.464,29.39,8.408,500.4,5,TRUE,334.39,5.81529403379853,1,"Nadia|KRISHNAGANJ","BC|Nadia|2013","Nadia|KRISHNAGANJ|2013"
"Nadia",2018,"KRISHNAGANJ","MAITIARY BANPUR","NADIAKRISHNAGANJMAITIARYBANPUR","UR",TRUE,200.82,47.0275,76.4725,49.9225,24.0925,1137.75,4,TRUE,200.82,5.30737621103638,1,"Nadia|KRISHNAGANJ","UR|Nadia|2018","Nadia|KRISHNAGANJ|2018"
"Nadia",2013,"KRISHNAGANJ","SHIBNIBAS","NADIAKRISHNAGANJSHIBNIBAS","SC",TRUE,273.988,44.014,176.192,41.482,8.056,339.6,5,TRUE,273.988,5.61672746035084,1,"Nadia|KRISHNAGANJ","SC|Nadia|2013","Nadia|KRISHNAGANJ|2013"
"Nadia",2018,"KRISHNAGANJ","SHIBNIBAS","NADIAKRISHNAGANJSHIBNIBAS","UR",TRUE,122.7725,19.7525,25.8325,73.815,3.1525,854,4,TRUE,122.7725,4.8184452031037,1,"Nadia|KRISHNAGANJ","UR|Nadia|2018","Nadia|KRISHNAGANJ|2018"
"Nadia",2013,"KRISHNAGANJ","TALDAH MAJDIA","NADIAKRISHNAGANJTALDAHMAJDIA","UR",FALSE,270.78,80.036,127.732,28.84,5.74,446.8,5,TRUE,270.78,5.60499291549235,0,"Nadia|KRISHNAGANJ","UR|Nadia|2013","Nadia|KRISHNAGANJ|2013"
"Nadia",2018,"KRISHNAGANJ","TALDAH MAJDIA","NADIAKRISHNAGANJTALDAHMAJDIA","SC",TRUE,202.3175,92.42,22.97,49.0775,37.545,907.75,4,TRUE,202.3175,5.31476879661485,1,"Nadia|KRISHNAGANJ","SC|Nadia|2018","Nadia|KRISHNAGANJ|2018"
"Nadia",2013,"KRISHNAGAR-I","ASSANNAGAR","NADIAKRISHNAGARIASSANNAGAR","UR",TRUE,77.628,28.872,29.388,17.022,0.438,276,5,TRUE,77.628,4.36472787009555,1,"Nadia|KRISHNAGAR-I","UR|Nadia|2013","Nadia|KRISHNAGAR-I|2013"
"Nadia",2018,"KRISHNAGAR-I","ASSANNAGAR","NADIAKRISHNAGARIASSANNAGAR","SC",TRUE,52.2375,7.0725,14.42,29.6925,0.31,341.75,4,TRUE,52.2375,3.97476303524933,1,"Nadia|KRISHNAGAR-I","SC|Nadia|2018","Nadia|KRISHNAGAR-I|2018"
"Nadia",2013,"KRISHNAGAR-I","BHALUKA","NADIAKRISHNAGARIBHALUKA","UR",FALSE,141.532,48.418,40.108,18.872,6.196,431,5,TRUE,141.532,4.95956653590208,0,"Nadia|KRISHNAGAR-I","UR|Nadia|2013","Nadia|KRISHNAGAR-I|2013"
"Nadia",2018,"KRISHNAGAR-I","BHALUKA","NADIAKRISHNAGARIBHALUKA","SC",FALSE,111.6525,25.145,13.8825,69.2175,2.545,620,4,TRUE,111.6525,4.72430785926405,0,"Nadia|KRISHNAGAR-I","SC|Nadia|2018","Nadia|KRISHNAGAR-I|2018"
"Nadia",2013,"KRISHNAGAR-I","BHANDARKHOLA","NADIAKRISHNAGARIBHANDARKHOLA","UR",FALSE,108.526,18.866,25.138,18.94,1.628,353.6,5,TRUE,108.526,4.69616196399382,0,"Nadia|KRISHNAGAR-I","UR|Nadia|2013","Nadia|KRISHNAGAR-I|2013"
"Nadia",2018,"KRISHNAGAR-I","BHANDARKHOLA","NADIAKRISHNAGARIBHANDARKHOLA","SC",FALSE,78.75,18.0075,22.225,33.1275,3.2025,300.5,4,TRUE,78.75,4.37889674166495,0,"Nadia|KRISHNAGAR-I","SC|Nadia|2018","Nadia|KRISHNAGAR-I|2018"
"Nadia",2013,"KRISHNAGAR-I","BHATJUNGLA","NADIAKRISHNAGARIBHATJUNGLA","SC",TRUE,143.26,20.224,28.358,24.624,7.134,495.6,5,TRUE,143.26,4.97161722707553,1,"Nadia|KRISHNAGAR-I","SC|Nadia|2013","Nadia|KRISHNAGAR-I|2013"
"Nadia",2018,"KRISHNAGAR-I","BHATJUNGLA","NADIAKRISHNAGARIBHATJUNGLA","UR",FALSE,40.15,0.3175,9.255,29.26,0.285,418.5,4,TRUE,40.15,3.71722392712308,0,"Nadia|KRISHNAGAR-I","UR|Nadia|2018","Nadia|KRISHNAGAR-I|2018"
"Nadia",2013,"KRISHNAGAR-I","BHIMPUR","NADIAKRISHNAGARIBHIMPUR","SC",TRUE,89.428,33.074,27.476,22.406,5.878,502.4,5,TRUE,89.428,4.50455395395357,1,"Nadia|KRISHNAGAR-I","SC|Nadia|2013","Nadia|KRISHNAGAR-I|2013"
"Nadia",2018,"KRISHNAGAR-I","BHIMPUR","NADIAKRISHNAGARIBHIMPUR","UR",TRUE,97.2825,31.8875,34.34,29.7325,1.1075,352,4,TRUE,97.2825,4.58784598485489,1,"Nadia|KRISHNAGAR-I","UR|Nadia|2018","Nadia|KRISHNAGAR-I|2018"
"Nadia",2013,"KRISHNAGAR-I","CHAKDIGNAGAR","NADIAKRISHNAGARICHAKDIGNAGAR","UR",FALSE,50.43,15.562,13.078,17.998,3.71,342.4,5,TRUE,50.43,3.94022165978682,0,"Nadia|KRISHNAGAR-I","UR|Nadia|2013","Nadia|KRISHNAGAR-I|2013"
"Nadia",2018,"KRISHNAGAR-I","CHAKDIGNAGAR","NADIAKRISHNAGARICHAKDIGNAGAR","SC",FALSE,39.7075,3.535,8.61,26.4125,0.9475,263.5,4,TRUE,39.7075,3.70641235065624,0,"Nadia|KRISHNAGAR-I","SC|Nadia|2018","Nadia|KRISHNAGAR-I|2018"
"Nadia",2013,"KRISHNAGAR-I","DEYPARA","NADIAKRISHNAGARIDEYPARA","UR",TRUE,111.452,12.478,32.892,18.132,2.978,318,5,TRUE,111.452,4.72252646392969,1,"Nadia|KRISHNAGAR-I","UR|Nadia|2013","Nadia|KRISHNAGAR-I|2013"
"Nadia",2018,"KRISHNAGAR-I","DEYPARA","NADIAKRISHNAGARIDEYPARA","UR",TRUE,73.8225,0,27.095,43.7975,1.7875,325,4,TRUE,73.8225,4.31511864188758,1,"Nadia|KRISHNAGAR-I","UR|Nadia|2018","Nadia|KRISHNAGAR-I|2018"
"Nadia",2013,"KRISHNAGAR-I","DIGNAGAR","NADIAKRISHNAGARIDIGNAGAR","SC",FALSE,140.73,11.212,19.642,21.168,4.704,400.6,5,TRUE,140.73,4.95392383917881,0,"Nadia|KRISHNAGAR-I","SC|Nadia|2013","Nadia|KRISHNAGAR-I|2013"
"Nadia",2018,"KRISHNAGAR-I","DIGNAGAR","NADIAKRISHNAGARIDIGNAGAR","UR",FALSE,73.0525,5.935,16.785,47.63,2.695,487.25,4,TRUE,73.0525,4.30477430111624,0,"Nadia|KRISHNAGAR-I","UR|Nadia|2018","Nadia|KRISHNAGAR-I|2018"
"Nadia",2013,"KRISHNAGAR-I","DOGACHI","NADIAKRISHNAGARIDOGACHI","UR",FALSE,140.238,34.75,37.114,47.042,10.658,503.6,5,TRUE,140.238,4.95044641066539,0,"Nadia|KRISHNAGAR-I","UR|Nadia|2013","Nadia|KRISHNAGAR-I|2013"
"Nadia",2018,"KRISHNAGAR-I","DOGACHI","NADIAKRISHNAGARIDOGACHI","SC",FALSE,64.915,21.675,7.555,33.975,0.315,377.75,4,TRUE,64.915,4.18836603320993,0,"Nadia|KRISHNAGAR-I","SC|Nadia|2018","Nadia|KRISHNAGAR-I|2018"
"Nadia",2013,"KRISHNAGAR-II","BELPUKUR","NADIAKRISHNAGARIIBELPUKUR","BC",TRUE,70.166,21.99,27.82,11.532,3.27,319.4,5,TRUE,70.166,4.26501517627519,1,"Nadia|KRISHNAGAR-II","BC|Nadia|2013","Nadia|KRISHNAGAR-II|2013"
"Nadia",2018,"KRISHNAGAR-II","BELPUKUR","NADIAKRISHNAGARIIBELPUKUR","SC",TRUE,133.7375,21.6575,62.325,45.7675,3.51,469.75,4,TRUE,133.7375,4.90332844110775,1,"Nadia|KRISHNAGAR-II","SC|Nadia|2018","Nadia|KRISHNAGAR-II|2018"
"Nadia",2013,"KRISHNAGAR-II","DHUBULIA-I","NADIAKRISHNAGARIIDHUBULIAI","SC",FALSE,65.13,24.002,13.934,6.392,4.76,240,5,TRUE,65.13,4.19162250168657,0,"Nadia|KRISHNAGAR-II","SC|Nadia|2013","Nadia|KRISHNAGAR-II|2013"
"Nadia",2018,"KRISHNAGAR-II","DHUBULIA-I","NADIAKRISHNAGARIIDHUBULIAI","BC",FALSE,49.51,7.2175,17.1875,17.76,3.3525,365.5,4,TRUE,49.51,3.92217133647996,0,"Nadia|KRISHNAGAR-II","BC|Nadia|2018","Nadia|KRISHNAGAR-II|2018"
"Nadia",2013,"KRISHNAGAR-II","DHUBULIA-II","NADIAKRISHNAGARIIDHUBULIAII","BC",TRUE,81.804,25.394,36.19,10.468,1.238,330.6,5,TRUE,81.804,4.41647636940311,1,"Nadia|KRISHNAGAR-II","BC|Nadia|2013","Nadia|KRISHNAGAR-II|2013"
"Nadia",2018,"KRISHNAGAR-II","DHUBULIA-II","NADIAKRISHNAGARIIDHUBULIAII","BC",TRUE,53.09,12.3875,14.76,22.585,2.8625,395,4,TRUE,53.09,3.99064932588334,1,"Nadia|KRISHNAGAR-II","BC|Nadia|2018","Nadia|KRISHNAGAR-II|2018"
"Nadia",2013,"KRISHNAGAR-II","NOAPARA-I","NADIAKRISHNAGARIINOAPARAI","UR",FALSE,266.032,110.646,83.312,15.156,14.71,353.2,5,TRUE,266.032,5.58736850140606,0,"Nadia|KRISHNAGAR-II","UR|Nadia|2013","Nadia|KRISHNAGAR-II|2013"
"Nadia",2018,"KRISHNAGAR-II","NOAPARA-I","NADIAKRISHNAGARIINOAPARAI","BC",TRUE,114.1575,26.3425,46.61,38.045,0.185,644.75,4,TRUE,114.1575,4.74630075658162,1,"Nadia|KRISHNAGAR-II","BC|Nadia|2018","Nadia|KRISHNAGAR-II|2018"
"Nadia",2013,"KRISHNAGAR-II","NOAPARA-II","NADIAKRISHNAGARIINOAPARAII","BC",TRUE,199.444,122.788,48.946,11.574,8.948,325.8,5,TRUE,199.444,5.30053490598899,1,"Nadia|KRISHNAGAR-II","BC|Nadia|2013","Nadia|KRISHNAGAR-II|2013"
"Nadia",2018,"KRISHNAGAR-II","NOAPARA-II","NADIAKRISHNAGARIINOAPARAII","SC",FALSE,69.0275,4.0775,35.3525,29.595,0.005,497.75,4,TRUE,69.0275,4.24888802204405,0,"Nadia|KRISHNAGAR-II","SC|Nadia|2018","Nadia|KRISHNAGAR-II|2018"
"Nadia",2013,"KRISHNAGAR-II","SADHANPARA-I","NADIAKRISHNAGARIISADHANPARAI","BC",FALSE,128.482,23.374,59.774,11.988,8.756,314,5,TRUE,128.482,4.86354187533974,0,"Nadia|KRISHNAGAR-II","BC|Nadia|2013","Nadia|KRISHNAGAR-II|2013"
"Nadia",2018,"KRISHNAGAR-II","SADHANPARA-I","NADIAKRISHNAGARIISADHANPARAI","UR",TRUE,73.675,17.9625,26.975,28.72,0.0125,446,4,TRUE,73.675,4.31314536410217,1,"Nadia|KRISHNAGAR-II","UR|Nadia|2018","Nadia|KRISHNAGAR-II|2018"
"Nadia",2013,"KRISHNAGAR-II","SADHANPARA-II","NADIAKRISHNAGARIISADHANPARAII","SC",FALSE,94.25,42.372,24.404,5.962,2.828,149.8,5,TRUE,94.25,4.55650501400681,0,"Nadia|KRISHNAGAR-II","SC|Nadia|2013","Nadia|KRISHNAGAR-II|2013"
"Nadia",2018,"KRISHNAGAR-II","SADHANPARA-II","NADIAKRISHNAGARIISADHANPARAII","UR",FALSE,88.125,22.3825,42.83,20.965,0.95,254,4,TRUE,88.125,4.49003987873446,0,"Nadia|KRISHNAGAR-II","UR|Nadia|2018","Nadia|KRISHNAGAR-II|2018"
"Nadia",2013,"KRISHNAGAR-I","JOANIA","NADIAKRISHNAGARIJOANIA","ST",TRUE,157.368,58.9,45.432,16.796,21.508,483.4,5,TRUE,157.368,5.06492143876948,1,"Nadia|KRISHNAGAR-I","ST|Nadia|2013","Nadia|KRISHNAGAR-I|2013"
"Nadia",2018,"KRISHNAGAR-I","JOANIA","NADIAKRISHNAGARIJOANIA","UR",TRUE,81.38,2.39,37.21,41.0275,0.0775,597,4,TRUE,81.38,4.41134268900793,1,"Nadia|KRISHNAGAR-I","UR|Nadia|2018","Nadia|KRISHNAGAR-I|2018"
"Nadia",2013,"KRISHNAGAR-I","PORAGACHHA","NADIAKRISHNAGARIPORAGACHHA","SC",FALSE,108.588,13.026,67.398,24.224,1.656,477.2,5,TRUE,108.588,4.69672787946846,0,"Nadia|KRISHNAGAR-I","SC|Nadia|2013","Nadia|KRISHNAGAR-I|2013"
"Nadia",2018,"KRISHNAGAR-I","PORAGACHHA","NADIAKRISHNAGARIPORAGACHHA","UR",FALSE,64.8375,17.0225,20.7325,27.0025,0.08,387.25,4,TRUE,64.8375,4.18718958480951,0,"Nadia|KRISHNAGAR-I","UR|Nadia|2018","Nadia|KRISHNAGAR-I|2018"
"Nadia",2013,"KRISHNAGAR-I","RUIPUKUR.","NADIAKRISHNAGARIRUIPUKUR","BC",FALSE,160.936,55.16,24.798,24.332,8.534,576,5,TRUE,160.936,5.08720119544655,0,"Nadia|KRISHNAGAR-I","BC|Nadia|2013","Nadia|KRISHNAGAR-I|2013"
"Nadia",2018,"KRISHNAGAR-I","RUIPUKUR.","NADIAKRISHNAGARIRUIPUKUR","SC",FALSE,74.4925,13.3625,10.1725,49.5275,1.295,515.75,4,TRUE,74.4925,4.32403331357231,0,"Nadia|KRISHNAGAR-I","SC|Nadia|2018","Nadia|KRISHNAGAR-I|2018"
"Nadia",2013,"NABADWIP","BABLARI","NADIANABADWIPBABLARI","SC",FALSE,24.358,12.194,8.474,1.008,2.434,72.4,5,TRUE,24.358,3.23309426210576,0,"Nadia|NABADWIP","SC|Nadia|2013","Nadia|NABADWIP|2013"
"Nadia",2018,"NABADWIP","BABLARI","NADIANABADWIPBABLARI","UR",FALSE,13.4875,1.695,1.1225,9.3075,1.365,166.5,4,TRUE,13.4875,2.67328620866587,0,"Nadia|NABADWIP","UR|Nadia|2018","Nadia|NABADWIP|2018"
"Nadia",2013,"NABADWIP","CHARMAJDIA CHARBRAHMANAGAR","NADIANABADWIPCHARMAJDIACHARBRAHMANAGAR","SC",TRUE,70.196,12.584,24.112,7.002,4.09,199.8,5,TRUE,70.196,4.26543663706451,1,"Nadia|NABADWIP","SC|Nadia|2013","Nadia|NABADWIP|2013"
"Nadia",2018,"NABADWIP","CHARMAJDIA CHARBRAHMANAGAR","NADIANABADWIPCHARMAJDIACHARBRAHMANAGAR","UR",TRUE,52.1125,6.28,22.825,20.9825,2.015,216,4,TRUE,52.1125,3.97241230544093,1,"Nadia|NABADWIP","UR|Nadia|2018","Nadia|NABADWIP|2018"
"Nadia",2013,"NABADWIP","FAKIRDANGA GHOLPARA","NADIANABADWIPFAKIRDANGAGHOLPARA","UR",TRUE,69.828,39.162,8.578,9.36,11.022,222.8,5,TRUE,69.828,4.26025440274397,1,"Nadia|NABADWIP","UR|Nadia|2013","Nadia|NABADWIP|2013"
"Nadia",2018,"NABADWIP","FAKIRDANGA GHOLPARA","NADIANABADWIPFAKIRDANGAGHOLPARA","UR",FALSE,87.9725,25.46,10.0725,52.3925,0.055,576,4,TRUE,87.9725,4.48832733322123,0,"Nadia|NABADWIP","UR|Nadia|2018","Nadia|NABADWIP|2018"
"Nadia",2013,"NABADWIP","MAHISURA","NADIANABADWIPMAHISURA","BC",FALSE,117.554,37.486,59.428,8.83,7.268,355.8,5,TRUE,117.554,4.77536855297974,0,"Nadia|NABADWIP","BC|Nadia|2013","Nadia|NABADWIP|2013"
"Nadia",2018,"NABADWIP","MAHISURA","NADIANABADWIPMAHISURA","UR",FALSE,106.7125,24.075,28.4575,54.1825,0,688.75,4,TRUE,106.7125,4.67946564056589,0,"Nadia|NABADWIP","UR|Nadia|2018","Nadia|NABADWIP|2018"
"Nadia",2013,"NABADWIP","MAJDIA PANSILA","NADIANABADWIPMAJDIAPANSILA","UR",TRUE,121.196,18.654,40.962,13.452,2.354,297.6,5,TRUE,121.196,4.80562631297753,1,"Nadia|NABADWIP","UR|Nadia|2013","Nadia|NABADWIP|2013"
"Nadia",2018,"NABADWIP","MAJDIA PANSILA","NADIANABADWIPMAJDIAPANSILA","SC",TRUE,64.0325,6.2325,3.4125,50.5225,2.14,505,4,TRUE,64.0325,4.17488714493729,1,"Nadia|NABADWIP","SC|Nadia|2018","Nadia|NABADWIP|2018"
"Nadia",2013,"NABADWIP","MAYAPUR BAMANPUKUR-I","NADIANABADWIPMAYAPURBAMANPUKURI","UR",TRUE,193.278,61.47,75.72,20.722,10.766,503.8,5,TRUE,193.278,5.26929012300413,1,"Nadia|NABADWIP","UR|Nadia|2013","Nadia|NABADWIP|2013"
"Nadia",2018,"NABADWIP","MAYAPUR BAMANPUKUR-I","NADIANABADWIPMAYAPURBAMANPUKURI","SC",TRUE,69.955,8.5125,8.755,52.675,0,667.75,4,TRUE,69.955,4.2620458732865,1,"Nadia|NABADWIP","SC|Nadia|2018","Nadia|NABADWIP|2018"
"Nadia",2013,"NABADWIP","MAYAPUR BAMANPUKUR-II","NADIANABADWIPMAYAPURBAMANPUKURII","SC",FALSE,202.278,116.978,41.662,14.936,8.662,473.2,5,TRUE,202.278,5.31457450031731,0,"Nadia|NABADWIP","SC|Nadia|2013","Nadia|NABADWIP|2013"
"Nadia",2018,"NABADWIP","MAYAPUR BAMANPUKUR-II","NADIANABADWIPMAYAPURBAMANPUKURII","UR",TRUE,215.54,55.885,76.535,83.1225,0,579,4,TRUE,215.54,5.37777528788275,1,"Nadia|NABADWIP","UR|Nadia|2018","Nadia|NABADWIP|2018"
"Nadia",2013,"NABADWIP","SWARUPGANJ","NADIANABADWIPSWARUPGANJ","UR",FALSE,69.184,15.238,24.636,15.25,1.734,295.4,5,TRUE,69.184,4.25112036482608,0,"Nadia|NABADWIP","UR|Nadia|2013","Nadia|NABADWIP|2013"
"Nadia",2018,"NABADWIP","SWARUPGANJ","NADIANABADWIPSWARUPGANJ","BC",FALSE,38.3925,0.4175,13.565,24.2425,0.165,245.25,4,TRUE,38.3925,3.67357544285406,0,"Nadia|NABADWIP","BC|Nadia|2018","Nadia|NABADWIP|2018"
"Nadia",2013,"NAKASHIPARA","BETHUADAHARI-I","NADIANAKASHIPARABETHUADAHARII","SC",TRUE,78.088,25.39,14.016,16.79,5.026,273.6,5,TRUE,78.088,4.3705611565646,1,"Nadia|NAKASHIPARA","SC|Nadia|2013","Nadia|NAKASHIPARA|2013"
"Nadia",2018,"NAKASHIPARA","BETHUADAHARI-I","NADIANAKASHIPARABETHUADAHARII","UR",FALSE,20.13,6.5225,5.1,5.355,0.0025,125,4,TRUE,20.13,3.05069383162797,0,"Nadia|NAKASHIPARA","UR|Nadia|2018","Nadia|NAKASHIPARA|2018"
"Nadia",2013,"NAKASHIPARA","BETHUADAHARI-II","NADIANAKASHIPARABETHUADAHARIII","UR",TRUE,98.128,38.898,27.932,14.556,4.528,275.6,5,TRUE,98.128,4.59641194431419,1,"Nadia|NAKASHIPARA","UR|Nadia|2013","Nadia|NAKASHIPARA|2013"
"Nadia",2018,"NAKASHIPARA","BETHUADAHARI-II","NADIANAKASHIPARABETHUADAHARIII","BC",FALSE,52.675,21.375,5.8275,23.9425,0.46,372.75,4,TRUE,52.675,3.98294734376484,0,"Nadia|NAKASHIPARA","BC|Nadia|2018","Nadia|NAKASHIPARA|2018"
"Nadia",2013,"NAKASHIPARA","BIKRAMPUR","NADIANAKASHIPARABIKRAMPUR","SC",FALSE,257.412,110.742,55.584,42.178,6.712,640.6,5,TRUE,257.412,5.55455521045864,0,"Nadia|NAKASHIPARA","SC|Nadia|2013","Nadia|NAKASHIPARA|2013"
"Nadia",2018,"NAKASHIPARA","BIKRAMPUR","NADIANAKASHIPARABIKRAMPUR","BC",FALSE,124.5025,44.1325,17.38,60.15,2.8075,972.25,4,TRUE,124.5025,4.83232567869216,0,"Nadia|NAKASHIPARA","BC|Nadia|2018","Nadia|NAKASHIPARA|2018"
"Nadia",2013,"NAKASHIPARA","BILKUMARI","NADIANAKASHIPARABILKUMARI","BC",TRUE,332.488,98.452,105.212,20.568,7.454,623,5,TRUE,332.488,5.80960688269932,1,"Nadia|NAKASHIPARA","BC|Nadia|2013","Nadia|NAKASHIPARA|2013"
"Nadia",2018,"NAKASHIPARA","BILKUMARI","NADIANAKASHIPARABILKUMARI","SC",TRUE,228.9175,62.415,74.6625,91.8,0.0025,1022.5,4,TRUE,228.9175,5.43772054892435,1,"Nadia|NAKASHIPARA","SC|Nadia|2018","Nadia|NAKASHIPARA|2018"
"Nadia",2013,"NAKASHIPARA","BILLWAGRAM","NADIANAKASHIPARABILLWAGRAM","UR",FALSE,264.256,104.83,57.118,37.234,14.62,682.6,5,TRUE,264.256,5.58069539740791,0,"Nadia|NAKASHIPARA","UR|Nadia|2013","Nadia|NAKASHIPARA|2013"
"Nadia",2018,"NAKASHIPARA","BILLWAGRAM","NADIANAKASHIPARABILLWAGRAM","SC",TRUE,140.2625,13.32,30.1725,96.7275,0,1264,4,TRUE,140.2625,4.95061986168627,1,"Nadia|NAKASHIPARA","SC|Nadia|2018","Nadia|NAKASHIPARA|2018"
"Nadia",2013,"NAKASHIPARA","BIRPUR-I","NADIANAKASHIPARABIRPURI","SC",FALSE,118.732,43.208,18.416,45.072,1.21,332.6,5,TRUE,118.732,4.78525591184047,0,"Nadia|NAKASHIPARA","SC|Nadia|2013","Nadia|NAKASHIPARA|2013"
"Nadia",2018,"NAKASHIPARA","BIRPUR-I","NADIANAKASHIPARABIRPURI","UR",FALSE,93.9225,15.265,16.5125,60.2925,1.545,722.25,4,TRUE,93.9225,4.55306076918954,0,"Nadia|NAKASHIPARA","UR|Nadia|2018","Nadia|NAKASHIPARA|2018"
"Nadia",2013,"NAKASHIPARA","BIRPUR-II","NADIANAKASHIPARABIRPURII","UR",FALSE,229.316,107.426,59.944,17.962,8.422,474,5,TRUE,229.316,5.43945227901174,0,"Nadia|NAKASHIPARA","UR|Nadia|2013","Nadia|NAKASHIPARA|2013"
"Nadia",2018,"NAKASHIPARA","BIRPUR-II","NADIANAKASHIPARABIRPURII","SC",TRUE,136.67,39.6425,26.1125,68.7875,0.2825,1058.5,4,TRUE,136.67,4.92485951707485,1,"Nadia|NAKASHIPARA","SC|Nadia|2018","Nadia|NAKASHIPARA|2018"
"Nadia",2013,"NAKASHIPARA","DHANANJAYPUR","NADIANAKASHIPARADHANANJAYPUR","UR",FALSE,506.808,274.424,79.75,65.176,6.916,855.8,5,TRUE,506.808,6.23010342338043,0,"Nadia|NAKASHIPARA","UR|Nadia|2013","Nadia|NAKASHIPARA|2013"
"Nadia",2018,"NAKASHIPARA","DHANANJAYPUR","NADIANAKASHIPARADHANANJAYPUR","BC",FALSE,167.9675,53.725,47.605,66.395,0.18,1083.25,4,TRUE,167.9675,5.12970638873727,0,"Nadia|NAKASHIPARA","BC|Nadia|2018","Nadia|NAKASHIPARA|2018"
"Nadia",2013,"NAKASHIPARA","DHARMADA","NADIANAKASHIPARADHARMADA","UR",FALSE,322.452,91.7,82.192,18.748,15.494,485,5,TRUE,322.452,5.77905072580679,0,"Nadia|NAKASHIPARA","UR|Nadia|2013","Nadia|NAKASHIPARA|2013"
"Nadia",2018,"NAKASHIPARA","DHARMADA","NADIANAKASHIPARADHARMADA","BC",TRUE,144.6075,18.18,48.26,75.805,2.0525,897,4,TRUE,144.6075,4.98091464542495,1,"Nadia|NAKASHIPARA","BC|Nadia|2018","Nadia|NAKASHIPARA|2018"
"Nadia",2013,"NAKASHIPARA","DOGACHHIA","NADIANAKASHIPARADOGACHHIA","UR",TRUE,227.244,125.922,24.678,38.698,8.258,546,5,TRUE,227.244,5.43041523216352,1,"Nadia|NAKASHIPARA","UR|Nadia|2013","Nadia|NAKASHIPARA|2013"
"Nadia",2018,"NAKASHIPARA","DOGACHHIA","NADIANAKASHIPARADOGACHHIA","SC",FALSE,152.5225,25.8625,28.18,96.955,0,954.5,4,TRUE,152.5225,5.03384713609004,0,"Nadia|NAKASHIPARA","SC|Nadia|2018","Nadia|NAKASHIPARA|2018"
"Nadia",2013,"NAKASHIPARA","HARANAGAR","NADIANAKASHIPARAHARANAGAR","BC",TRUE,218.898,67.772,91.408,49.46,9.134,555.2,5,TRUE,218.898,5.39316380247615,1,"Nadia|NAKASHIPARA","BC|Nadia|2013","Nadia|NAKASHIPARA|2013"
"Nadia",2018,"NAKASHIPARA","HARANAGAR","NADIANAKASHIPARAHARANAGAR","UR",FALSE,295.9225,92.0875,78.5075,124.9825,0,1002.5,4,TRUE,295.9225,5.69347116199027,0,"Nadia|NAKASHIPARA","UR|Nadia|2018","Nadia|NAKASHIPARA|2018"
"Nadia",2013,"NAKASHIPARA","MAJHERGRAM","NADIANAKASHIPARAMAJHERGRAM","UR",TRUE,272.794,158.804,62.85,11.466,18.142,373.6,5,TRUE,272.794,5.61237599880854,1,"Nadia|NAKASHIPARA","UR|Nadia|2013","Nadia|NAKASHIPARA|2013"
"Nadia",2018,"NAKASHIPARA","MAJHERGRAM","NADIANAKASHIPARAMAJHERGRAM","SC",FALSE,97.05,0.4425,56.745,34.6975,2.8475,568.5,4,TRUE,97.05,4.58547755264236,0,"Nadia|NAKASHIPARA","SC|Nadia|2018","Nadia|NAKASHIPARA|2018"
"Nadia",2013,"NAKASHIPARA","MURAGACHHA","NADIANAKASHIPARAMURAGACHHA","SC",FALSE,285.076,93.266,82.918,23.33,9.392,502.8,5,TRUE,285.076,5.65625750978449,0,"Nadia|NAKASHIPARA","SC|Nadia|2013","Nadia|NAKASHIPARA|2013"
"Nadia",2018,"NAKASHIPARA","MURAGACHHA","NADIANAKASHIPARAMURAGACHHA","UR",TRUE,84.8125,12.955,24.0825,47.0725,0.4875,764.75,4,TRUE,84.8125,4.45216468352819,1,"Nadia|NAKASHIPARA","UR|Nadia|2018","Nadia|NAKASHIPARA|2018"
"Nadia",2013,"NAKASHIPARA","NAKASIPARA","NADIANAKASHIPARANAKASIPARA","SC",FALSE,309.586,156.916,119.694,19.872,10.524,611.6,5,TRUE,309.586,5.7384608356485,0,"Nadia|NAKASHIPARA","SC|Nadia|2013","Nadia|NAKASHIPARA|2013"
"Nadia",2018,"NAKASHIPARA","NAKASIPARA","NADIANAKASHIPARANAKASIPARA","UR",TRUE,100.0425,22.74,42.515,33.6425,0,624.75,4,TRUE,100.0425,4.61554122041231,1,"Nadia|NAKASHIPARA","UR|Nadia|2018","Nadia|NAKASHIPARA|2018"
"Nadia",2013,"NAKASHIPARA","PATIKABARI","NADIANAKASHIPARAPATIKABARI","SC",FALSE,215.992,71.154,54.054,14.046,7.614,440.8,5,TRUE,215.992,5.37986048650143,0,"Nadia|NAKASHIPARA","SC|Nadia|2013","Nadia|NAKASHIPARA|2013"
"Nadia",2018,"NAKASHIPARA","PATIKABARI","NADIANAKASHIPARAPATIKABARI","UR",TRUE,104.7425,21.8825,15.455,64.4475,2.94,532.5,4,TRUE,104.7425,4.66100689342549,1,"Nadia|NAKASHIPARA","UR|Nadia|2018","Nadia|NAKASHIPARA|2018"
"Nadia",2013,"RANAGHAT-I","ANULIA","NADIARANAGHATIANULIA","BC",TRUE,166.448,37.038,58.978,17.294,3.25,352,5,TRUE,166.448,5.12067285530505,1,"Nadia|RANAGHAT-I","BC|Nadia|2013","Nadia|RANAGHAT-I|2013"
"Nadia",2018,"RANAGHAT-I","ANULIA","NADIARANAGHATIANULIA","UR",TRUE,68.7125,8.7375,29.855,17.955,4.1425,414.5,4,TRUE,68.7125,4.24437964171567,1,"Nadia|RANAGHAT-I","UR|Nadia|2018","Nadia|RANAGHAT-I|2018"
"Nadia",2013,"RANAGHAT-I","BARASAT","NADIARANAGHATIBARASAT","UR",TRUE,358.14,55.084,135.026,33.132,25.252,612.4,5,TRUE,358.14,5.88371228461375,1,"Nadia|RANAGHAT-I","UR|Nadia|2013","Nadia|RANAGHAT-I|2013"
"Nadia",2018,"RANAGHAT-I","BARASAT","NADIARANAGHATIBARASAT","SC",TRUE,204.3525,17.14,134.5825,36.5525,11.755,370,4,TRUE,204.3525,5.32472801466496,1,"Nadia|RANAGHAT-I","SC|Nadia|2018","Nadia|RANAGHAT-I|2018"
"Nadia",2013,"RANAGHAT-I","HABIBPUR","NADIARANAGHATIHABIBPUR","SC",TRUE,148.778,28.75,39.546,21.032,4.642,363.6,5,TRUE,148.778,5.00915419781446,1,"Nadia|RANAGHAT-I","SC|Nadia|2013","Nadia|RANAGHAT-I|2013"
"Nadia",2018,"RANAGHAT-I","HABIBPUR","NADIARANAGHATIHABIBPUR","UR",FALSE,100.91,19.7925,55.91,19.3675,2.5525,269.75,4,TRUE,100.91,4.6240900708406,0,"Nadia|RANAGHAT-I","UR|Nadia|2018","Nadia|RANAGHAT-I|2018"
"Nadia",2013,"RANAGHAT-II","ANISHMALI","NADIARANAGHATIIANISHMALI","SC",FALSE,91.534,31.282,29.29,16.26,3.342,292,5,TRUE,91.534,4.52757614454954,0,"Nadia|RANAGHAT-II","SC|Nadia|2013","Nadia|RANAGHAT-II|2013"
"Nadia",2018,"RANAGHAT-II","ANISHMALI","NADIARANAGHATIIANISHMALI","BC",FALSE,74.0725,7.4875,42.9825,21.0325,1.775,226,4,TRUE,74.0725,4.31845431328164,0,"Nadia|RANAGHAT-II","BC|Nadia|2018","Nadia|RANAGHAT-II|2018"
"Nadia",2013,"RANAGHAT-II","ARANGHATA","NADIARANAGHATIIARANGHATA","BC",FALSE,132.406,34.08,42.066,11.78,3.074,279.8,5,TRUE,132.406,4.89339710998131,0,"Nadia|RANAGHAT-II","BC|Nadia|2013","Nadia|RANAGHAT-II|2013"
"Nadia",2018,"RANAGHAT-II","ARANGHATA","NADIARANAGHATIIARANGHATA","SC",FALSE,69.26,21.1425,23.305,21.5575,3.05,270.75,4,TRUE,69.26,4.25220264683768,0,"Nadia|RANAGHAT-II","SC|Nadia|2018","Nadia|RANAGHAT-II|2018"
"Nadia",2013,"RANAGHAT-II","BAHIRGACHI","NADIARANAGHATIIBAHIRGACHI","SC",TRUE,220.926,107.702,56.6,19.202,3.966,670.2,5,TRUE,220.926,5.40234399297104,1,"Nadia|RANAGHAT-II","SC|Nadia|2013","Nadia|RANAGHAT-II|2013"
"Nadia",2018,"RANAGHAT-II","BAHIRGACHI","NADIARANAGHATIIBAHIRGACHI","UR",FALSE,59.685,25.2875,16.875,12.5375,3.9475,269,4,TRUE,59.685,4.10569655055833,0,"Nadia|RANAGHAT-II","UR|Nadia|2018","Nadia|RANAGHAT-II|2018"
"Nadia",2013,"RANAGHAT-II","BAIDYAPUR-I","NADIARANAGHATIIBAIDYAPURI","UR",FALSE,156.426,51.01,33.804,17.426,0.034,420.2,5,TRUE,156.426,5.05895550658585,0,"Nadia|RANAGHAT-II","UR|Nadia|2013","Nadia|RANAGHAT-II|2013"
"Nadia",2018,"RANAGHAT-II","BAIDYAPUR-I","NADIARANAGHATIIBAIDYAPURI","ST",FALSE,62.7625,12.9125,26.68,22.65,0,321,4,TRUE,62.7625,4.15516524324905,0,"Nadia|RANAGHAT-II","ST|Nadia|2018","Nadia|RANAGHAT-II|2018"
"Nadia",2013,"RANAGHAT-II","BAIDYAPUR-II","NADIARANAGHATIIBAIDYAPURII","BC",FALSE,67.936,16.482,27.372,10.39,2.28,339.8,5,TRUE,67.936,4.23317853793747,0,"Nadia|RANAGHAT-II","BC|Nadia|2013","Nadia|RANAGHAT-II|2013"
"Nadia",2018,"RANAGHAT-II","BAIDYAPUR-II","NADIARANAGHATIIBAIDYAPURII","UR",TRUE,44.6975,18.8175,14.775,4.6725,0.8275,95,4,TRUE,44.6975,3.82204359180862,1,"Nadia|RANAGHAT-II","UR|Nadia|2018","Nadia|RANAGHAT-II|2018"
"Nadia",2013,"RANAGHAT-II","DEBAGRAM","NADIARANAGHATIIDEBAGRAM","ST",TRUE,141.654,76.438,26.936,12.306,0.532,340.8,5,TRUE,141.654,4.96042211792533,1,"Nadia|RANAGHAT-II","ST|Nadia|2013","Nadia|RANAGHAT-II|2013"
"Nadia",2018,"RANAGHAT-II","DEBAGRAM","NADIARANAGHATIIDEBAGRAM","SC",TRUE,78.365,29.5025,27.5825,19.1425,0.845,294,4,TRUE,78.365,4.3740574650242,1,"Nadia|RANAGHAT-II","SC|Nadia|2018","Nadia|RANAGHAT-II|2018"
"Nadia",2013,"RANAGHAT-II","DUTTAFULIA","NADIARANAGHATIIDUTTAFULIA","UR",FALSE,202.66,55.456,74.444,32.64,3.974,578.6,5,TRUE,202.66,5.31645193674352,0,"Nadia|RANAGHAT-II","UR|Nadia|2013","Nadia|RANAGHAT-II|2013"
"Nadia",2018,"RANAGHAT-II","DUTTAFULIA","NADIARANAGHATIIDUTTAFULIA","SC",TRUE,117.89,39.38,56.5925,19.9475,1.7325,452.25,4,TRUE,117.89,4.77819869587045,1,"Nadia|RANAGHAT-II","SC|Nadia|2018","Nadia|RANAGHAT-II|2018"
"Nadia",2013,"RANAGHAT-II","JUGALKISHORE","NADIARANAGHATIIJUGALKISHORE","SC",FALSE,192.294,61.958,59.848,15.746,3.484,391.2,5,TRUE,192.294,5.26421234589808,0,"Nadia|RANAGHAT-II","SC|Nadia|2013","Nadia|RANAGHAT-II|2013"
"Nadia",2018,"RANAGHAT-II","JUGALKISHORE","NADIARANAGHATIIJUGALKISHORE","UR",TRUE,62.5975,31.475,23.435,6.8225,0.8625,108.75,4,TRUE,62.5975,4.15257416139739,1,"Nadia|RANAGHAT-II","UR|Nadia|2018","Nadia|RANAGHAT-II|2018"
"Nadia",2013,"RANAGHAT-II","KAMALPUR","NADIARANAGHATIIKAMALPUR","UR",FALSE,184.254,69.016,47.2,22.55,1.492,447.2,5,TRUE,184.254,5.22172785638573,0,"Nadia|RANAGHAT-II","UR|Nadia|2013","Nadia|RANAGHAT-II|2013"
"Nadia",2018,"RANAGHAT-II","KAMALPUR","NADIARANAGHATIIKAMALPUR","UR",TRUE,179.2275,50.7775,113.185,14.055,0.175,375.75,4,TRUE,179.2275,5.19421994174389,1,"Nadia|RANAGHAT-II","UR|Nadia|2018","Nadia|RANAGHAT-II|2018"
"Nadia",2013,"RANAGHAT-II","MAJHERGRAM","NADIARANAGHATIIMAJHERGRAM","SC",FALSE,197.744,49.446,79.538,20.066,2.784,548.8,5,TRUE,197.744,5.29201756439951,0,"Nadia|RANAGHAT-II","SC|Nadia|2013","Nadia|RANAGHAT-II|2013"
"Nadia",2018,"RANAGHAT-II","MAJHERGRAM","NADIARANAGHATIIMAJHERGRAM","UR",TRUE,60.63,15.12,22.4225,21.675,1.3225,402,4,TRUE,60.63,4.12114876497415,1,"Nadia|RANAGHAT-II","UR|Nadia|2018","Nadia|RANAGHAT-II|2018"
"Nadia",2013,"RANAGHAT-II","NOKARI","NADIARANAGHATIINOKARI","UR",TRUE,119.304,30.902,41.956,14.742,3.618,358.8,5,TRUE,119.304,4.79002187263567,1,"Nadia|RANAGHAT-II","UR|Nadia|2013","Nadia|RANAGHAT-II|2013"
"Nadia",2018,"RANAGHAT-II","NOKARI","NADIARANAGHATIINOKARI","SC",TRUE,59.425,7.8775,38.5075,12.515,0.43,240.5,4,TRUE,59.425,4.10140292658955,1,"Nadia|RANAGHAT-II","SC|Nadia|2018","Nadia|RANAGHAT-II|2018"
"Nadia",2013,"RANAGHAT-II","RAGHUNATHPUR HIJULI-I","NADIARANAGHATIIRAGHUNATHPURHIJULII","UR",FALSE,98.498,17.25,22.428,12.524,2.12,321.4,5,TRUE,98.498,4.60013754346002,0,"Nadia|RANAGHAT-II","UR|Nadia|2013","Nadia|RANAGHAT-II|2013"
"Nadia",2018,"RANAGHAT-II","RAGHUNATHPUR HIJULI-I","NADIARANAGHATIIRAGHUNATHPURHIJULII","UR",FALSE,101.2325,11.9425,69.3975,12.0125,5.49,227.75,4,TRUE,101.2325,4.62724963113097,0,"Nadia|RANAGHAT-II","UR|Nadia|2018","Nadia|RANAGHAT-II|2018"
"Nadia",2013,"RANAGHAT-II","RAGHUNATHPUR HIJULI-II","NADIARANAGHATIIRAGHUNATHPURHIJULIII","UR",TRUE,238.956,38.796,36.774,9.888,12.424,355,5,TRUE,238.956,5.48045557320105,1,"Nadia|RANAGHAT-II","UR|Nadia|2013","Nadia|RANAGHAT-II|2013"
"Nadia",2018,"RANAGHAT-II","RAGHUNATHPUR HIJULI-II","NADIARANAGHATIIRAGHUNATHPURHIJULIII","UR",FALSE,41.85,4.3325,24.82,11.085,1.5525,202.75,4,TRUE,41.85,3.75770564504379,0,"Nadia|RANAGHAT-II","UR|Nadia|2018","Nadia|RANAGHAT-II|2018"
"Nadia",2013,"RANAGHAT-II","SHYAMNAGAR","NADIARANAGHATIISHYAMNAGAR","SC",TRUE,34.892,7.852,12.46,8.566,1.396,168.8,5,TRUE,34.892,3.58051442943581,1,"Nadia|RANAGHAT-II","SC|Nadia|2013","Nadia|RANAGHAT-II|2013"
"Nadia",2018,"RANAGHAT-II","SHYAMNAGAR","NADIARANAGHATIISHYAMNAGAR","BC",TRUE,22.05,0,8.2225,7.8675,1.13,92.25,4,TRUE,22.05,3.13766576944266,1,"Nadia|RANAGHAT-II","BC|Nadia|2018","Nadia|RANAGHAT-II|2018"
"Nadia",2013,"RANAGHAT-I","KALINARAYANPUR PAHARPUR","NADIARANAGHATIKALINARAYANPURPAHARPUR","BC",FALSE,217.256,38.776,63.87,31.138,13.516,582.2,5,TRUE,217.256,5.38566868575076,0,"Nadia|RANAGHAT-I","BC|Nadia|2013","Nadia|RANAGHAT-I|2013"
"Nadia",2018,"RANAGHAT-I","KALINARAYANPUR PAHARPUR","NADIARANAGHATIKALINARAYANPURPAHARPUR","BC",TRUE,120.31,11.53,82.8875,14.37,2.5375,394.25,4,TRUE,120.31,4.79834925278283,1,"Nadia|RANAGHAT-I","BC|Nadia|2018","Nadia|RANAGHAT-I|2018"
"Nadia",2013,"RANAGHAT-I","KHISMA","NADIARANAGHATIKHISMA","SC",TRUE,159.104,20.478,85.092,20.686,4.894,320.2,5,TRUE,159.104,5.07582360407532,1,"Nadia|RANAGHAT-I","SC|Nadia|2013","Nadia|RANAGHAT-I|2013"
"Nadia",2018,"RANAGHAT-I","KHISMA","NADIARANAGHATIKHISMA","UR",FALSE,73.1575,3.8775,60.285,8.0275,0.87,288.25,4,TRUE,73.1575,4.30619120979401,0,"Nadia|RANAGHAT-I","UR|Nadia|2018","Nadia|RANAGHAT-I|2018"
"Nadia",2013,"RANAGHAT-I","NAWPARA MASUNDA","NADIARANAGHATINAWPARAMASUNDA","SC",FALSE,219.85,79.972,36.48,16.916,9.182,399.8,5,TRUE,219.85,5.39748373804254,0,"Nadia|RANAGHAT-I","SC|Nadia|2013","Nadia|RANAGHAT-I|2013"
"Nadia",2018,"RANAGHAT-I","NAWPARA MASUNDA","NADIARANAGHATINAWPARAMASUNDA","SC",TRUE,133.74,27.7175,63.065,41.6225,0,565.25,4,TRUE,133.74,4.90334699553251,1,"Nadia|RANAGHAT-I","SC|Nadia|2018","Nadia|RANAGHAT-I|2018"
"Nadia",2013,"RANAGHAT-I","PAYRADANGA","NADIARANAGHATIPAYRADANGA","UR",TRUE,209.48,35.998,92.876,21.698,6.402,438,5,TRUE,209.48,5.34939063673204,1,"Nadia|RANAGHAT-I","UR|Nadia|2013","Nadia|RANAGHAT-I|2013"
"Nadia",2018,"RANAGHAT-I","PAYRADANGA","NADIARANAGHATIPAYRADANGA","UR",FALSE,124.3225,11.0075,79.1975,19.785,2.7425,320.75,4,TRUE,124.3225,4.83089041481575,0,"Nadia|RANAGHAT-I","UR|Nadia|2018","Nadia|RANAGHAT-I|2018"
"Nadia",2013,"RANAGHAT-I","RAMANAGAR-I","NADIARANAGHATIRAMANAGARI","SC",TRUE,77.836,14.112,22.256,20.354,3.328,325.6,5,TRUE,77.836,4.36736974533025,1,"Nadia|RANAGHAT-I","SC|Nadia|2013","Nadia|RANAGHAT-I|2013"
"Nadia",2018,"RANAGHAT-I","RAMANAGAR-I","NADIARANAGHATIRAMANAGARI","UR",FALSE,22.6725,5.425,1.405,13.73,2.12,274,4,TRUE,22.6725,3.16431403687552,0,"Nadia|RANAGHAT-I","UR|Nadia|2018","Nadia|RANAGHAT-I|2018"
"Nadia",2013,"RANAGHAT-I","RAMNAGAR-II","NADIARANAGHATIRAMNAGARII","UR",TRUE,142.698,21.466,55.154,19.856,1.948,334,5,TRUE,142.698,4.96771387510364,1,"Nadia|RANAGHAT-I","UR|Nadia|2013","Nadia|RANAGHAT-I|2013"
"Nadia",2018,"RANAGHAT-I","RAMNAGAR-II","NADIARANAGHATIRAMNAGARII","SC",FALSE,101.9575,3.5975,88.6975,8.0775,0.6375,231,4,TRUE,101.9575,4.6343162817188,0,"Nadia|RANAGHAT-I","SC|Nadia|2018","Nadia|RANAGHAT-I|2018"
"Nadia",2013,"RANAGHAT-I","TARAPUR","NADIARANAGHATITARAPUR","UR",FALSE,140.35,63.876,42.088,14.968,9.38,245,5,TRUE,140.35,4.9512390841396,0,"Nadia|RANAGHAT-I","UR|Nadia|2013","Nadia|RANAGHAT-I|2013"
"Nadia",2018,"RANAGHAT-I","TARAPUR","NADIARANAGHATITARAPUR","UR",FALSE,64.915,5.69,25.6825,32.44,0.3175,369.75,4,TRUE,64.915,4.18836603320993,0,"Nadia|RANAGHAT-I","UR|Nadia|2018","Nadia|RANAGHAT-I|2018"
"Nadia",2013,"SANTIPUR","ARBANDI-I","NADIASANTIPURARBANDII","SC",FALSE,391.44,69.982,87.184,10.342,19.066,436,5,TRUE,391.44,5.97238365929519,0,"Nadia|SANTIPUR","SC|Nadia|2013","Nadia|SANTIPUR|2013"
"Nadia",2018,"SANTIPUR","ARBANDI-I","NADIASANTIPURARBANDII","UR",TRUE,101.1225,30.2525,31.29,37.155,2.28,332,4,TRUE,101.1225,4.62617307307637,1,"Nadia|SANTIPUR","UR|Nadia|2018","Nadia|SANTIPUR|2018"
"Nadia",2013,"SANTIPUR","ARBANDI-II","NADIASANTIPURARBANDIII","BC",FALSE,270.724,24.63,17.686,32.904,8.038,310.8,5,TRUE,270.724,5.60478684525111,0,"Nadia|SANTIPUR","BC|Nadia|2013","Nadia|SANTIPUR|2013"
"Nadia",2018,"SANTIPUR","ARBANDI-II","NADIASANTIPURARBANDIII","SC",TRUE,89.925,13.5175,4.0525,71.6275,0,508.5,4,TRUE,89.925,4.51003499087305,1,"Nadia|SANTIPUR","SC|Nadia|2018","Nadia|SANTIPUR|2018"
"Nadia",2013,"SANTIPUR","BABLA","NADIASANTIPURBABLA","UR",TRUE,215.26,39.106,61.912,30.718,6.998,485.2,5,TRUE,215.26,5.37648138751739,1,"Nadia|SANTIPUR","UR|Nadia|2013","Nadia|SANTIPUR|2013"
"Nadia",2018,"SANTIPUR","BABLA","NADIASANTIPURBABLA","ST",TRUE,115.13,0.6625,67.2725,43.1775,1.5,460.25,4,TRUE,115.13,4.75471025325767,1,"Nadia|SANTIPUR","ST|Nadia|2018","Nadia|SANTIPUR|2018"
"Nadia",2013,"SANTIPUR","BAGANCHRA","NADIASANTIPURBAGANCHRA","UR",FALSE,264.5,124.662,14.136,33.382,13.016,524.8,5,TRUE,264.5,5.58161484068199,0,"Nadia|SANTIPUR","UR|Nadia|2013","Nadia|SANTIPUR|2013"
"Nadia",2018,"SANTIPUR","BAGANCHRA","NADIASANTIPURBAGANCHRA","UR",TRUE,70.59,0.6225,37.4175,32.49,0,445.5,4,TRUE,70.59,4.27095539940809,1,"Nadia|SANTIPUR","UR|Nadia|2018","Nadia|SANTIPUR|2018"
"Nadia",2013,"SANTIPUR","BELGORIA-I","NADIASANTIPURBELGORIAI","SC",FALSE,116.59,14.568,40.848,12.368,5.632,382.8,5,TRUE,116.59,4.76720399783532,0,"Nadia|SANTIPUR","SC|Nadia|2013","Nadia|SANTIPUR|2013"
"Nadia",2018,"SANTIPUR","BELGORIA-I","NADIASANTIPURBELGORIAI","BC",TRUE,39.775,0.0425,22.7275,15.09,1.6475,339.5,4,TRUE,39.775,3.70806914850708,1,"Nadia|SANTIPUR","BC|Nadia|2018","Nadia|SANTIPUR|2018"
"Nadia",2013,"SANTIPUR","BELGORIA-II","NADIASANTIPURBELGORIAII","UR",FALSE,143.336,6.452,14.76,15.652,7.416,284.8,5,TRUE,143.336,4.97214391491428,0,"Nadia|SANTIPUR","UR|Nadia|2013","Nadia|SANTIPUR|2013"
"Nadia",2018,"SANTIPUR","BELGORIA-II","NADIASANTIPURBELGORIAII","SC",FALSE,45.1125,2.605,22.365,12.775,0.005,175,4,TRUE,45.1125,3.83108406292279,0,"Nadia|SANTIPUR","SC|Nadia|2018","Nadia|SANTIPUR|2018"
"Nadia",2013,"SANTIPUR","FULIA TOWNSHIP","NADIASANTIPURFULIATOWNSHIP","SC",FALSE,124.572,24.366,38.84,2.958,4.304,142,5,TRUE,124.572,4.83287929924522,0,"Nadia|SANTIPUR","SC|Nadia|2013","Nadia|SANTIPUR|2013"
"Nadia",2018,"SANTIPUR","FULIA TOWNSHIP","NADIASANTIPURFULIATOWNSHIP","BC",FALSE,58.33,1.3175,42.3075,2.97,1.9675,100.75,4,TRUE,58.33,4.08311508027055,0,"Nadia|SANTIPUR","BC|Nadia|2018","Nadia|SANTIPUR|2018"
"Nadia",2013,"SANTIPUR","GAYESHPUR","NADIASANTIPURGAYESHPUR","UR",TRUE,174.556,76.472,8.764,30.196,6.948,535,5,TRUE,174.556,5.16795808032716,1,"Nadia|SANTIPUR","UR|Nadia|2013","Nadia|SANTIPUR|2013"
"Nadia",2018,"SANTIPUR","GAYESHPUR","NADIASANTIPURGAYESHPUR","BC",FALSE,46.5,0.7525,19.825,25.695,0.01,509,4,TRUE,46.5,3.8607297110406,0,"Nadia|SANTIPUR","BC|Nadia|2018","Nadia|SANTIPUR|2018"
"Nadia",2013,"SANTIPUR","HARIPUR","NADIASANTIPURHARIPUR","SC",TRUE,294.07,169.262,61.118,15.382,12.35,553.8,5,TRUE,294.07,5.68721261632704,1,"Nadia|SANTIPUR","SC|Nadia|2013","Nadia|SANTIPUR|2013"
"Nadia",2018,"SANTIPUR","HARIPUR","NADIASANTIPURHARIPUR","UR",TRUE,180.2625,11.2975,109.3175,54.5725,5.0025,1149.25,4,TRUE,180.2625,5.19994625687401,1,"Nadia|SANTIPUR","UR|Nadia|2018","Nadia|SANTIPUR|2018"
"Nadia",2013,"SANTIPUR","NABLA","NADIASANTIPURNABLA","BC",TRUE,266.37,40.49,82.144,26.99,3.034,529.2,5,TRUE,266.37,5.58863346690046,1,"Nadia|SANTIPUR","BC|Nadia|2013","Nadia|SANTIPUR|2013"
"Nadia",2018,"SANTIPUR","NABLA","NADIASANTIPURNABLA","SC",FALSE,218.7275,2.095,188.335,24.585,3.625,362.5,4,TRUE,218.7275,5.39238814224467,0,"Nadia|SANTIPUR","SC|Nadia|2018","Nadia|SANTIPUR|2018"
"Nadia",2013,"TEHATTA-I","BATAI-I","NADIATEHATTAIBATAII","SC",TRUE,218.794,52.97,91.116,43.254,11.212,441,5,TRUE,218.794,5.39269074405372,1,"Nadia|TEHATTA-I","SC|Nadia|2013","Nadia|TEHATTA-I|2013"
"Nadia",2018,"TEHATTA-I","BATAI-I","NADIATEHATTAIBATAII","ST",TRUE,73.5225,1.3875,31.97,28.365,6.1825,405.25,4,TRUE,73.5225,4.31110109321146,1,"Nadia|TEHATTA-I","ST|Nadia|2018","Nadia|TEHATTA-I|2018"
"Nadia",2013,"TEHATTA-I","BETAI-II","NADIATEHATTAIBETAIII","UR",TRUE,157.662,36.802,60.292,42.784,3.306,425,5,TRUE,157.662,5.06677615336607,1,"Nadia|TEHATTA-I","UR|Nadia|2013","Nadia|TEHATTA-I|2013"
"Nadia",2018,"TEHATTA-I","BETAI-II","NADIATEHATTAIBETAIII","SC",FALSE,106.0075,0.15,32.5975,67.2525,2.535,534.5,4,TRUE,106.0075,4.67289892546342,0,"Nadia|TEHATTA-I","SC|Nadia|2018","Nadia|TEHATTA-I|2018"
"Nadia",2013,"TEHATTA-I","CHANDERGHAT","NADIATEHATTAICHANDERGHAT","SC",FALSE,173.38,64.712,34,65.19,3.292,366.6,5,TRUE,173.38,5.16123682599967,0,"Nadia|TEHATTA-I","SC|Nadia|2013","Nadia|TEHATTA-I|2013"
"Nadia",2018,"TEHATTA-I","CHANDERGHAT","NADIATEHATTAICHANDERGHAT","UR",TRUE,92.7675,8.795,40,38.9325,0.2475,398.25,4,TRUE,92.7675,4.54081831409713,1,"Nadia|TEHATTA-I","UR|Nadia|2018","Nadia|TEHATTA-I|2018"
"Nadia",2013,"TEHATTA-I","CHHITKA","NADIATEHATTAICHHITKA","SC",TRUE,277.786,68.458,76.674,60.832,4.004,597,5,TRUE,277.786,5.63044446241751,1,"Nadia|TEHATTA-I","SC|Nadia|2013","Nadia|TEHATTA-I|2013"
"Nadia",2018,"TEHATTA-I","CHHITKA","NADIATEHATTAICHHITKA","UR",TRUE,102.6975,8.55,47.6725,39.58,6.1075,405.25,4,TRUE,102.6975,4.64147800694102,1,"Nadia|TEHATTA-I","UR|Nadia|2018","Nadia|TEHATTA-I|2018"
"Nadia",2013,"TEHATTA-II","BARNIA","NADIATEHATTAIIBARNIA","SC",FALSE,141.836,51.958,43.164,12.194,1.984,193.4,5,TRUE,141.836,4.96169711897374,0,"Nadia|TEHATTA-II","SC|Nadia|2013","Nadia|TEHATTA-II|2013"
"Nadia",2018,"TEHATTA-II","BARNIA","NADIATEHATTAIIBARNIA","UR",TRUE,48.5375,5.2025,15.08,28.2525,0,333,4,TRUE,48.5375,3.90272995851655,1,"Nadia|TEHATTA-II","UR|Nadia|2018","Nadia|TEHATTA-II|2018"
"Nadia",2013,"TEHATTA-II","GOPINATHPUR","NADIATEHATTAIIGOPINATHPUR","BC",TRUE,83.15,45.584,17.722,10.652,4.534,197.6,5,TRUE,83.15,4.43260092063681,1,"Nadia|TEHATTA-II","BC|Nadia|2013","Nadia|TEHATTA-II|2013"
"Nadia",2018,"TEHATTA-II","GOPINATHPUR","NADIATEHATTAIIGOPINATHPUR","SC",TRUE,83.03,2.4275,30.8275,48.74,1.04,393.25,4,TRUE,83.03,4.43117387794013,1,"Nadia|TEHATTA-II","SC|Nadia|2018","Nadia|TEHATTA-II|2018"
"Nadia",2013,"TEHATTA-II","HANSPUKURIA","NADIATEHATTAIIHANSPUKURIA","UR",FALSE,126.816,38.894,55.06,3.598,7.018,190.8,5,TRUE,126.816,4.85059172972527,0,"Nadia|TEHATTA-II","UR|Nadia|2013","Nadia|TEHATTA-II|2013"
"Nadia",2018,"TEHATTA-II","HANSPUKURIA","NADIATEHATTAIIHANSPUKURIA","SC",TRUE,72.8325,0.985,52.7225,16.9325,1.6625,259,4,TRUE,72.8325,4.30179901407167,1,"Nadia|TEHATTA-II","SC|Nadia|2018","Nadia|TEHATTA-II|2018"
"Nadia",2013,"TEHATTA-II","PALASIPARA","NADIATEHATTAIIPALASIPARA","SC",TRUE,137.348,34.54,62.352,11.016,10.266,348.8,5,TRUE,137.348,4.92977225003882,1,"Nadia|TEHATTA-II","SC|Nadia|2013","Nadia|TEHATTA-II|2013"
"Nadia",2018,"TEHATTA-II","PALASIPARA","NADIATEHATTAIIPALASIPARA","UR",TRUE,70.665,1.0325,35.145,33.6975,0.0225,389,4,TRUE,70.665,4.27200248337518,1,"Nadia|TEHATTA-II","UR|Nadia|2018","Nadia|TEHATTA-II|2018"
"Nadia",2013,"TEHATTA-II","PALSUNDA-I","NADIATEHATTAIIPALSUNDAI","UR",FALSE,141.59,49.75,75.158,6.236,4.798,315.4,5,TRUE,141.59,4.95997337929403,0,"Nadia|TEHATTA-II","UR|Nadia|2013","Nadia|TEHATTA-II|2013"
"Nadia",2018,"TEHATTA-II","PALSUNDA-I","NADIATEHATTAIIPALSUNDAI","BC",FALSE,47.085,0.105,21.845,25.1275,0,273.5,4,TRUE,47.085,3.87297027816445,0,"Nadia|TEHATTA-II","BC|Nadia|2018","Nadia|TEHATTA-II|2018"
"Nadia",2013,"TEHATTA-II","PALSUNDA-II","NADIATEHATTAIIPALSUNDAII","UR",TRUE,75.454,24.776,33.222,10.402,0.02,230.6,5,TRUE,75.454,4.33668925278528,1,"Nadia|TEHATTA-II","UR|Nadia|2013","Nadia|TEHATTA-II|2013"
"Nadia",2018,"TEHATTA-II","PALSUNDA-II","NADIATEHATTAIIPALSUNDAII","UR",FALSE,52.4,11.2675,15.1825,24.11,0.0125,216.75,4,TRUE,52.4,3.97781074596615,0,"Nadia|TEHATTA-II","UR|Nadia|2018","Nadia|TEHATTA-II|2018"
"Nadia",2013,"TEHATTA-II","SAHEBNAGAR","NADIATEHATTAIISAHEBNAGAR","UR",TRUE,182.792,56.722,84.83,19.568,2.42,449.6,5,TRUE,182.792,5.21380468340305,1,"Nadia|TEHATTA-II","UR|Nadia|2013","Nadia|TEHATTA-II|2013"
"Nadia",2018,"TEHATTA-II","SAHEBNAGAR","NADIATEHATTAIISAHEBNAGAR","BC",FALSE,84.815,0.1675,49.35,33.2325,1.03,393,4,TRUE,84.815,4.4521938163886,0,"Nadia|TEHATTA-II","BC|Nadia|2018","Nadia|TEHATTA-II|2018"
"Nadia",2013,"TEHATTA-I","KANAINAGAR","NADIATEHATTAIKANAINAGAR","UR",TRUE,116.494,22.702,36.164,27.824,3.7,300.2,5,TRUE,116.494,4.76638726845062,1,"Nadia|TEHATTA-I","UR|Nadia|2013","Nadia|TEHATTA-I|2013"
"Nadia",2018,"TEHATTA-I","KANAINAGAR","NADIATEHATTAIKANAINAGAR","SC",TRUE,90.715,0.94,40.3475,48.3325,0,416,4,TRUE,90.715,4.51868594276631,1,"Nadia|TEHATTA-I","SC|Nadia|2018","Nadia|TEHATTA-I|2018"
"Nadia",2013,"TEHATTA-I","NATNA","NADIATEHATTAINATNA","UR",FALSE,169.782,68.22,57.734,29.948,6.992,432.8,5,TRUE,169.782,5.14038788938407,0,"Nadia|TEHATTA-I","UR|Nadia|2013","Nadia|TEHATTA-I|2013"
"Nadia",2018,"TEHATTA-I","NATNA","NADIATEHATTAINATNA","SC",FALSE,51.575,1.475,32.165,15.2575,0.0025,293.25,4,TRUE,51.575,3.96224072158876,0,"Nadia|TEHATTA-I","SC|Nadia|2018","Nadia|TEHATTA-I|2018"
"Nadia",2013,"TEHATTA-I","PATHARGHATA-I","NADIATEHATTAIPATHARGHATAI","UR",FALSE,162.914,40.552,50.184,34.058,8.236,327.4,5,TRUE,162.914,5.09934190003965,0,"Nadia|TEHATTA-I","UR|Nadia|2013","Nadia|TEHATTA-I|2013"
"Nadia",2018,"TEHATTA-I","PATHARGHATA-I","NADIATEHATTAIPATHARGHATAI","UR",FALSE,90.75,8.345,14.71,67.32,0.0025,208,4,TRUE,90.75,4.51906748693468,0,"Nadia|TEHATTA-I","UR|Nadia|2018","Nadia|TEHATTA-I|2018"
"Nadia",2013,"TEHATTA-I","PATHATGHATA-II","NADIATEHATTAIPATHATGHATAII","UR",TRUE,175.58,39.3,44.062,40.22,10.822,380.8,5,TRUE,175.58,5.17377403147344,1,"Nadia|TEHATTA-I","UR|Nadia|2013","Nadia|TEHATTA-I|2013"
"Nadia",2018,"TEHATTA-I","PATHATGHATA-II","NADIATEHATTAIPATHATGHATAII","UR",FALSE,70.6125,2.9025,39.485,24.7225,1.43,185.25,4,TRUE,70.6125,4.2712696397347,0,"Nadia|TEHATTA-I","UR|Nadia|2018","Nadia|TEHATTA-I|2018"
"Nadia",2013,"TEHATTA-I","RAGHUNATHPUR","NADIATEHATTAIRAGHUNATHPUR","BC",FALSE,178.526,70.376,80.318,10.832,2.232,265,5,TRUE,178.526,5.19032004423571,0,"Nadia|TEHATTA-I","BC|Nadia|2013","Nadia|TEHATTA-I|2013"
"Nadia",2018,"TEHATTA-I","RAGHUNATHPUR","NADIATEHATTAIRAGHUNATHPUR","UR",TRUE,133.2075,0.0125,115.4125,14.9775,0.545,214.75,4,TRUE,133.2075,4.89938710971219,1,"Nadia|TEHATTA-I","UR|Nadia|2018","Nadia|TEHATTA-I|2018"
"Nadia",2013,"TEHATTA-I","SHYAMNAGAR","NADIATEHATTAISHYAMNAGAR","UR",FALSE,201.966,93.94,53.264,22.038,5.406,296.6,5,TRUE,201.966,5.31303847732943,0,"Nadia|TEHATTA-I","UR|Nadia|2013","Nadia|TEHATTA-I|2013"
"Nadia",2018,"TEHATTA-I","SHYAMNAGAR","NADIATEHATTAISHYAMNAGAR","UR",FALSE,83.73,6.5425,40.905,29.9175,2.055,398,4,TRUE,83.73,4.43946973021037,0,"Nadia|TEHATTA-I","UR|Nadia|2018","Nadia|TEHATTA-I|2018"
"Nadia",2013,"TEHATTA-I","TEHATTA","NADIATEHATTAITEHATTA","UR",TRUE,138.55,43.678,42.536,26.85,5.284,411.2,5,TRUE,138.55,4.93842295998233,1,"Nadia|TEHATTA-I","UR|Nadia|2013","Nadia|TEHATTA-I|2013"
"Nadia",2018,"TEHATTA-I","TEHATTA","NADIATEHATTAITEHATTA","SC",TRUE,105.8825,5.5925,64.0675,31.7425,0.325,262.25,4,TRUE,105.8825,4.67173010023334,1,"Nadia|TEHATTA-I","SC|Nadia|2018","Nadia|TEHATTA-I|2018"
"Purulia",2018,"ARSHA","ARSHA","PURULIAARSHAARSHA","UR",FALSE,188.7175,4.3325,21.245,152.955,1.175,1337.25,4,TRUE,188.7175,5.24553612360862,0,"Purulia|ARSHA","UR|Purulia|2018","Purulia|ARSHA|2018"
"Purulia",2018,"ARSHA","BELDIH","PURULIAARSHABELDIH","UR",TRUE,160.7225,1.04,59.4625,98.7775,0.0025,1156.75,4,TRUE,160.7225,5.08588190347079,1,"Purulia|ARSHA","UR|Purulia|2018","Purulia|ARSHA|2018"
"Purulia",2018,"ARSHA","CHATUHANSA","PURULIAARSHACHATUHANSA","UR",TRUE,159.065,0.9475,83.4225,71.965,0,1297.75,4,TRUE,159.065,5.07557998273664,1,"Purulia|ARSHA","UR|Purulia|2018","Purulia|ARSHA|2018"
"Purulia",2018,"ARSHA","HENSLA","PURULIAARSHAHENSLA","BC",FALSE,106.525,1.985,10.26,93.1175,0,698.5,4,TRUE,106.525,4.6777233786698,0,"Purulia|ARSHA","BC|Purulia|2018","Purulia|ARSHA|2018"
"Purulia",2018,"ARSHA","HETGUGUI","PURULIAARSHAHETGUGUI","BC",TRUE,158.9425,5.165,50.135,94.3375,0,1128.25,4,TRUE,158.9425,5.07481437564316,1,"Purulia|ARSHA","BC|Purulia|2018","Purulia|ARSHA|2018"
"Purulia",2018,"ARSHA","MANKIARY","PURULIAARSHAMANKIARY","SC",FALSE,157.435,6.33,17.7925,125.475,2.27,1032.5,4,TRUE,157.435,5.06534441456831,0,"Purulia|ARSHA","SC|Purulia|2018","Purulia|ARSHA|2018"
"Purulia",2018,"ARSHA","PUARA","PURULIAARSHAPUARA","UR",FALSE,142.28,2.86,73.7275,57.8325,0.865,853,4,TRUE,142.28,4.96480075775246,0,"Purulia|ARSHA","UR|Purulia|2018","Purulia|ARSHA|2018"
"Purulia",2018,"ARSHA","SIRKABAD","PURULIAARSHASIRKABAD","SC",FALSE,186.46,2.3925,78.12,89.9325,0.705,1230,4,TRUE,186.46,5.23356548931834,0,"Purulia|ARSHA","SC|Purulia|2018","Purulia|ARSHA|2018"
"Purulia",2018,"BAGMUNDI","AJODHYA","PURULIABAGMUNDIAJODHYA","UR",FALSE,157.0975,23.45,69.315,62.135,2.01,692,4,TRUE,157.0975,5.06321193131368,0,"Purulia|BAGMUNDI","UR|Purulia|2018","Purulia|BAGMUNDI|2018"
"Purulia",2018,"BAGMUNDI","BAGHMUNDI","PURULIABAGMUNDIBAGHMUNDI","SC",FALSE,204.315,39.1125,39.02,118.23,1.3925,1287.25,4,TRUE,204.315,5.32454538516492,0,"Purulia|BAGMUNDI","SC|Purulia|2018","Purulia|BAGMUNDI|2018"
"Purulia",2018,"BAGMUNDI","BEERGRAM","PURULIABAGMUNDIBEERGRAM","SC",FALSE,277.8525,21.5675,55.6875,156.7375,2.0275,1275.75,4,TRUE,277.8525,5.63068296818895,0,"Purulia|BAGMUNDI","SC|Purulia|2018","Purulia|BAGMUNDI|2018"
"Purulia",2018,"BAGMUNDI","BURDA-KALIMATI","PURULIABAGMUNDIBURDAKALIMATI","BC",FALSE,254.5275,101.8875,43.315,101.5275,3.4975,1144.25,4,TRUE,254.5275,5.54333003594577,0,"Purulia|BAGMUNDI","BC|Purulia|2018","Purulia|BAGMUNDI|2018"
"Purulia",2018,"BAGMUNDI","MATHA","PURULIABAGMUNDIMATHA","UR",TRUE,245.635,49.525,46.7575,139.3,9.53,896.75,4,TRUE,245.635,5.50790951091052,1,"Purulia|BAGMUNDI","UR|Purulia|2018","Purulia|BAGMUNDI|2018"
"Purulia",2018,"BAGMUNDI","SERENGDIH","PURULIABAGMUNDISERENGDIH","UR",TRUE,275.27,66.41,19.3275,185.35,2.48,1089.75,4,TRUE,275.27,5.62137864840139,1,"Purulia|BAGMUNDI","UR|Purulia|2018","Purulia|BAGMUNDI|2018"
"Purulia",2018,"BAGMUNDI","SINDRI","PURULIABAGMUNDISINDRI","UR",FALSE,295.1075,68.055,60.535,157.8525,0.8875,1340.5,4,TRUE,295.1075,5.69072256406741,0,"Purulia|BAGMUNDI","UR|Purulia|2018","Purulia|BAGMUNDI|2018"
"Purulia",2018,"BAGMUNDI","TUNTURI-SUISA","PURULIABAGMUNDITUNTURISUISA","SC",FALSE,440.44,128.92,84.135,215.755,1.5375,1497.5,4,TRUE,440.44,6.09004211046898,0,"Purulia|BAGMUNDI","SC|Purulia|2018","Purulia|BAGMUNDI|2018"
"Purulia",2018,"BALARAMPUR","BALARAMPUR","PURULIABALARAMPURBALARAMPUR","UR",TRUE,111.5775,0.37,25.6575,79.3975,5.095,695.25,4,TRUE,111.5775,4.72364187335833,1,"Purulia|BALARAMPUR","UR|Purulia|2018","Purulia|BALARAMPUR|2018"
"Purulia",2018,"BALARAMPUR","BARAURMA","PURULIABALARAMPURBARAURMA","BC",FALSE,79.79,0.0775,3.4825,73.8375,0.51,981.5,4,TRUE,79.79,4.39185319549162,0,"Purulia|BALARAMPUR","BC|Purulia|2018","Purulia|BALARAMPUR|2018"
"Purulia",2018,"BALARAMPUR","BELA","PURULIABALARAMPURBELA","UR",FALSE,109.265,2.245,12.5075,89.95,4.3775,1208.25,4,TRUE,109.265,4.70288655949416,0,"Purulia|BALARAMPUR","UR|Purulia|2018","Purulia|BALARAMPUR|2018"
"Purulia",2018,"BALARAMPUR","DARDA","PURULIABALARAMPURDARDA","SC",FALSE,123.125,0.01,10.1375,100.96,9.355,970.25,4,TRUE,123.125,4.82128912236534,0,"Purulia|BALARAMPUR","SC|Purulia|2018","Purulia|BALARAMPUR|2018"
"Purulia",2018,"BALARAMPUR","GENRUA","PURULIABALARAMPURGENRUA","UR",TRUE,140.59,0.1125,28.7475,109.595,1.9475,1366.75,4,TRUE,140.59,4.95293555729688,1,"Purulia|BALARAMPUR","UR|Purulia|2018","Purulia|BALARAMPUR|2018"
"Purulia",2018,"BALARAMPUR","GHATBERA-KEROWA","PURULIABALARAMPURGHATBERAKEROWA","SC",TRUE,139.89,0.0125,47.575,89.44,2.42,1194,4,TRUE,139.89,4.94797944406519,1,"Purulia|BALARAMPUR","SC|Purulia|2018","Purulia|BALARAMPUR|2018"
"Purulia",2018,"BALARAMPUR","TENTLOW","PURULIABALARAMPURTENTLOW","ST",TRUE,108.4875,0.385,7.2175,96.9375,1.36,868.75,4,TRUE,108.4875,4.69581038748921,1,"Purulia|BALARAMPUR","ST|Purulia|2018","Purulia|BALARAMPUR|2018"
"Purulia",2018,"BARABAZAR","BANJORA","PURULIABARABAZARBANJORA","ST",TRUE,128.9225,16.9125,14.8725,96.31,0,513,4,TRUE,128.9225,4.86693811883907,1,"Purulia|BARABAZAR","ST|Purulia|2018","Purulia|BARABAZAR|2018"
"Purulia",2018,"BARABAZAR","BANSBERA","PURULIABARABAZARBANSBERA","UR",FALSE,125.485,17.2325,9.9875,95.3025,2.435,741,4,TRUE,125.485,4.84012372406166,0,"Purulia|BARABAZAR","UR|Purulia|2018","Purulia|BARABAZAR|2018"
"Purulia",2018,"BARABAZAR","BARABAZAR","PURULIABARABAZARBARABAZAR","ST",FALSE,133.1875,18.5875,52.71,57.19,0.3225,443.5,4,TRUE,133.1875,4.899238075639,0,"Purulia|BARABAZAR","ST|Purulia|2018","Purulia|BARABAZAR|2018"
"Purulia",2018,"BARABAZAR","BERADA","PURULIABARABAZARBERADA","UR",FALSE,77.2975,7.26,26.97,41.31,1.7325,519.75,4,TRUE,77.2975,4.36051567400683,0,"Purulia|BARABAZAR","UR|Purulia|2018","Purulia|BARABAZAR|2018"
"Purulia",2018,"BARABAZAR","BHAGABANDH","PURULIABARABAZARBHAGABANDH","UR",TRUE,126.3625,31.27,6.53,87.39,1.15,902.75,4,TRUE,126.3625,4.8470373513004,1,"Purulia|BARABAZAR","UR|Purulia|2018","Purulia|BARABAZAR|2018"
"Purulia",2018,"BARABAZAR","DHELATBAMU","PURULIABARABAZARDHELATBAMU","UR",TRUE,92.12,1.675,13.815,75.38,0.6175,637.25,4,TRUE,92.12,4.53388898398313,1,"Purulia|BARABAZAR","UR|Purulia|2018","Purulia|BARABAZAR|2018"
"Purulia",2018,"BARABAZAR","LATPADA","PURULIABARABAZARLATPADA","UR",TRUE,101.1275,10.5375,24.95,62.6975,2.845,668.5,4,TRUE,101.1275,4.6262220326847,1,"Purulia|BARABAZAR","UR|Purulia|2018","Purulia|BARABAZAR|2018"
"Purulia",2018,"BARABAZAR","SINDRI","PURULIABARABAZARSINDRI","ST",TRUE,190.155,37.0225,33.685,116.525,2.2475,951.75,4,TRUE,190.155,5.25308461726828,1,"Purulia|BARABAZAR","ST|Purulia|2018","Purulia|BARABAZAR|2018"
"Purulia",2018,"BARABAZAR","SUKURHUTU","PURULIABARABAZARSUKURHUTU","ST",TRUE,205.8925,35.0775,43.2675,124.2425,2.5325,932.5,4,TRUE,205.8925,5.33219933469863,1,"Purulia|BARABAZAR","ST|Purulia|2018","Purulia|BARABAZAR|2018"
"Purulia",2018,"BARABAZAR","TUMRASOLE","PURULIABARABAZARTUMRASOLE","UR",TRUE,150.2025,42.845,28.855,74.93,2.305,750.5,4,TRUE,150.2025,5.01861999800028,1,"Purulia|BARABAZAR","UR|Purulia|2018","Purulia|BARABAZAR|2018"
"Purulia",2018,"BUNDWAN","BANDWAN","PURULIABUNDWANBANDWAN","SC",FALSE,128.6675,4.025,54.16,60.4525,0,716,4,TRUE,128.6675,4.8649734816649,0,"Purulia|BUNDWAN","SC|Purulia|2018","Purulia|BUNDWAN|2018"
"Purulia",2018,"BUNDWAN","CHIRUDIH","PURULIABUNDWANCHIRUDIH","UR",FALSE,245.2875,51.2275,139.0975,44.3925,3.665,704.25,4,TRUE,245.2875,5.50649955272209,0,"Purulia|BUNDWAN","UR|Purulia|2018","Purulia|BUNDWAN|2018"
"Purulia",2018,"BUNDWAN","DHADKA","PURULIABUNDWANDHADKA","ST",TRUE,143.5175,1.19,55.9325,77.59,0,639,4,TRUE,143.5175,4.97340060748603,1,"Purulia|BUNDWAN","ST|Purulia|2018","Purulia|BUNDWAN|2018"
"Purulia",2018,"BUNDWAN","GURUR","PURULIABUNDWANGURUR","ST",TRUE,124.955,31.3025,33.325,45.29,0,563,4,TRUE,124.955,4.83592470030364,1,"Purulia|BUNDWAN","ST|Purulia|2018","Purulia|BUNDWAN|2018"
"Purulia",2018,"BUNDWAN","KUCHIA","PURULIABUNDWANKUCHIA","UR",FALSE,107.695,0,43.6825,50.555,0.81,542.5,4,TRUE,107.695,4.68854579490914,0,"Purulia|BUNDWAN","UR|Purulia|2018","Purulia|BUNDWAN|2018"
"Purulia",2018,"BUNDWAN","KUILAPAL","PURULIABUNDWANKUILAPAL","ST",TRUE,134.655,35.75,47.5925,48.9375,0,383,4,TRUE,134.655,4.9101148979907,1,"Purulia|BUNDWAN","ST|Purulia|2018","Purulia|BUNDWAN|2018"
"Purulia",2018,"BUNDWAN","KUMRA","PURULIABUNDWANKUMRA","UR",TRUE,114.5425,1.6675,44.6775,57.9125,0.025,543,4,TRUE,114.5425,4.74963842764716,1,"Purulia|BUNDWAN","UR|Purulia|2018","Purulia|BUNDWAN|2018"
"Purulia",2018,"BUNDWAN","SUPUDIH","PURULIABUNDWANSUPUDIH","UR",TRUE,79.15,7.4025,28.1825,39.7175,0.07,589,4,TRUE,79.15,4.38389987905556,1,"Purulia|BUNDWAN","UR|Purulia|2018","Purulia|BUNDWAN|2018"
"Purulia",2018,"HURA","CHATUMADAR","PURULIAHURACHATUMADAR","UR",FALSE,105.435,14.8575,18.865,69.7625,0.635,528,4,TRUE,105.435,4.66753447018464,0,"Purulia|HURA","UR|Purulia|2018","Purulia|HURA|2018"
"Purulia",2018,"HURA","DALDALI","PURULIAHURADALDALI","ST",TRUE,85.625,11.7825,6.0175,56,3.5025,421,4,TRUE,85.625,4.46158845751007,1,"Purulia|HURA","ST|Purulia|2018","Purulia|HURA|2018"
"Purulia",2018,"HURA","HURA","PURULIAHURAHURA","UR",TRUE,97.7,0.915,12.405,75.1475,0,287.25,4,TRUE,97.7,4.59208494643944,1,"Purulia|HURA","UR|Purulia|2018","Purulia|HURA|2018"
"Purulia",2018,"HURA","JABARRAH","PURULIAHURAJABARRAH","SC",FALSE,129.745,4.4125,20.435,102.865,0,534,4,TRUE,129.745,4.87324886129605,0,"Purulia|HURA","SC|Purulia|2018","Purulia|HURA|2018"
"Purulia",2018,"HURA","KALABANI","PURULIAHURAKALABANI","ST",FALSE,80.945,7.2725,3.21,69.2025,0,606,4,TRUE,80.945,4.40604829051579,0,"Purulia|HURA","ST|Purulia|2018","Purulia|HURA|2018"
"Purulia",2018,"HURA","KESHERGARH","PURULIAHURAKESHERGARH","ST",TRUE,127.5325,3.9475,13.9325,104.1775,0,735,4,TRUE,127.5325,4.85618179064477,1,"Purulia|HURA","ST|Purulia|2018","Purulia|HURA|2018"
"Purulia",2018,"HURA","LADHURKA","PURULIAHURALADHURKA","UR",TRUE,81.045,5.38,14.1875,59.415,0,409.75,4,TRUE,81.045,4.40726787722711,1,"Purulia|HURA","UR|Purulia|2018","Purulia|HURA|2018"
"Purulia",2018,"HURA","LAKHANPUR","PURULIAHURALAKHANPUR","UR",FALSE,168.24,5.3425,10.625,133.165,0.0225,745.75,4,TRUE,168.24,5.13131782585187,0,"Purulia|HURA","UR|Purulia|2018","Purulia|HURA|2018"
"Purulia",2018,"HURA","MAGURIA-LALPUR","PURULIAHURAMAGURIALALPUR","SC",FALSE,152.59,6.435,16.89,125.595,0,801.75,4,TRUE,152.59,5.03428671442754,0,"Purulia|HURA","SC|Purulia|2018","Purulia|HURA|2018"
"Purulia",2018,"HURA","RAKHERA-BISPURIA","PURULIAHURARAKHERABISPURIA","ST",TRUE,148.785,4.855,10.55,124.9675,0.005,656.5,4,TRUE,148.785,5.00920093255808,1,"Purulia|HURA","ST|Purulia|2018","Purulia|HURA|2018"
"Purulia",2018,"JAIPUR","BARAGRAM","PURULIAJAIPURBARAGRAM","SC",FALSE,289.19,14.045,84.295,169.57,1.9875,1447.5,4,TRUE,289.19,5.67053588086257,0,"Purulia|JAIPUR","SC|Purulia|2018","Purulia|JAIPUR|2018"
"Purulia",2018,"JAIPUR","GHAGRA","PURULIAJAIPURGHAGRA","SC",FALSE,127.335,12.1875,25.84,85.955,0,931.5,4,TRUE,127.335,4.85464403254833,0,"Purulia|JAIPUR","SC|Purulia|2018","Purulia|JAIPUR|2018"
"Purulia",2018,"JAIPUR","JOYPUR","PURULIAJAIPURJOYPUR","UR",TRUE,248.8475,4.79,84.18,151.6225,0.02,1264.5,4,TRUE,248.8475,5.52085073173655,1,"Purulia|JAIPUR","UR|Purulia|2018","Purulia|JAIPUR|2018"
"Purulia",2018,"JAIPUR","MUKUNDAPUR","PURULIAJAIPURMUKUNDAPUR","ST",TRUE,222.085,0.41,56.5975,154.0775,0.4425,1213.75,4,TRUE,222.085,5.40755286475413,1,"Purulia|JAIPUR","ST|Purulia|2018","Purulia|JAIPUR|2018"
"Purulia",2018,"JAIPUR","ROPO","PURULIAJAIPURROPO","UR",FALSE,151.0325,16.2525,43.115,85.4575,4.4025,1118.75,4,TRUE,151.0325,5.02409431378041,0,"Purulia|JAIPUR","UR|Purulia|2018","Purulia|JAIPUR|2018"
"Purulia",2018,"JAIPUR","SIDHI-JAMRA","PURULIAJAIPURSIDHIJAMRA","SC",TRUE,181.1025,3.825,50.5,121.5375,2.6575,1255.5,4,TRUE,181.1025,5.20456971535981,1,"Purulia|JAIPUR","SC|Purulia|2018","Purulia|JAIPUR|2018"
"Purulia",2018,"JAIPUR","UPANKAHAN","PURULIAJAIPURUPANKAHAN","BC",FALSE,124.94,1.275,52.9925,63.81,0,1192,4,TRUE,124.94,4.8358056030606,0,"Purulia|JAIPUR","BC|Purulia|2018","Purulia|JAIPUR|2018"
"Purulia",2018,"JHALDA-I","HENSAHATU","PURULIAJHALDAIHENSAHATU","BC",FALSE,220.0025,34.9425,46.54,136.545,1.9825,920,4,TRUE,220.0025,5.39817401367096,0,"Purulia|JHALDA-I","BC|Purulia|2018","Purulia|JHALDA-I|2018"
"Purulia",2018,"JHALDA-II","BAMNIYA-BELYADIH","PURULIAJHALDAIIBAMNIYABELYADIH","BC",TRUE,157.1925,6.3925,23.0325,124.915,0.08,809.5,4,TRUE,157.1925,5.06381264586587,1,"Purulia|JHALDA-II","BC|Purulia|2018","Purulia|JHALDA-II|2018"
"Purulia",2018,"JHALDA-II","BEGUNKODAR","PURULIAJHALDAIIBEGUNKODAR","ST",FALSE,163.5925,22.63,56.205,70.29,2.5275,724.5,4,TRUE,163.5925,5.10347272219878,0,"Purulia|JHALDA-II","ST|Purulia|2018","Purulia|JHALDA-II|2018"
"Purulia",2018,"JHALDA-I","ICHAG","PURULIAJHALDAIICHAG","SC",TRUE,133.075,17.745,25.27,84.165,5.375,903.75,4,TRUE,133.075,4.89839934486899,1,"Purulia|JHALDA-I","SC|Purulia|2018","Purulia|JHALDA-I|2018"
"Purulia",2018,"JHALDA-II","CHEKYA","PURULIAJHALDAIICHEKYA","SC",FALSE,76.5575,0.0075,26.09,45.155,0.02,395,4,TRUE,76.5575,4.3510195967451,0,"Purulia|JHALDA-II","SC|Purulia|2018","Purulia|JHALDA-II|2018"
"Purulia",2018,"JHALDA-II","CHITMU","PURULIAJHALDAIICHITMU","UR",FALSE,177.0975,3.665,20.4625,149.4575,0.36,1239.5,4,TRUE,177.0975,5.18233115313926,0,"Purulia|JHALDA-II","UR|Purulia|2018","Purulia|JHALDA-II|2018"
"Purulia",2018,"JHALDA-II","HIRAPURADARDIH","PURULIAJHALDAIIHIRAPURADARDIH","UR",TRUE,170.0225,0.5575,45.45,116.54,0.365,1030.75,4,TRUE,170.0225,5.14179512679428,1,"Purulia|JHALDA-II","UR|Purulia|2018","Purulia|JHALDA-II|2018"
"Purulia",2018,"JHALDA-I","ILU-JARGO","PURULIAJHALDAIILUJARGO","UR",FALSE,165.175,15.06,36.78,111.7025,1.585,818.25,4,TRUE,165.175,5.11304144992765,0,"Purulia|JHALDA-I","UR|Purulia|2018","Purulia|JHALDA-I|2018"
"Purulia",2018,"JHALDA-II","MAJHIDIH","PURULIAJHALDAIIMAJHIDIH","SC",TRUE,171.5275,8.5475,70.7,86.135,0.5525,1039.75,4,TRUE,171.5275,5.15055664405521,1,"Purulia|JHALDA-II","SC|Purulia|2018","Purulia|JHALDA-II|2018"
"Purulia",2018,"JHALDA-II","NOWAHATU","PURULIAJHALDAIINOWAHATU","BC",FALSE,180.285,6.025,75.695,94.51,0,1161.5,4,TRUE,180.285,5.20007037854099,0,"Purulia|JHALDA-II","BC|Purulia|2018","Purulia|JHALDA-II|2018"
"Purulia",2018,"JHALDA-II","RIGID","PURULIAJHALDAIIRIGID","BC",TRUE,192.72,42.545,29.065,116.065,4.7675,1154,4,TRUE,192.72,5.26641381753503,1,"Purulia|JHALDA-II","BC|Purulia|2018","Purulia|JHALDA-II|2018"
"Purulia",2018,"JHALDA-II","TATUARA","PURULIAJHALDAIITATUARA","SC",FALSE,210.145,1.13,49.4325,150.2,1.1225,860.5,4,TRUE,210.145,5.35254510125113,0,"Purulia|JHALDA-II","SC|Purulia|2018","Purulia|JHALDA-II|2018"
"Purulia",2018,"JHALDA-I","JHALDA-DARDA","PURULIAJHALDAIJHALDADARDA","ST",FALSE,163.4975,41.1975,30.86,89.01,2.37,844,4,TRUE,163.4975,5.10289537252155,0,"Purulia|JHALDA-I","ST|Purulia|2018","Purulia|JHALDA-I|2018"
"Purulia",2018,"JHALDA-I","KALMA","PURULIAJHALDAIKALMA","UR",FALSE,278.865,25.4475,47.375,204.3625,1.675,1206.25,4,TRUE,278.865,5.63430734404387,0,"Purulia|JHALDA-I","UR|Purulia|2018","Purulia|JHALDA-I|2018"
"Purulia",2018,"JHALDA-I","MARUMOSINA","PURULIAJHALDAIMARUMOSINA","UR",FALSE,231.9825,41.9475,28.3975,161.615,0,861.75,4,TRUE,231.9825,5.45096334344887,0,"Purulia|JHALDA-I","UR|Purulia|2018","Purulia|JHALDA-I|2018"
"Purulia",2018,"JHALDA-I","MATHARI-KHAMAR","PURULIAJHALDAIMATHARIKHAMAR","ST",FALSE,369.9575,78.5325,72.6425,209.41,8.8875,1260,4,TRUE,369.9575,5.91608750078942,0,"Purulia|JHALDA-I","ST|Purulia|2018","Purulia|JHALDA-I|2018"
"Purulia",2018,"JHALDA-I","NOYADIH","PURULIAJHALDAINOYADIH","UR",TRUE,299.71,28.4375,14.465,254.69,2.12,983,4,TRUE,299.71,5.70614634517814,1,"Purulia|JHALDA-I","UR|Purulia|2018","Purulia|JHALDA-I|2018"
"Purulia",2018,"JHALDA-I","PUSTI","PURULIAJHALDAIPUSTI","UR",TRUE,198.515,13.235,17.525,160.865,6.7825,1029,4,TRUE,198.515,5.29588942147337,1,"Purulia|JHALDA-I","UR|Purulia|2018","Purulia|JHALDA-I|2018"
"Purulia",2018,"JHALDA-I","TULIN","PURULIAJHALDAITULIN","UR",TRUE,147.2525,16.585,4.7525,121.4025,1.32,707,4,TRUE,147.2525,4.99891690114206,1,"Purulia|JHALDA-I","UR|Purulia|2018","Purulia|JHALDA-I|2018"
"Purulia",2018,"KASHIPUR","AGARDI-CHITRA","PURULIAKASHIPURAGARDICHITRA","ST",TRUE,191.745,8.6425,40.945,138.755,3.17,862.5,4,TRUE,191.745,5.26136807176976,1,"Purulia|KASHIPUR","ST|Purulia|2018","Purulia|KASHIPUR|2018"
"Purulia",2018,"KASHIPUR","BARRAH","PURULIAKASHIPURBARRAH","ST",TRUE,119.275,11.7675,10.0925,82.49,3.845,549.5,4,TRUE,119.275,4.78978078758552,1,"Purulia|KASHIPUR","ST|Purulia|2018","Purulia|KASHIPUR|2018"
"Purulia",2018,"KASHIPUR","BEKO","PURULIAKASHIPURBEKO","UR",FALSE,34.7075,1.7625,3.4175,29.03,0.3375,150,4,TRUE,34.7075,3.57536075075465,0,"Purulia|KASHIPUR","UR|Purulia|2018","Purulia|KASHIPUR|2018"
"Purulia",2018,"KASHIPUR","GAGNABAD","PURULIAKASHIPURGAGNABAD","ST",FALSE,49.42,1.985,1.8475,36.0425,1.4775,269.25,4,TRUE,49.42,3.92038792175977,0,"Purulia|KASHIPUR","ST|Purulia|2018","Purulia|KASHIPUR|2018"
"Purulia",2018,"KASHIPUR","GORANDIH","PURULIAKASHIPURGORANDIH","SC",TRUE,114.745,7.145,13.03,80.4275,0.88,366.25,4,TRUE,114.745,4.75138949548907,1,"Purulia|KASHIPUR","SC|Purulia|2018","Purulia|KASHIPUR|2018"
"Purulia",2018,"KASHIPUR","HADALDA-UPARRAH","PURULIAKASHIPURHADALDAUPARRAH","ST",FALSE,87.345,6.4675,5.62,71.06,2.27,405.25,4,TRUE,87.345,4.48124960406861,0,"Purulia|KASHIPUR","ST|Purulia|2018","Purulia|KASHIPUR|2018"
"Purulia",2018,"KASHIPUR","KALIDAHA","PURULIAKASHIPURKALIDAHA","UR",TRUE,99.2425,11.3625,10.3225,73.29,0.58,536.75,4,TRUE,99.2425,4.60759225042047,1,"Purulia|KASHIPUR","UR|Purulia|2018","Purulia|KASHIPUR|2018"
"Purulia",2018,"KASHIPUR","KASHIPUR","PURULIAKASHIPURKASHIPUR","UR",TRUE,95.6025,14.2525,20.6775,55.265,4.45,498,4,TRUE,95.6025,4.57060462080078,1,"Purulia|KASHIPUR","UR|Purulia|2018","Purulia|KASHIPUR|2018"
"Purulia",2018,"KASHIPUR","MANIHARA","PURULIAKASHIPURMANIHARA","BC",FALSE,61.9725,3.425,6.6775,49.035,2.8025,371,4,TRUE,61.9725,4.1426981231577,0,"Purulia|KASHIPUR","BC|Purulia|2018","Purulia|KASHIPUR|2018"
"Purulia",2018,"KASHIPUR","RANGAMATI-RANJANDIH","PURULIAKASHIPURRANGAMATIRANJANDIH","SC",TRUE,103.57,8.0025,20.9725,72.27,0.155,506.25,4,TRUE,103.57,4.6498567036105,1,"Purulia|KASHIPUR","SC|Purulia|2018","Purulia|KASHIPUR|2018"
"Purulia",2018,"KASHIPUR","SIMLA-DHANARA","PURULIAKASHIPURSIMLADHANARA","SC",FALSE,105.7275,1.055,18.3675,77.21,4.0625,681.25,4,TRUE,105.7275,4.67027885705929,0,"Purulia|KASHIPUR","SC|Purulia|2018","Purulia|KASHIPUR|2018"
"Purulia",2018,"KASHIPUR","SONAIJURI","PURULIAKASHIPURSONAIJURI","UR",FALSE,111.85,2.6475,17.005,73.2725,4.9425,343.75,4,TRUE,111.85,4.72605950326354,0,"Purulia|KASHIPUR","UR|Purulia|2018","Purulia|KASHIPUR|2018"
"Purulia",2018,"KASHIPUR","SONATHALI","PURULIAKASHIPURSONATHALI","UR",FALSE,122.77,4.3825,7.5275,104.31,1.655,462.25,4,TRUE,122.77,4.81842500455193,0,"Purulia|KASHIPUR","UR|Purulia|2018","Purulia|KASHIPUR|2018"
"Purulia",2018,"MANBAZAR-I","BAMNIMAJHIHIRA","PURULIAMANBAZARIBAMNIMAJHIHIRA","UR",TRUE,140.24,8.375,53.3925,78.4725,0,868,4,TRUE,140.24,4.95046057106019,1,"Purulia|MANBAZAR-I","UR|Purulia|2018","Purulia|MANBAZAR-I|2018"
"Purulia",2018,"MANBAZAR-I","BARAMASYA-RAMNAGAR","PURULIAMANBAZARIBARAMASYARAMNAGAR","UR",TRUE,117.91,18.2575,30.7075,61.4,0.475,620.25,4,TRUE,117.91,4.77836690444949,1,"Purulia|MANBAZAR-I","UR|Purulia|2018","Purulia|MANBAZAR-I|2018"
"Purulia",2018,"MANBAZAR-I","BHALUBASA","PURULIAMANBAZARIBHALUBASA","BC",FALSE,199.9675,38.865,64.58,90.685,0.9775,854,4,TRUE,199.9675,5.3031432034433,0,"Purulia|MANBAZAR-I","BC|Purulia|2018","Purulia|MANBAZAR-I|2018"
"Purulia",2018,"MANBAZAR-I","BISRI","PURULIAMANBAZARIBISRI","UR",TRUE,168.815,20.125,47.71,91.41,4.4925,1017.75,4,TRUE,168.815,5.13470960919818,1,"Purulia|MANBAZAR-I","UR|Purulia|2018","Purulia|MANBAZAR-I|2018"
"Purulia",2018,"MANBAZAR-I","CHANDRA-PAIRACHALI","PURULIAMANBAZARICHANDRAPAIRACHALI","ST",TRUE,98.8225,15.3125,22.3875,54.6025,0.6025,516.5,4,TRUE,98.8225,4.60339360880899,1,"Purulia|MANBAZAR-I","ST|Purulia|2018","Purulia|MANBAZAR-I|2018"
"Purulia",2018,"MANBAZAR-I","DHANARAH","PURULIAMANBAZARIDHANARAH","ST",TRUE,134.3475,20.255,34.7775,74.15,0,785,4,TRUE,134.3475,4.90784554525803,1,"Purulia|MANBAZAR-I","ST|Purulia|2018","Purulia|MANBAZAR-I|2018"
"Purulia",2018,"MANBAZAR-I","GOPALNAGAR","PURULIAMANBAZARIGOPALNAGAR","UR",FALSE,155.23,15.285,59.64,67.655,2.27,728,4,TRUE,155.23,5.05132928042381,0,"Purulia|MANBAZAR-I","UR|Purulia|2018","Purulia|MANBAZAR-I|2018"
"Purulia",2018,"MANBAZAR-II","ANKROBARAKADAM","PURULIAMANBAZARIIANKROBARAKADAM","UR",FALSE,134.88,3.745,63.16,63.7825,0.2275,833,4,TRUE,134.88,4.91177214329238,0,"Purulia|MANBAZAR-II","UR|Purulia|2018","Purulia|MANBAZAR-II|2018"
"Purulia",2018,"MANBAZAR-II","BARGORIA-JAMTORIA","PURULIAMANBAZARIIBARGORIAJAMTORIA","UR",TRUE,177.0375,17.2175,69.76,68.0125,1.45,744.5,4,TRUE,177.0375,5.1819942022607,1,"Purulia|MANBAZAR-II","UR|Purulia|2018","Purulia|MANBAZAR-II|2018"
"Purulia",2018,"MANBAZAR-II","BARI-JAGDA","PURULIAMANBAZARIIBARIJAGDA","UR",FALSE,197.715,38.65,105.7225,46.4075,0.1825,699.75,4,TRUE,197.715,5.29187163739797,0,"Purulia|MANBAZAR-II","UR|Purulia|2018","Purulia|MANBAZAR-II|2018"
"Purulia",2018,"MANBAZAR-II","BOROJARAGARA","PURULIAMANBAZARIIBOROJARAGARA","ST",TRUE,75.2925,1.2225,46.8,25.23,0.7825,509,4,TRUE,75.2925,4.33457463725981,1,"Purulia|MANBAZAR-II","ST|Purulia|2018","Purulia|MANBAZAR-II|2018"
"Purulia",2018,"MANBAZAR-II","BURIBANDH","PURULIAMANBAZARIIBURIBANDH","ST",TRUE,122.96,0.42,10.0175,108.04,0,656.5,4,TRUE,122.96,4.81995893291955,1,"Purulia|MANBAZAR-II","ST|Purulia|2018","Purulia|MANBAZAR-II|2018"
"Purulia",2018,"MANBAZAR-II","DIGHI","PURULIAMANBAZARIIDIGHI","UR",TRUE,224.9125,1.14,132.0075,79.7075,0.4875,947.5,4,TRUE,224.9125,5.42014775616176,1,"Purulia|MANBAZAR-II","UR|Purulia|2018","Purulia|MANBAZAR-II|2018"
"Purulia",2018,"MANBAZAR-II","KUMARI","PURULIAMANBAZARIIKUMARI","UR",FALSE,195.535,19.65,116.035,49.8475,0.26,534,4,TRUE,195.535,5.2808405324967,0,"Purulia|MANBAZAR-II","UR|Purulia|2018","Purulia|MANBAZAR-II|2018"
"Purulia",2018,"MANBAZAR-I","JITUJURI","PURULIAMANBAZARIJITUJURI","ST",FALSE,313.1475,69.5125,108.7325,81.4675,23.4575,870.75,4,TRUE,313.1475,5.74986262083543,0,"Purulia|MANBAZAR-I","ST|Purulia|2018","Purulia|MANBAZAR-I|2018"
"Purulia",2018,"MANBAZAR-I","KAMTAJANGIDIRI","PURULIAMANBAZARIKAMTAJANGIDIRI","BC",TRUE,132.2125,12.485,44.855,72.945,0.8625,931,4,TRUE,132.2125,4.89194559754707,1,"Purulia|MANBAZAR-I","BC|Purulia|2018","Purulia|MANBAZAR-I|2018"
"Purulia",2018,"MANBAZAR-I","MANBAZAR","PURULIAMANBAZARIMANBAZAR","UR",FALSE,123.375,31.0525,19.445,71.9725,0.4725,766.75,4,TRUE,123.375,4.82330119547876,0,"Purulia|MANBAZAR-I","UR|Purulia|2018","Purulia|MANBAZAR-I|2018"
"Purulia",2018,"NETURIA","BHAMURIA","PURULIANETURIABHAMURIA","SC",TRUE,92.8525,12.825,16.325,58.5825,3.8075,244.5,4,TRUE,92.8525,4.54172440093026,1,"Purulia|NETURIA","SC|Purulia|2018","Purulia|NETURIA|2018"
"Purulia",2018,"NETURIA","DIGHA","PURULIANETURIADIGHA","ST",FALSE,153.86,39.1125,31.3025,80.2425,2.97,510.25,4,TRUE,153.86,5.04252148295858,0,"Purulia|NETURIA","ST|Purulia|2018","Purulia|NETURIA|2018"
"Purulia",2018,"NETURIA","GUNIARA","PURULIANETURIAGUNIARA","ST",TRUE,105.6925,7.1625,12.8225,81.1825,3.875,495.5,4,TRUE,105.6925,4.669950865303,1,"Purulia|NETURIA","ST|Purulia|2018","Purulia|NETURIA|2018"
"Purulia",2018,"NETURIA","JANARDANDIH","PURULIANETURIAJANARDANDIH","UR",TRUE,112.6875,8.95,37.97,62.3475,0.1575,490,4,TRUE,112.6875,4.73345345627834,1,"Purulia|NETURIA","UR|Purulia|2018","Purulia|NETURIA|2018"
"Purulia",2018,"NETURIA","RAIBANDH","PURULIANETURIARAIBANDH","UR",TRUE,155.7225,18.8725,51.7825,60.43,0.7175,397,4,TRUE,155.7225,5.05447672552539,1,"Purulia|NETURIA","UR|Purulia|2018","Purulia|NETURIA|2018"
"Purulia",2018,"NETURIA","SALTORE","PURULIANETURIASALTORE","UR",FALSE,107.02,11.9125,3.41,85.905,5.7925,278.25,4,TRUE,107.02,4.68231639516475,0,"Purulia|NETURIA","UR|Purulia|2018","Purulia|NETURIA|2018"
"Purulia",2018,"NETURIA","SARBARI","PURULIANETURIASARBARI","BC",FALSE,117.465,43.96,31.0275,38.3825,2.69,351.25,4,TRUE,117.465,4.77461755829844,0,"Purulia|NETURIA","BC|Purulia|2018","Purulia|NETURIA|2018"
"Purulia",2018,"PARA","ANARA","PURULIAPARAANARA","BC",FALSE,120.735,2.6675,25.505,88.2525,0.65,550.25,4,TRUE,120.735,4.80184655108713,0,"Purulia|PARA","BC|Purulia|2018","Purulia|PARA|2018"
"Purulia",2018,"PARA","BAHARA","PURULIAPARABAHARA","UR",TRUE,58.2625,0,4.93,51.5375,0.2425,212.25,4,TRUE,58.2625,4.08197672822824,1,"Purulia|PARA","UR|Purulia|2018","Purulia|PARA|2018"
"Purulia",2018,"PARA","BOWRIDIH","PURULIAPARABOWRIDIH","UR",FALSE,61.32,0.8975,3.775,33.045,0,400.5,4,TRUE,61.32,4.13228240156249,0,"Purulia|PARA","UR|Purulia|2018","Purulia|PARA|2018"
"Purulia",2018,"PARA","DEOLI","PURULIAPARADEOLI","SC",TRUE,123.9875,5.445,24.6825,87.41,1.245,592.75,4,TRUE,123.9875,4.82821373230197,1,"Purulia|PARA","SC|Purulia|2018","Purulia|PARA|2018"
"Purulia",2018,"PARA","DUBRA","PURULIAPARADUBRA","UR",FALSE,137.5,10.5725,24.8625,97.515,0,541,4,TRUE,137.5,4.93087032562739,0,"Purulia|PARA","UR|Purulia|2018","Purulia|PARA|2018"
"Purulia",2018,"PARA","JABARRAH-JHAPRA-I","PURULIAPARAJABARRAHJHAPRAI","SC",FALSE,111.67,0.625,5.65,84.525,2.23,606.75,4,TRUE,111.67,4.72446319217607,0,"Purulia|PARA","SC|Purulia|2018","Purulia|PARA|2018"
"Purulia",2018,"PARA","JABARRAH-JHAPRA-II","PURULIAPARAJABARRAHJHAPRAII","ST",TRUE,102.0175,0.9225,19.2625,67.53,0.12,539.75,4,TRUE,102.0175,4.63489887671039,1,"Purulia|PARA","ST|Purulia|2018","Purulia|PARA|2018"
"Purulia",2018,"PARA","NADIHASURULIA","PURULIAPARANADIHASURULIA","UR",FALSE,70.73,0.71,7.405,60.805,0.065,418.25,4,TRUE,70.73,4.27290907013834,0,"Purulia|PARA","UR|Purulia|2018","Purulia|PARA|2018"
"Purulia",2018,"PARA","PARA","PURULIAPARAPARA","BC",FALSE,118.515,0.925,2.9225,112.87,0,734.75,4,TRUE,118.515,4.78344188650676,0,"Purulia|PARA","BC|Purulia|2018","Purulia|PARA|2018"
"Purulia",2018,"PARA","UDAYPUR-JOYNAGAR","PURULIAPARAUDAYPURJOYNAGAR","UR",TRUE,103.575,13.9325,8.5725,78.53,0.665,584.5,4,TRUE,103.575,4.64990451732826,1,"Purulia|PARA","UR|Purulia|2018","Purulia|PARA|2018"
"Purulia",2018,"PUNCHA","BAGDA","PURULIAPUNCHABAGDA","ST",TRUE,161.58,8.18,12.255,114.4275,3.8475,807.5,4,TRUE,161.58,5.09117018831843,1,"Purulia|PUNCHA","ST|Purulia|2018","Purulia|PUNCHA|2018"
"Purulia",2018,"PUNCHA","CHANDRA","PURULIAPUNCHACHANDRA","UR",FALSE,91.9025,3.69,30.24,47.26,5.5175,431.75,4,TRUE,91.9025,4.53155055611433,0,"Purulia|PUNCHA","UR|Purulia|2018","Purulia|PUNCHA|2018"
"Purulia",2018,"PUNCHA","CHIRUDIHI","PURULIAPUNCHACHIRUDIHI","BC",TRUE,179.2575,0.7275,31.4175,124.1625,11.19,838.5,4,TRUE,179.2575,5.19438638417599,1,"Purulia|PUNCHA","BC|Purulia|2018","Purulia|PUNCHA|2018"
"Purulia",2018,"PUNCHA","JAMBAD","PURULIAPUNCHAJAMBAD","SC",FALSE,199.2425,20.7275,23.78,129.6925,3.225,736.25,4,TRUE,199.2425,5.29952913206356,0,"Purulia|PUNCHA","SC|Purulia|2018","Purulia|PUNCHA|2018"
"Purulia",2018,"PUNCHA","KENDA","PURULIAPUNCHAKENDA","UR",TRUE,175.7375,9.9425,41.3925,101.585,6.2475,344.25,4,TRUE,175.7375,5.17466558091796,1,"Purulia|PUNCHA","UR|Purulia|2018","Purulia|PUNCHA|2018"
"Purulia",2018,"PUNCHA","LAKHRA","PURULIAPUNCHALAKHRA","ST",FALSE,219.3775,20.025,56.2375,130.2275,11.065,678.5,4,TRUE,219.3775,5.39534198495318,0,"Purulia|PUNCHA","ST|Purulia|2018","Purulia|PUNCHA|2018"
"Purulia",2018,"PUNCHA","NAPARA","PURULIAPUNCHANAPARA","UR",TRUE,227.27,47.17,7.295,137.4625,4.1125,716.5,4,TRUE,227.27,5.43052913885654,1,"Purulia|PUNCHA","UR|Purulia|2018","Purulia|PUNCHA|2018"
"Purulia",2018,"PUNCHA","PANIPATHAR","PURULIAPUNCHAPANIPATHAR","ST",TRUE,259.655,4.8775,51.465,173.7975,9.795,701.75,4,TRUE,259.655,5.56319769384233,1,"Purulia|PUNCHA","ST|Purulia|2018","Purulia|PUNCHA|2018"
"Purulia",2018,"PUNCHA","PIRRAH","PURULIAPUNCHAPIRRAH","ST",FALSE,207.7,32.89,82.1525,75.3475,5.0025,644.25,4,TRUE,207.7,5.34089781408315,0,"Purulia|PUNCHA","ST|Purulia|2018","Purulia|PUNCHA|2018"
"Purulia",2018,"PUNCHA","PUNCHA","PURULIAPUNCHAPUNCHA","UR",FALSE,191.505,59.1675,11.7575,110.2075,4.695,770.75,4,TRUE,191.505,5.26012212741649,0,"Purulia|PUNCHA","UR|Purulia|2018","Purulia|PUNCHA|2018"
"Purulia",2018,"PURULIA-I","BHANDARPUARA-CHIPIDA","PURULIAPURULIAIBHANDARPUARACHIPIDA","ST",FALSE,246.14,5.7,91.675,129.7125,0.5325,1161,4,TRUE,246.14,5.50995497767604,0,"Purulia|PURULIA-I","ST|Purulia|2018","Purulia|PURULIA-I|2018"
"Purulia",2018,"PURULIA-I","CHAKALTORE","PURULIAPURULIAICHAKALTORE","UR",FALSE,146.8175,2.6825,75.9,60.475,0.0475,912.25,4,TRUE,146.8175,4.99597840475262,0,"Purulia|PURULIA-I","UR|Purulia|2018","Purulia|PURULIA-I|2018"
"Purulia",2018,"PURULIA-I","DIMDIHA","PURULIAPURULIAIDIMDIHA","UR",TRUE,70.235,0.0025,11.335,54.015,0,903,4,TRUE,70.235,4.2659842706692,1,"Purulia|PURULIA-I","UR|Purulia|2018","Purulia|PURULIA-I|2018"
"Purulia",2018,"PURULIA-I","DURKU","PURULIAPURULIAIDURKU","BC",TRUE,77.23,7.9125,12.89,44.205,4.45,495.5,4,TRUE,77.23,4.35965320569699,1,"Purulia|PURULIA-I","BC|Purulia|2018","Purulia|PURULIA-I|2018"
"Purulia",2018,"PURULIA-I","GARAFUSRA","PURULIAPURULIAIGARAFUSRA","BC",TRUE,236.8825,0.005,100.8,120.585,1.06,1388.5,4,TRUE,236.8825,5.47177685428376,1,"Purulia|PURULIA-I","BC|Purulia|2018","Purulia|PURULIA-I|2018"
"Purulia",2018,"PURULIA-II","AGOYA-NARRA","PURULIAPURULIAIIAGOYANARRA","UR",TRUE,102.945,0.9775,5.1925,83.27,10.0275,636.5,4,TRUE,102.945,4.64386191309908,1,"Purulia|PURULIA-II","UR|Purulia|2018","Purulia|PURULIA-II|2018"
"Purulia",2018,"PURULIA-II","BELMA","PURULIAPURULIAIIBELMA","UR",FALSE,114.3975,2.1825,28.935,83.0025,0.255,769.25,4,TRUE,114.3975,4.74838269006117,0,"Purulia|PURULIA-II","UR|Purulia|2018","Purulia|PURULIA-II|2018"
"Purulia",2018,"PURULIA-II","BHANGRA","PURULIAPURULIAIIBHANGRA","SC",TRUE,84.2025,0.9675,6.8275,76.405,0,553.75,4,TRUE,84.2025,4.44503077612779,1,"Purulia|PURULIA-II","SC|Purulia|2018","Purulia|PURULIA-II|2018"
"Purulia",2018,"PURULIA-II","CHHARRADUMDUMI","PURULIAPURULIAIICHHARRADUMDUMI","UR",TRUE,131.06,2.305,12.8325,115.8625,0.03,944.25,4,TRUE,131.06,4.88325636476643,1,"Purulia|PURULIA-II","UR|Purulia|2018","Purulia|PURULIA-II|2018"
"Purulia",2018,"PURULIA-II","GHONGA","PURULIAPURULIAIIGHONGA","SC",TRUE,122.825,2.78,2.67,102.56,0,875.25,4,TRUE,122.825,4.8188692784743,1,"Purulia|PURULIA-II","SC|Purulia|2018","Purulia|PURULIA-II|2018"
"Purulia",2018,"PURULIA-II","GOLAMARA","PURULIAPURULIAIIGOLAMARA","UR",FALSE,146.3875,6.775,2.8925,135.1425,0.955,734.5,4,TRUE,146.3875,4.99306517290279,0,"Purulia|PURULIA-II","UR|Purulia|2018","Purulia|PURULIA-II|2018"
"Purulia",2018,"PURULIA-II","HUTMURA","PURULIAPURULIAIIHUTMURA","UR",FALSE,96.475,2.4825,6.795,85.135,2.0425,742.75,4,TRUE,96.475,4.57959593486866,0,"Purulia|PURULIA-II","UR|Purulia|2018","Purulia|PURULIA-II|2018"
"Purulia",2018,"PURULIA-II","PINDRA","PURULIAPURULIAIIPINDRA","UR",FALSE,112.255,39.5275,9.255,62.6,0.7575,583.25,4,TRUE,112.255,4.72964191349893,0,"Purulia|PURULIA-II","UR|Purulia|2018","Purulia|PURULIA-II|2018"
"Purulia",2018,"PURULIA-II","RAGHABPUR","PURULIAPURULIAIIRAGHABPUR","UR",TRUE,98.225,0.7525,3.865,92.7975,0.4675,540.25,4,TRUE,98.225,4.59738999866913,1,"Purulia|PURULIA-II","UR|Purulia|2018","Purulia|PURULIA-II|2018"
"Purulia",2018,"PURULIA-I","LAGDA","PURULIAPURULIAILAGDA","BC",TRUE,105.36,5.85,45.1675,51.915,1.06,493.75,4,TRUE,105.36,4.66682956637482,1,"Purulia|PURULIA-I","BC|Purulia|2018","Purulia|PURULIA-I|2018"
"Purulia",2018,"PURULIA-I","MANARA","PURULIAPURULIAIMANARA","UR",TRUE,78.535,0.745,31.3025,42.05,0.0925,595,4,TRUE,78.535,4.37619717635032,1,"Purulia|PURULIA-I","UR|Purulia|2018","Purulia|PURULIA-I|2018"
"Purulia",2018,"PURULIA-I","SONAIJURI","PURULIAPURULIAISONAIJURI","SC",FALSE,78.8325,3.3825,14.73,56.0525,1.455,737.25,4,TRUE,78.8325,4.37993068971502,0,"Purulia|PURULIA-I","SC|Purulia|2018","Purulia|PURULIA-I|2018"
"Purulia",2018,"RAGHUNATH PUR-I","ARRAH","PURULIARAGHUNATHPURIARRAH","BC",TRUE,121.67,15.5925,17.765,55.84,0,475.75,4,TRUE,121.67,4.80949782304466,1,"Purulia|RAGHUNATH PUR-I","BC|Purulia|2018","Purulia|RAGHUNATH PUR-I|2018"
"Purulia",2018,"RAGHUNATH PUR-I","BABUGRAM","PURULIARAGHUNATHPURIBABUGRAM","SC",TRUE,104.7975,2.0825,45.6525,53.45,0.8075,491,4,TRUE,104.7975,4.66152688965542,1,"Purulia|RAGHUNATH PUR-I","SC|Purulia|2018","Purulia|RAGHUNATH PUR-I|2018"
"Purulia",2018,"RAGHUNATH PUR-I","BERO","PURULIARAGHUNATHPURIBERO","UR",TRUE,179.215,17.7225,12.0875,144.7075,0.3525,714.75,4,TRUE,179.215,5.19415058255342,1,"Purulia|RAGHUNATH PUR-I","UR|Purulia|2018","Purulia|RAGHUNATH PUR-I|2018"
"Purulia",2018,"RAGHUNATH PUR-I","CHORPAHARI","PURULIARAGHUNATHPURICHORPAHARI","ST",FALSE,187.49,11.6525,31.05,133.9075,0.115,667,4,TRUE,187.49,5.23904495508297,0,"Purulia|RAGHUNATH PUR-I","ST|Purulia|2018","Purulia|RAGHUNATH PUR-I|2018"
"Purulia",2018,"RAGHUNATHPUR-II","BARRAH","PURULIARAGHUNATHPURIIBARRAH","SC",TRUE,115.0375,1.78,12.45,96.57,1.355,804.5,4,TRUE,115.0375,4.75391341472605,1,"Purulia|RAGHUNATHPUR-II","SC|Purulia|2018","Purulia|RAGHUNATHPUR-II|2018"
"Purulia",2018,"RAGHUNATHPUR-II","CHELIAMA","PURULIARAGHUNATHPURIICHELIAMA","SC",FALSE,80.135,3.895,7.065,66.23,1.975,431,4,TRUE,80.135,4.3961144339915,0,"Purulia|RAGHUNATHPUR-II","SC|Purulia|2018","Purulia|RAGHUNATHPUR-II|2018"
"Purulia",2018,"RAGHUNATHPUR-II","JORADIH","PURULIARAGHUNATHPURIIJORADIH","UR",FALSE,162.7925,1.9525,13.6875,137.61,0,849.75,4,TRUE,162.7925,5.0986003828249,0,"Purulia|RAGHUNATHPUR-II","UR|Purulia|2018","Purulia|RAGHUNATHPUR-II|2018"
"Purulia",2018,"RAGHUNATHPUR-II","MANGALDA-MAUTORE","PURULIARAGHUNATHPURIIMANGALDAMAUTORE","UR",FALSE,114.24,2.175,7.0875,94.7575,1.225,665.75,4,TRUE,114.24,4.74701691021633,0,"Purulia|RAGHUNATHPUR-II","UR|Purulia|2018","Purulia|RAGHUNATHPUR-II|2018"
"Purulia",2018,"RAGHUNATHPUR-II","NILDIH","PURULIARAGHUNATHPURIINILDIH","UR",TRUE,106.2125,2.005,20.135,75.1725,0.6125,505.25,4,TRUE,106.2125,4.67481284631654,1,"Purulia|RAGHUNATHPUR-II","UR|Purulia|2018","Purulia|RAGHUNATHPUR-II|2018"
"Purulia",2018,"RAGHUNATHPUR-II","NUTANDIH","PURULIARAGHUNATHPURIINUTANDIH","UR",TRUE,142.0125,1.54,18.05,116.5475,0.005,575.25,4,TRUE,142.0125,4.96293203902706,1,"Purulia|RAGHUNATHPUR-II","UR|Purulia|2018","Purulia|RAGHUNATHPUR-II|2018"
"Purulia",2018,"RAGHUNATH PUR-I","KHAJURA","PURULIARAGHUNATHPURIKHAJURA","UR",FALSE,94.19,0.255,28.9775,54.155,0.16,562,4,TRUE,94.19,4.55587489426321,0,"Purulia|RAGHUNATH PUR-I","UR|Purulia|2018","Purulia|RAGHUNATH PUR-I|2018"
"Purulia",2018,"RAGHUNATH PUR-I","NUTANDI","PURULIARAGHUNATHPURINUTANDI","UR",TRUE,117.5625,0.285,27.43,88.0675,0,570.75,4,TRUE,117.5625,4.77544024769523,1,"Purulia|RAGHUNATH PUR-I","UR|Purulia|2018","Purulia|RAGHUNATH PUR-I|2018"
"Purulia",2018,"RAGHUNATH PUR-I","SANKA","PURULIARAGHUNATHPURISANKA","UR",FALSE,95.105,11.3675,38.735,38.09,2.3975,389.5,4,TRUE,95.105,4.5654413437591,0,"Purulia|RAGHUNATH PUR-I","UR|Purulia|2018","Purulia|RAGHUNATH PUR-I|2018"
"Purulia",2018,"SANTURI","BALITORA","PURULIASANTURIBALITORA","UR",FALSE,55.2875,0.005,3.9625,50.61,0.6275,230.5,4,TRUE,55.2875,4.03047248562769,0,"Purulia|SANTURI","UR|Purulia|2018","Purulia|SANTURI|2018"
"Purulia",2018,"SANTURI","GARSIKA","PURULIASANTURIGARSIKA","UR",TRUE,128.195,14.2225,25.045,83.9875,0.7225,395.25,4,TRUE,128.195,4.86132289090925,1,"Purulia|SANTURI","UR|Purulia|2018","Purulia|SANTURI|2018"
"Purulia",2018,"SANTURI","MURADI","PURULIASANTURIMURADI","UR",TRUE,70.78,1.4775,12.5025,55.3675,1.295,412.75,4,TRUE,70.78,4.27360588571946,1,"Purulia|SANTURI","UR|Purulia|2018","Purulia|SANTURI|2018"
"Purulia",2018,"SANTURI","RAMCHANDRAPUR-KOTALDI","PURULIASANTURIRAMCHANDRAPURKOTALDI","UR",FALSE,88.4825,19.415,18.1175,48.7925,1.4225,353.5,4,TRUE,88.4825,4.49404307543593,0,"Purulia|SANTURI","UR|Purulia|2018","Purulia|SANTURI|2018"
"Purulia",2018,"SANTURI","SANTURI","PURULIASANTURISANTURI","SC",FALSE,73.225,0.275,19.8325,52.065,0.32,241.75,4,TRUE,73.225,4.30710102064982,0,"Purulia|SANTURI","SC|Purulia|2018","Purulia|SANTURI|2018"
"Purulia",2018,"SANTURI","TARABARI","PURULIASANTURITARABARI","UR",FALSE,68.0775,1.3475,5.2825,60.5725,0.875,278.5,4,TRUE,68.0775,4.23522906269888,0,"Purulia|SANTURI","UR|Purulia|2018","Purulia|SANTURI|2018"
