"district","term","fy","block","gram_panchayat","in_r6","exclusion_reason"
"Malda",2013,2013,"BAMONGOLA","BAMONGOLA",TRUE,""
"Malda",2013,2013,"BAMONGOLA","CHANDPUR",TRUE,""
"Malda",2013,2013,"BAMONGOLA","GOBINDAPUR-MAHESHPUR",TRUE,""
"Malda",2013,2013,"BAMONGOLA","JAGDALA",TRUE,""
"Malda",2013,2013,"BAMONGOLA","MADNABATI",TRUE,""
"Malda",2013,2013,"BAMONGOLA","PAKUAHAT",TRUE,""
"Malda",2013,2013,"CHANCHAL-I","ALIHANDA",TRUE,""
"Malda",2013,2013,"CHANCHAL-I","BHAGABANPUR",TRUE,""
"Malda",2013,2013,"CHANCHAL-I","CHANCHOL",TRUE,""
"Malda",2013,2013,"CHANCHAL-I","KALIGRAM",TRUE,""
"Malda",2013,2013,"CHANCHAL-I","KHARBA",TRUE,""
"Malda",2013,2013,"CHANCHAL-I","MAHANANDAPUR",TRUE,""
"Malda",2013,2013,"CHANCHAL-I","MAKDAMPUR",TRUE,""
"Malda",2013,2013,"CHANCHAL-I","MOTIHARPUR",TRUE,""
"Malda",2013,2013,"CHANCHAL-II","BHAKRI",TRUE,""
"Malda",2013,2013,"CHANCHAL-II","CHANDRAPARA",TRUE,""
"Malda",2013,2013,"CHANCHAL-II","DHANGARA-BISHANPUR",TRUE,""
"Malda",2013,2013,"CHANCHAL-II","GOURHANDA",TRUE,""
"Malda",2013,2013,"CHANCHAL-II","JALALPUR",TRUE,""
"Malda",2013,2013,"CHANCHAL-II","KSHEMPUR",TRUE,""
"Malda",2013,2013,"CHANCHAL-II","MALATIPUR",TRUE,""
"Malda",2013,2013,"ENGLISH BAZAR","AMRITI",TRUE,""
"Malda",2013,2013,"ENGLISH BAZAR","BINODPUR",TRUE,""
"Malda",2013,2013,"ENGLISH BAZAR","FULBARIA",TRUE,""
"Malda",2013,2013,"ENGLISH BAZAR","JADUPUR-I",TRUE,""
"Malda",2013,2013,"ENGLISH BAZAR","JADUPUR-II",TRUE,""
"Malda",2013,2013,"ENGLISH BAZAR","KAJIGRAM",TRUE,""
"Malda",2013,2013,"ENGLISH BAZAR","KOTWALI",TRUE,""
"Malda",2013,2013,"ENGLISH BAZAR","MAHADIPUR",TRUE,""
"Malda",2013,2013,"ENGLISH BAZAR","MILKI",TRUE,""
"Malda",2013,2013,"ENGLISH BAZAR","NARHATTA",TRUE,""
"Malda",2013,2013,"ENGLISH BAZAR","SOVANAGAR",TRUE,""
"Malda",2013,2013,"GAZOLE","ALAL",TRUE,""
"Malda",2013,2013,"GAZOLE","BABUPUR",TRUE,""
"Malda",2013,2013,"GAZOLE","BAIRGACHHI-I",TRUE,""
"Malda",2013,2013,"GAZOLE","BAIRGACHHI-II",TRUE,""
"Malda",2013,2013,"GAZOLE","CHAKNAGAR",TRUE,""
"Malda",2013,2013,"GAZOLE","DEOTALA",TRUE,""
"Malda",2013,2013,"GAZOLE","GAZOLE-I",TRUE,""
"Malda",2013,2013,"GAZOLE","GAZOLE-II",TRUE,""
"Malda",2013,2013,"GAZOLE","KARKACH",TRUE,""
"Malda",2013,2013,"GAZOLE","MAJHRA",TRUE,""
"Malda",2013,2013,"GAZOLE","PANDUA",TRUE,""
"Malda",2013,2013,"GAZOLE","RANIGANJ-I",TRUE,""
"Malda",2013,2013,"GAZOLE","RANIGANJ-II",TRUE,""
"Malda",2013,2013,"GAZOLE","SAHAJADPUR",TRUE,""
"Malda",2013,2013,"GAZOLE","SALAIDANGA",TRUE,""
"Malda",2013,2013,"HABIBPUR","AIHO",TRUE,""
"Malda",2013,2013,"HABIBPUR","AKTAIL",TRUE,""
"Malda",2013,2013,"HABIBPUR","BAIDYAPUR",TRUE,""
"Malda",2013,2013,"HABIBPUR","BULBULCHANDI",TRUE,""
"Malda",2013,2013,"HABIBPUR","DHUMPUR",TRUE,""
"Malda",2013,2013,"HABIBPUR","HABIBPUR",TRUE,""
"Malda",2013,2013,"HABIBPUR","JAJAIL",TRUE,""
"Malda",2013,2013,"HABIBPUR","KANTURKA",TRUE,""
"Malda",2013,2013,"HABIBPUR","MANGALPUR",TRUE,""
"Malda",2013,2013,"HABIBPUR","RISHIPUR",TRUE,""
"Malda",2013,2013,"HABIBPUR","SREERAMPUR",TRUE,""
"Malda",2013,2013,"HARISHCHANDRAPUR-I","BARUI",TRUE,""
"Malda",2013,2013,"HARISHCHANDRAPUR-I","BHINGOLE",TRUE,""
"Malda",2013,2013,"HARISHCHANDRAPUR-I","HARISHCHANDRAPUR",TRUE,""
"Malda",2013,2013,"HARISHCHANDRAPUR-I","KUSIDHA",TRUE,""
"Malda",2013,2013,"HARISHCHANDRAPUR-I","MAHENDRAPUR",TRUE,""
"Malda",2013,2013,"HARISHCHANDRAPUR-I","RASHIDABAD",TRUE,""
"Malda",2013,2013,"HARISHCHANDRAPUR-I","TULSIHATTA",TRUE,""
"Malda",2013,2013,"HARISHCHANDRAPUR-II","DAULATPUR",TRUE,""
"Malda",2013,2013,"HARISHCHANDRAPUR-II","DOULATNAGAR",TRUE,""
"Malda",2013,2013,"HARISHCHANDRAPUR-II","ISLAMPUR",TRUE,""
"Malda",2013,2013,"HARISHCHANDRAPUR-II","MALIOR-I",TRUE,""
"Malda",2013,2013,"HARISHCHANDRAPUR-II","MALIOR-II",TRUE,""
"Malda",2013,2013,"HARISHCHANDRAPUR-II","MASHALDAHA",TRUE,""
"Malda",2013,2013,"HARISHCHANDRAPUR-II","SADLICHAK",TRUE,""
"Malda",2013,2013,"HARISHCHANDRAPUR-II","SULTANNAGAR",TRUE,""
"Malda",2013,2013,"HARISHCHANDRAPUR-II","VALUKA",TRUE,""
"Malda",2013,2013,"KALIACHAK-I","ALINAGAR",TRUE,""
"Malda",2013,2013,"KALIACHAK-I","ALIPUR-I",TRUE,""
"Malda",2013,2013,"KALIACHAK-I","ALIPUR-II",TRUE,""
"Malda",2013,2013,"KALIACHAK-I","BAMONGRAM-MASHIMPUR",TRUE,""
"Malda",2013,2013,"KALIACHAK-I","GAYESHBARI",TRUE,""
"Malda",2013,2013,"KALIACHAK-I","JALALPUR",TRUE,""
"Malda",2013,2013,"KALIACHAK-I","JALUABADHAL",TRUE,""
"Malda",2013,2013,"KALIACHAK-I","KALIACHAK-I",TRUE,""
"Malda",2013,2013,"KALIACHAK-I","KALIACHAK-II",TRUE,""
"Malda",2013,2013,"KALIACHAK-I","MOZAMPUR",TRUE,""
"Malda",2013,2013,"KALIACHAK-I","NAODA-JADUPUR",TRUE,""
"Malda",2013,2013,"KALIACHAK-I","SILAMPUR-I",TRUE,""
"Malda",2013,2013,"KALIACHAK-I","SILAMPUR-II",TRUE,""
"Malda",2013,2013,"KALIACHAK-I","SUJAPUR",TRUE,""
"Malda",2013,2013,"KALIACHAK-II","BANGITOLA",TRUE,""
"Malda",2013,2013,"KALIACHAK-II","GANGAPRASAD",TRUE,""
"Malda",2013,2013,"KALIACHAK-II","HAMIDPUR",TRUE,""
"Malda",2013,2013,"KALIACHAK-II","MOTHABARI",TRUE,""
"Malda",2013,2013,"KALIACHAK-II","RAJNAGAR",TRUE,""
"Malda",2013,2013,"KALIACHAK-II","RATHBARI",TRUE,""
"Malda",2013,2013,"KALIACHAK-II","UTTAR LAKSHMIPUR",TRUE,""
"Malda",2013,2013,"KALIACHAK-II","UTTAR PACHANANDAPUR-II",TRUE,""
"Malda",2013,2013,"KALIACHAK-II","UTTAR PANCHANANDAPUR-I",TRUE,""
"Malda",2013,2013,"KALIACHAK-III","AKANDABARIA",TRUE,""
"Malda",2013,2013,"KALIACHAK-III","BAKHRABAD",TRUE,""
"Malda",2013,2013,"KALIACHAK-III","BEDRABAD",TRUE,""
"Malda",2013,2013,"KALIACHAK-III","BEERNAGAR-I",TRUE,""
"Malda",2013,2013,"KALIACHAK-III","BEERNAGAR-II",TRUE,""
"Malda",2013,2013,"KALIACHAK-III","BHAGABANPUR",TRUE,""
"Malda",2013,2013,"KALIACHAK-III","CHARIANANTAPUR",TRUE,""
"Malda",2013,2013,"KALIACHAK-III","GOLAPGANJ",TRUE,""
"Malda",2013,2013,"KALIACHAK-III","KRISHNAPUR",TRUE,""
"Malda",2013,2013,"KALIACHAK-III","KUMBHIRA",TRUE,""
"Malda",2013,2013,"KALIACHAK-III","LAKSHMIPUR",TRUE,""
"Malda",2013,2013,"KALIACHAK-III","PARDEONAPUR-SOVAPUR",TRUE,""
"Malda",2013,2013,"KALIACHAK-III","SAHABAJPUR",TRUE,""
"Malda",2013,2013,"KALIACHAK-III","SAHABANCHAK",TRUE,""
"Malda",2013,2013,"MANIKCHAK","CHOWKI MIRDADPUR",TRUE,""
"Malda",2013,2013,"MANIKCHAK","DAKSHIN CHANDIPUR",TRUE,""
"Malda",2013,2013,"MANIKCHAK","DHARAMPUR",TRUE,""
"Malda",2013,2013,"MANIKCHAK","ENAYETPUR",TRUE,""
"Malda",2013,2013,"MANIKCHAK","GOPALPUR",TRUE,""
"Malda",2013,2013,"MANIKCHAK","HEERANANDAPUR",TRUE,""
"Malda",2013,2013,"MANIKCHAK","MANIKCHAK",TRUE,""
"Malda",2013,2013,"MANIKCHAK","MATHURAPUR",TRUE,""
"Malda",2013,2013,"MANIKCHAK","NAZEERPUR",TRUE,""
"Malda",2013,2013,"MANIKCHAK","NURPUR",TRUE,""
"Malda",2013,2013,"MANIKCHAK","UTTAR CHANDIPUR",TRUE,""
"Malda",2013,2013,"OLD MALDA","BHABUK",TRUE,""
"Malda",2013,2013,"OLD MALDA","JATRADANGA",TRUE,""
"Malda",2013,2013,"OLD MALDA","MAHISBATHANI",TRUE,""
"Malda",2013,2013,"OLD MALDA","MANGALBARI",TRUE,""
"Malda",2013,2013,"OLD MALDA","MUCHIA",TRUE,""
"Malda",2013,2013,"OLD MALDA","SAHAPUR",TRUE,""
"Malda",2013,2013,"RATUA-I","BAHARAL",TRUE,""
"Malda",2013,2013,"RATUA-I","BHADO",TRUE,""
"Malda",2013,2013,"RATUA-I","BILAIMARI",TRUE,""
"Malda",2013,2013,"RATUA-I","CHANDMONI-I",TRUE,""
"Malda",2013,2013,"RATUA-I","CHANDMONI-II",TRUE,""
"Malda",2013,2013,"RATUA-I","DEBIPUR",TRUE,""
"Malda",2013,2013,"RATUA-I","KAHALA",TRUE,""
"Malda",2013,2013,"RATUA-I","MAHANANDATOLA",TRUE,""
"Malda",2013,2013,"RATUA-I","RATUA",TRUE,""
"Malda",2013,2013,"RATUA-I","SAMSI",TRUE,""
"Malda",2013,2013,"RATUA-II","ARAIDANGA",TRUE,""
"Malda",2013,2013,"RATUA-II","MAHARAJPUR",TRUE,""
"Malda",2013,2013,"RATUA-II","PARANPUR",TRUE,""
"Malda",2013,2013,"RATUA-II","PEERGANJ",TRUE,""
"Malda",2013,2013,"RATUA-II","PUKHURIA",TRUE,""
"Malda",2013,2013,"RATUA-II","SAMBALPUR",TRUE,""
"Malda",2013,2013,"RATUA-II","SREEPUR-I",TRUE,""
"Malda",2013,2013,"RATUA-II","SREEPUR-II",TRUE,""
"Malda",2013,2014,"BAMONGOLA","BAMONGOLA",TRUE,""
"Malda",2013,2014,"BAMONGOLA","CHANDPUR",TRUE,""
"Malda",2013,2014,"BAMONGOLA","GOBINDAPUR-MAHESHPUR",TRUE,""
"Malda",2013,2014,"BAMONGOLA","JAGDALA",TRUE,""
"Malda",2013,2014,"BAMONGOLA","MADNABATI",TRUE,""
"Malda",2013,2014,"BAMONGOLA","PAKUAHAT",TRUE,""
"Malda",2013,2014,"CHANCHAL-I","ALIHANDA",TRUE,""
"Malda",2013,2014,"CHANCHAL-I","BHAGABANPUR",TRUE,""
"Malda",2013,2014,"CHANCHAL-I","CHANCHOL",TRUE,""
"Malda",2013,2014,"CHANCHAL-I","KALIGRAM",TRUE,""
"Malda",2013,2014,"CHANCHAL-I","KHARBA",TRUE,""
"Malda",2013,2014,"CHANCHAL-I","MAHANANDAPUR",TRUE,""
"Malda",2013,2014,"CHANCHAL-I","MAKDAMPUR",TRUE,""
"Malda",2013,2014,"CHANCHAL-I","MOTIHARPUR",TRUE,""
"Malda",2013,2014,"CHANCHAL-II","BHAKRI",TRUE,""
"Malda",2013,2014,"CHANCHAL-II","CHANDRAPARA",TRUE,""
"Malda",2013,2014,"CHANCHAL-II","DHANGARA-BISHANPUR",TRUE,""
"Malda",2013,2014,"CHANCHAL-II","GOURHANDA",TRUE,""
"Malda",2013,2014,"CHANCHAL-II","JALALPUR",TRUE,""
"Malda",2013,2014,"CHANCHAL-II","KSHEMPUR",TRUE,""
"Malda",2013,2014,"CHANCHAL-II","MALATIPUR",TRUE,""
"Malda",2013,2014,"ENGLISH BAZAR","AMRITI",TRUE,""
"Malda",2013,2014,"ENGLISH BAZAR","BINODPUR",TRUE,""
"Malda",2013,2014,"ENGLISH BAZAR","FULBARIA",TRUE,""
"Malda",2013,2014,"ENGLISH BAZAR","JADUPUR-I",TRUE,""
"Malda",2013,2014,"ENGLISH BAZAR","JADUPUR-II",TRUE,""
"Malda",2013,2014,"ENGLISH BAZAR","KAJIGRAM",TRUE,""
"Malda",2013,2014,"ENGLISH BAZAR","KOTWALI",TRUE,""
"Malda",2013,2014,"ENGLISH BAZAR","MAHADIPUR",TRUE,""
"Malda",2013,2014,"ENGLISH BAZAR","MILKI",TRUE,""
"Malda",2013,2014,"ENGLISH BAZAR","NARHATTA",TRUE,""
"Malda",2013,2014,"ENGLISH BAZAR","SOVANAGAR",TRUE,""
"Malda",2013,2014,"GAZOLE","ALAL",TRUE,""
"Malda",2013,2014,"GAZOLE","BABUPUR",TRUE,""
"Malda",2013,2014,"GAZOLE","BAIRGACHHI-I",TRUE,""
"Malda",2013,2014,"GAZOLE","BAIRGACHHI-II",TRUE,""
"Malda",2013,2014,"GAZOLE","CHAKNAGAR",TRUE,""
"Malda",2013,2014,"GAZOLE","DEOTALA",TRUE,""
"Malda",2013,2014,"GAZOLE","GAZOLE-I",TRUE,""
"Malda",2013,2014,"GAZOLE","GAZOLE-II",TRUE,""
"Malda",2013,2014,"GAZOLE","KARKACH",TRUE,""
"Malda",2013,2014,"GAZOLE","MAJHRA",TRUE,""
"Malda",2013,2014,"GAZOLE","PANDUA",TRUE,""
"Malda",2013,2014,"GAZOLE","RANIGANJ-I",TRUE,""
"Malda",2013,2014,"GAZOLE","RANIGANJ-II",TRUE,""
"Malda",2013,2014,"GAZOLE","SAHAJADPUR",TRUE,""
"Malda",2013,2014,"GAZOLE","SALAIDANGA",TRUE,""
"Malda",2013,2014,"HABIBPUR","AIHO",TRUE,""
"Malda",2013,2014,"HABIBPUR","AKTAIL",TRUE,""
"Malda",2013,2014,"HABIBPUR","BAIDYAPUR",TRUE,""
"Malda",2013,2014,"HABIBPUR","BULBULCHANDI",TRUE,""
"Malda",2013,2014,"HABIBPUR","DHUMPUR",TRUE,""
"Malda",2013,2014,"HABIBPUR","HABIBPUR",TRUE,""
"Malda",2013,2014,"HABIBPUR","JAJAIL",TRUE,""
"Malda",2013,2014,"HABIBPUR","KANTURKA",TRUE,""
"Malda",2013,2014,"HABIBPUR","MANGALPUR",TRUE,""
"Malda",2013,2014,"HABIBPUR","RISHIPUR",TRUE,""
"Malda",2013,2014,"HABIBPUR","SREERAMPUR",TRUE,""
"Malda",2013,2014,"HARISHCHANDRAPUR-I","BARUI",TRUE,""
"Malda",2013,2014,"HARISHCHANDRAPUR-I","BHINGOLE",TRUE,""
"Malda",2013,2014,"HARISHCHANDRAPUR-I","HARISHCHANDRAPUR",TRUE,""
"Malda",2013,2014,"HARISHCHANDRAPUR-I","KUSIDHA",TRUE,""
"Malda",2013,2014,"HARISHCHANDRAPUR-I","MAHENDRAPUR",TRUE,""
"Malda",2013,2014,"HARISHCHANDRAPUR-I","RASHIDABAD",TRUE,""
"Malda",2013,2014,"HARISHCHANDRAPUR-I","TULSIHATTA",TRUE,""
"Malda",2013,2014,"HARISHCHANDRAPUR-II","DAULATPUR",TRUE,""
"Malda",2013,2014,"HARISHCHANDRAPUR-II","DOULATNAGAR",TRUE,""
"Malda",2013,2014,"HARISHCHANDRAPUR-II","ISLAMPUR",TRUE,""
"Malda",2013,2014,"HARISHCHANDRAPUR-II","MALIOR-I",TRUE,""
"Malda",2013,2014,"HARISHCHANDRAPUR-II","MALIOR-II",TRUE,""
"Malda",2013,2014,"HARISHCHANDRAPUR-II","MASHALDAHA",TRUE,""
"Malda",2013,2014,"HARISHCHANDRAPUR-II","SADLICHAK",TRUE,""
"Malda",2013,2014,"HARISHCHANDRAPUR-II","SULTANNAGAR",TRUE,""
"Malda",2013,2014,"HARISHCHANDRAPUR-II","VALUKA",TRUE,""
"Malda",2013,2014,"KALIACHAK-I","ALINAGAR",TRUE,""
"Malda",2013,2014,"KALIACHAK-I","ALIPUR-I",TRUE,""
"Malda",2013,2014,"KALIACHAK-I","ALIPUR-II",TRUE,""
"Malda",2013,2014,"KALIACHAK-I","BAMONGRAM-MASHIMPUR",TRUE,""
"Malda",2013,2014,"KALIACHAK-I","GAYESHBARI",TRUE,""
"Malda",2013,2014,"KALIACHAK-I","JALALPUR",TRUE,""
"Malda",2013,2014,"KALIACHAK-I","JALUABADHAL",TRUE,""
"Malda",2013,2014,"KALIACHAK-I","KALIACHAK-I",TRUE,""
"Malda",2013,2014,"KALIACHAK-I","KALIACHAK-II",TRUE,""
"Malda",2013,2014,"KALIACHAK-I","MOZAMPUR",TRUE,""
"Malda",2013,2014,"KALIACHAK-I","NAODA-JADUPUR",TRUE,""
"Malda",2013,2014,"KALIACHAK-I","SILAMPUR-I",TRUE,""
"Malda",2013,2014,"KALIACHAK-I","SILAMPUR-II",TRUE,""
"Malda",2013,2014,"KALIACHAK-I","SUJAPUR",TRUE,""
"Malda",2013,2014,"KALIACHAK-II","BANGITOLA",TRUE,""
"Malda",2013,2014,"KALIACHAK-II","GANGAPRASAD",TRUE,""
"Malda",2013,2014,"KALIACHAK-II","HAMIDPUR",TRUE,""
"Malda",2013,2014,"KALIACHAK-II","MOTHABARI",TRUE,""
"Malda",2013,2014,"KALIACHAK-II","RAJNAGAR",TRUE,""
"Malda",2013,2014,"KALIACHAK-II","RATHBARI",TRUE,""
"Malda",2013,2014,"KALIACHAK-II","UTTAR LAKSHMIPUR",TRUE,""
"Malda",2013,2014,"KALIACHAK-II","UTTAR PACHANANDAPUR-II",TRUE,""
"Malda",2013,2014,"KALIACHAK-II","UTTAR PANCHANANDAPUR-I",TRUE,""
"Malda",2013,2014,"KALIACHAK-III","AKANDABARIA",TRUE,""
"Malda",2013,2014,"KALIACHAK-III","BAKHRABAD",TRUE,""
"Malda",2013,2014,"KALIACHAK-III","BEDRABAD",TRUE,""
"Malda",2013,2014,"KALIACHAK-III","BEERNAGAR-I",TRUE,""
"Malda",2013,2014,"KALIACHAK-III","BEERNAGAR-II",TRUE,""
"Malda",2013,2014,"KALIACHAK-III","BHAGABANPUR",TRUE,""
"Malda",2013,2014,"KALIACHAK-III","CHARIANANTAPUR",TRUE,""
"Malda",2013,2014,"KALIACHAK-III","GOLAPGANJ",TRUE,""
"Malda",2013,2014,"KALIACHAK-III","KRISHNAPUR",TRUE,""
"Malda",2013,2014,"KALIACHAK-III","KUMBHIRA",TRUE,""
"Malda",2013,2014,"KALIACHAK-III","LAKSHMIPUR",TRUE,""
"Malda",2013,2014,"KALIACHAK-III","PARDEONAPUR-SOVAPUR",TRUE,""
"Malda",2013,2014,"KALIACHAK-III","SAHABAJPUR",TRUE,""
"Malda",2013,2014,"KALIACHAK-III","SAHABANCHAK",TRUE,""
"Malda",2013,2014,"MANIKCHAK","CHOWKI MIRDADPUR",TRUE,""
"Malda",2013,2014,"MANIKCHAK","DAKSHIN CHANDIPUR",TRUE,""
"Malda",2013,2014,"MANIKCHAK","DHARAMPUR",TRUE,""
"Malda",2013,2014,"MANIKCHAK","ENAYETPUR",TRUE,""
"Malda",2013,2014,"MANIKCHAK","GOPALPUR",TRUE,""
"Malda",2013,2014,"MANIKCHAK","HEERANANDAPUR",TRUE,""
"Malda",2013,2014,"MANIKCHAK","MANIKCHAK",TRUE,""
"Malda",2013,2014,"MANIKCHAK","MATHURAPUR",TRUE,""
"Malda",2013,2014,"MANIKCHAK","NAZEERPUR",TRUE,""
"Malda",2013,2014,"MANIKCHAK","NURPUR",TRUE,""
"Malda",2013,2014,"MANIKCHAK","UTTAR CHANDIPUR",TRUE,""
"Malda",2013,2014,"OLD MALDA","BHABUK",TRUE,""
"Malda",2013,2014,"OLD MALDA","JATRADANGA",TRUE,""
"Malda",2013,2014,"OLD MALDA","MAHISBATHANI",TRUE,""
"Malda",2013,2014,"OLD MALDA","MANGALBARI",TRUE,""
"Malda",2013,2014,"OLD MALDA","MUCHIA",TRUE,""
"Malda",2013,2014,"OLD MALDA","SAHAPUR",TRUE,""
"Malda",2013,2014,"RATUA-I","BAHARAL",TRUE,""
"Malda",2013,2014,"RATUA-I","BHADO",TRUE,""
"Malda",2013,2014,"RATUA-I","BILAIMARI",TRUE,""
"Malda",2013,2014,"RATUA-I","CHANDMONI-I",TRUE,""
"Malda",2013,2014,"RATUA-I","CHANDMONI-II",TRUE,""
"Malda",2013,2014,"RATUA-I","DEBIPUR",TRUE,""
"Malda",2013,2014,"RATUA-I","KAHALA",TRUE,""
"Malda",2013,2014,"RATUA-I","MAHANANDATOLA",TRUE,""
"Malda",2013,2014,"RATUA-I","RATUA",TRUE,""
"Malda",2013,2014,"RATUA-I","SAMSI",TRUE,""
"Malda",2013,2014,"RATUA-II","ARAIDANGA",TRUE,""
"Malda",2013,2014,"RATUA-II","MAHARAJPUR",TRUE,""
"Malda",2013,2014,"RATUA-II","PARANPUR",TRUE,""
"Malda",2013,2014,"RATUA-II","PEERGANJ",TRUE,""
"Malda",2013,2014,"RATUA-II","PUKHURIA",TRUE,""
"Malda",2013,2014,"RATUA-II","SAMBALPUR",TRUE,""
"Malda",2013,2014,"RATUA-II","SREEPUR-I",TRUE,""
"Malda",2013,2014,"RATUA-II","SREEPUR-II",TRUE,""
"Malda",2013,2015,"BAMONGOLA","BAMONGOLA",TRUE,""
"Malda",2013,2015,"BAMONGOLA","CHANDPUR",TRUE,""
"Malda",2013,2015,"BAMONGOLA","GOBINDAPUR-MAHESHPUR",TRUE,""
"Malda",2013,2015,"BAMONGOLA","JAGDALA",TRUE,""
"Malda",2013,2015,"BAMONGOLA","MADNABATI",TRUE,""
"Malda",2013,2015,"BAMONGOLA","PAKUAHAT",TRUE,""
"Malda",2013,2015,"CHANCHAL-I","ALIHANDA",TRUE,""
"Malda",2013,2015,"CHANCHAL-I","BHAGABANPUR",TRUE,""
"Malda",2013,2015,"CHANCHAL-I","CHANCHOL",TRUE,""
"Malda",2013,2015,"CHANCHAL-I","KALIGRAM",TRUE,""
"Malda",2013,2015,"CHANCHAL-I","KHARBA",TRUE,""
"Malda",2013,2015,"CHANCHAL-I","MAHANANDAPUR",TRUE,""
"Malda",2013,2015,"CHANCHAL-I","MAKDAMPUR",TRUE,""
"Malda",2013,2015,"CHANCHAL-I","MOTIHARPUR",TRUE,""
"Malda",2013,2015,"CHANCHAL-II","BHAKRI",TRUE,""
"Malda",2013,2015,"CHANCHAL-II","CHANDRAPARA",TRUE,""
"Malda",2013,2015,"CHANCHAL-II","DHANGARA-BISHANPUR",TRUE,""
"Malda",2013,2015,"CHANCHAL-II","GOURHANDA",TRUE,""
"Malda",2013,2015,"CHANCHAL-II","JALALPUR",TRUE,""
"Malda",2013,2015,"CHANCHAL-II","KSHEMPUR",TRUE,""
"Malda",2013,2015,"CHANCHAL-II","MALATIPUR",TRUE,""
"Malda",2013,2015,"ENGLISH BAZAR","AMRITI",TRUE,""
"Malda",2013,2015,"ENGLISH BAZAR","BINODPUR",TRUE,""
"Malda",2013,2015,"ENGLISH BAZAR","FULBARIA",TRUE,""
"Malda",2013,2015,"ENGLISH BAZAR","JADUPUR-I",TRUE,""
"Malda",2013,2015,"ENGLISH BAZAR","JADUPUR-II",TRUE,""
"Malda",2013,2015,"ENGLISH BAZAR","KAJIGRAM",TRUE,""
"Malda",2013,2015,"ENGLISH BAZAR","KOTWALI",TRUE,""
"Malda",2013,2015,"ENGLISH BAZAR","MAHADIPUR",TRUE,""
"Malda",2013,2015,"ENGLISH BAZAR","MILKI",TRUE,""
"Malda",2013,2015,"ENGLISH BAZAR","NARHATTA",TRUE,""
"Malda",2013,2015,"ENGLISH BAZAR","SOVANAGAR",TRUE,""
"Malda",2013,2015,"GAZOLE","ALAL",TRUE,""
"Malda",2013,2015,"GAZOLE","BABUPUR",TRUE,""
"Malda",2013,2015,"GAZOLE","BAIRGACHHI-I",TRUE,""
"Malda",2013,2015,"GAZOLE","BAIRGACHHI-II",TRUE,""
"Malda",2013,2015,"GAZOLE","CHAKNAGAR",TRUE,""
"Malda",2013,2015,"GAZOLE","DEOTALA",TRUE,""
"Malda",2013,2015,"GAZOLE","GAZOLE-I",TRUE,""
"Malda",2013,2015,"GAZOLE","GAZOLE-II",TRUE,""
"Malda",2013,2015,"GAZOLE","KARKACH",TRUE,""
"Malda",2013,2015,"GAZOLE","MAJHRA",TRUE,""
"Malda",2013,2015,"GAZOLE","PANDUA",TRUE,""
"Malda",2013,2015,"GAZOLE","RANIGANJ-I",TRUE,""
"Malda",2013,2015,"GAZOLE","RANIGANJ-II",TRUE,""
"Malda",2013,2015,"GAZOLE","SAHAJADPUR",TRUE,""
"Malda",2013,2015,"GAZOLE","SALAIDANGA",TRUE,""
"Malda",2013,2015,"HABIBPUR","AIHO",TRUE,""
"Malda",2013,2015,"HABIBPUR","AKTAIL",TRUE,""
"Malda",2013,2015,"HABIBPUR","BAIDYAPUR",TRUE,""
"Malda",2013,2015,"HABIBPUR","BULBULCHANDI",TRUE,""
"Malda",2013,2015,"HABIBPUR","DHUMPUR",TRUE,""
"Malda",2013,2015,"HABIBPUR","HABIBPUR",TRUE,""
"Malda",2013,2015,"HABIBPUR","JAJAIL",TRUE,""
"Malda",2013,2015,"HABIBPUR","KANTURKA",TRUE,""
"Malda",2013,2015,"HABIBPUR","MANGALPUR",TRUE,""
"Malda",2013,2015,"HABIBPUR","RISHIPUR",TRUE,""
"Malda",2013,2015,"HABIBPUR","SREERAMPUR",TRUE,""
"Malda",2013,2015,"HARISHCHANDRAPUR-I","BARUI",TRUE,""
"Malda",2013,2015,"HARISHCHANDRAPUR-I","BHINGOLE",TRUE,""
"Malda",2013,2015,"HARISHCHANDRAPUR-I","HARISHCHANDRAPUR",TRUE,""
"Malda",2013,2015,"HARISHCHANDRAPUR-I","KUSIDHA",TRUE,""
"Malda",2013,2015,"HARISHCHANDRAPUR-I","MAHENDRAPUR",TRUE,""
"Malda",2013,2015,"HARISHCHANDRAPUR-I","RASHIDABAD",TRUE,""
"Malda",2013,2015,"HARISHCHANDRAPUR-I","TULSIHATTA",TRUE,""
"Malda",2013,2015,"HARISHCHANDRAPUR-II","DAULATPUR",TRUE,""
"Malda",2013,2015,"HARISHCHANDRAPUR-II","DOULATNAGAR",TRUE,""
"Malda",2013,2015,"HARISHCHANDRAPUR-II","ISLAMPUR",TRUE,""
"Malda",2013,2015,"HARISHCHANDRAPUR-II","MALIOR-I",TRUE,""
"Malda",2013,2015,"HARISHCHANDRAPUR-II","MALIOR-II",TRUE,""
"Malda",2013,2015,"HARISHCHANDRAPUR-II","MASHALDAHA",TRUE,""
"Malda",2013,2015,"HARISHCHANDRAPUR-II","SADLICHAK",TRUE,""
"Malda",2013,2015,"HARISHCHANDRAPUR-II","SULTANNAGAR",TRUE,""
"Malda",2013,2015,"HARISHCHANDRAPUR-II","VALUKA",TRUE,""
"Malda",2013,2015,"KALIACHAK-I","ALINAGAR",TRUE,""
"Malda",2013,2015,"KALIACHAK-I","ALIPUR-I",TRUE,""
"Malda",2013,2015,"KALIACHAK-I","ALIPUR-II",TRUE,""
"Malda",2013,2015,"KALIACHAK-I","BAMONGRAM-MASHIMPUR",TRUE,""
"Malda",2013,2015,"KALIACHAK-I","GAYESHBARI",TRUE,""
"Malda",2013,2015,"KALIACHAK-I","JALALPUR",TRUE,""
"Malda",2013,2015,"KALIACHAK-I","JALUABADHAL",TRUE,""
"Malda",2013,2015,"KALIACHAK-I","KALIACHAK-I",TRUE,""
"Malda",2013,2015,"KALIACHAK-I","KALIACHAK-II",TRUE,""
"Malda",2013,2015,"KALIACHAK-I","MOZAMPUR",TRUE,""
"Malda",2013,2015,"KALIACHAK-I","NAODA-JADUPUR",TRUE,""
"Malda",2013,2015,"KALIACHAK-I","SILAMPUR-I",TRUE,""
"Malda",2013,2015,"KALIACHAK-I","SILAMPUR-II",TRUE,""
"Malda",2013,2015,"KALIACHAK-I","SUJAPUR",TRUE,""
"Malda",2013,2015,"KALIACHAK-II","BANGITOLA",TRUE,""
"Malda",2013,2015,"KALIACHAK-II","GANGAPRASAD",TRUE,""
"Malda",2013,2015,"KALIACHAK-II","HAMIDPUR",TRUE,""
"Malda",2013,2015,"KALIACHAK-II","MOTHABARI",TRUE,""
"Malda",2013,2015,"KALIACHAK-II","RAJNAGAR",TRUE,""
"Malda",2013,2015,"KALIACHAK-II","RATHBARI",TRUE,""
"Malda",2013,2015,"KALIACHAK-II","UTTAR LAKSHMIPUR",TRUE,""
"Malda",2013,2015,"KALIACHAK-II","UTTAR PACHANANDAPUR-II",TRUE,""
"Malda",2013,2015,"KALIACHAK-II","UTTAR PANCHANANDAPUR-I",TRUE,""
"Malda",2013,2015,"KALIACHAK-III","AKANDABARIA",TRUE,""
"Malda",2013,2015,"KALIACHAK-III","BAKHRABAD",TRUE,""
"Malda",2013,2015,"KALIACHAK-III","BEDRABAD",TRUE,""
"Malda",2013,2015,"KALIACHAK-III","BEERNAGAR-I",TRUE,""
"Malda",2013,2015,"KALIACHAK-III","BEERNAGAR-II",TRUE,""
"Malda",2013,2015,"KALIACHAK-III","BHAGABANPUR",TRUE,""
"Malda",2013,2015,"KALIACHAK-III","CHARIANANTAPUR",TRUE,""
"Malda",2013,2015,"KALIACHAK-III","GOLAPGANJ",TRUE,""
"Malda",2013,2015,"KALIACHAK-III","KRISHNAPUR",TRUE,""
"Malda",2013,2015,"KALIACHAK-III","KUMBHIRA",TRUE,""
"Malda",2013,2015,"KALIACHAK-III","LAKSHMIPUR",TRUE,""
"Malda",2013,2015,"KALIACHAK-III","PARDEONAPUR-SOVAPUR",TRUE,""
"Malda",2013,2015,"KALIACHAK-III","SAHABAJPUR",TRUE,""
"Malda",2013,2015,"KALIACHAK-III","SAHABANCHAK",TRUE,""
"Malda",2013,2015,"MANIKCHAK","CHOWKI MIRDADPUR",TRUE,""
"Malda",2013,2015,"MANIKCHAK","DAKSHIN CHANDIPUR",TRUE,""
"Malda",2013,2015,"MANIKCHAK","DHARAMPUR",TRUE,""
"Malda",2013,2015,"MANIKCHAK","ENAYETPUR",TRUE,""
"Malda",2013,2015,"MANIKCHAK","GOPALPUR",TRUE,""
"Malda",2013,2015,"MANIKCHAK","HEERANANDAPUR",TRUE,""
"Malda",2013,2015,"MANIKCHAK","MANIKCHAK",TRUE,""
"Malda",2013,2015,"MANIKCHAK","MATHURAPUR",TRUE,""
"Malda",2013,2015,"MANIKCHAK","NAZEERPUR",TRUE,""
"Malda",2013,2015,"MANIKCHAK","NURPUR",TRUE,""
"Malda",2013,2015,"MANIKCHAK","UTTAR CHANDIPUR",TRUE,""
"Malda",2013,2015,"OLD MALDA","BHABUK",TRUE,""
"Malda",2013,2015,"OLD MALDA","JATRADANGA",TRUE,""
"Malda",2013,2015,"OLD MALDA","MAHISBATHANI",TRUE,""
"Malda",2013,2015,"OLD MALDA","MANGALBARI",TRUE,""
"Malda",2013,2015,"OLD MALDA","MUCHIA",TRUE,""
"Malda",2013,2015,"OLD MALDA","SAHAPUR",TRUE,""
"Malda",2013,2015,"RATUA-I","BAHARAL",TRUE,""
"Malda",2013,2015,"RATUA-I","BHADO",TRUE,""
"Malda",2013,2015,"RATUA-I","BILAIMARI",TRUE,""
"Malda",2013,2015,"RATUA-I","CHANDMONI-I",TRUE,""
"Malda",2013,2015,"RATUA-I","CHANDMONI-II",TRUE,""
"Malda",2013,2015,"RATUA-I","DEBIPUR",TRUE,""
"Malda",2013,2015,"RATUA-I","KAHALA",TRUE,""
"Malda",2013,2015,"RATUA-I","MAHANANDATOLA",TRUE,""
"Malda",2013,2015,"RATUA-I","RATUA",TRUE,""
"Malda",2013,2015,"RATUA-I","SAMSI",TRUE,""
"Malda",2013,2015,"RATUA-II","ARAIDANGA",TRUE,""
"Malda",2013,2015,"RATUA-II","MAHARAJPUR",TRUE,""
"Malda",2013,2015,"RATUA-II","PARANPUR",TRUE,""
"Malda",2013,2015,"RATUA-II","PEERGANJ",TRUE,""
"Malda",2013,2015,"RATUA-II","PUKHURIA",TRUE,""
"Malda",2013,2015,"RATUA-II","SAMBALPUR",TRUE,""
"Malda",2013,2015,"RATUA-II","SREEPUR-I",TRUE,""
"Malda",2013,2015,"RATUA-II","SREEPUR-II",TRUE,""
"Malda",2013,2016,"BAMONGOLA","BAMONGOLA",TRUE,""
"Malda",2013,2016,"BAMONGOLA","CHANDPUR",TRUE,""
"Malda",2013,2016,"BAMONGOLA","GOBINDAPUR-MAHESHPUR",TRUE,""
"Malda",2013,2016,"BAMONGOLA","JAGDALA",TRUE,""
"Malda",2013,2016,"BAMONGOLA","MADNABATI",TRUE,""
"Malda",2013,2016,"BAMONGOLA","PAKUAHAT",TRUE,""
"Malda",2013,2016,"CHANCHAL-I","ALIHANDA",TRUE,""
"Malda",2013,2016,"CHANCHAL-I","BHAGABANPUR",TRUE,""
"Malda",2013,2016,"CHANCHAL-I","CHANCHOL",TRUE,""
"Malda",2013,2016,"CHANCHAL-I","KALIGRAM",TRUE,""
"Malda",2013,2016,"CHANCHAL-I","KHARBA",TRUE,""
"Malda",2013,2016,"CHANCHAL-I","MAHANANDAPUR",TRUE,""
"Malda",2013,2016,"CHANCHAL-I","MAKDAMPUR",TRUE,""
"Malda",2013,2016,"CHANCHAL-I","MOTIHARPUR",TRUE,""
"Malda",2013,2016,"CHANCHAL-II","BHAKRI",TRUE,""
"Malda",2013,2016,"CHANCHAL-II","CHANDRAPARA",TRUE,""
"Malda",2013,2016,"CHANCHAL-II","DHANGARA-BISHANPUR",TRUE,""
"Malda",2013,2016,"CHANCHAL-II","GOURHANDA",TRUE,""
"Malda",2013,2016,"CHANCHAL-II","JALALPUR",TRUE,""
"Malda",2013,2016,"CHANCHAL-II","KSHEMPUR",TRUE,""
"Malda",2013,2016,"CHANCHAL-II","MALATIPUR",TRUE,""
"Malda",2013,2016,"ENGLISH BAZAR","AMRITI",TRUE,""
"Malda",2013,2016,"ENGLISH BAZAR","BINODPUR",TRUE,""
"Malda",2013,2016,"ENGLISH BAZAR","FULBARIA",TRUE,""
"Malda",2013,2016,"ENGLISH BAZAR","JADUPUR-I",TRUE,""
"Malda",2013,2016,"ENGLISH BAZAR","JADUPUR-II",TRUE,""
"Malda",2013,2016,"ENGLISH BAZAR","KAJIGRAM",TRUE,""
"Malda",2013,2016,"ENGLISH BAZAR","KOTWALI",TRUE,""
"Malda",2013,2016,"ENGLISH BAZAR","MAHADIPUR",TRUE,""
"Malda",2013,2016,"ENGLISH BAZAR","MILKI",TRUE,""
"Malda",2013,2016,"ENGLISH BAZAR","NARHATTA",TRUE,""
"Malda",2013,2016,"ENGLISH BAZAR","SOVANAGAR",TRUE,""
"Malda",2013,2016,"GAZOLE","ALAL",TRUE,""
"Malda",2013,2016,"GAZOLE","BABUPUR",TRUE,""
"Malda",2013,2016,"GAZOLE","BAIRGACHHI-I",TRUE,""
"Malda",2013,2016,"GAZOLE","BAIRGACHHI-II",TRUE,""
"Malda",2013,2016,"GAZOLE","CHAKNAGAR",TRUE,""
"Malda",2013,2016,"GAZOLE","DEOTALA",TRUE,""
"Malda",2013,2016,"GAZOLE","GAZOLE-I",TRUE,""
"Malda",2013,2016,"GAZOLE","GAZOLE-II",TRUE,""
"Malda",2013,2016,"GAZOLE","KARKACH",TRUE,""
"Malda",2013,2016,"GAZOLE","MAJHRA",TRUE,""
"Malda",2013,2016,"GAZOLE","PANDUA",TRUE,""
"Malda",2013,2016,"GAZOLE","RANIGANJ-I",TRUE,""
"Malda",2013,2016,"GAZOLE","RANIGANJ-II",TRUE,""
"Malda",2013,2016,"GAZOLE","SAHAJADPUR",TRUE,""
"Malda",2013,2016,"GAZOLE","SALAIDANGA",TRUE,""
"Malda",2013,2016,"HABIBPUR","AIHO",TRUE,""
"Malda",2013,2016,"HABIBPUR","AKTAIL",TRUE,""
"Malda",2013,2016,"HABIBPUR","BAIDYAPUR",TRUE,""
"Malda",2013,2016,"HABIBPUR","BULBULCHANDI",TRUE,""
"Malda",2013,2016,"HABIBPUR","DHUMPUR",TRUE,""
"Malda",2013,2016,"HABIBPUR","HABIBPUR",TRUE,""
"Malda",2013,2016,"HABIBPUR","JAJAIL",TRUE,""
"Malda",2013,2016,"HABIBPUR","KANTURKA",TRUE,""
"Malda",2013,2016,"HABIBPUR","MANGALPUR",TRUE,""
"Malda",2013,2016,"HABIBPUR","RISHIPUR",TRUE,""
"Malda",2013,2016,"HABIBPUR","SREERAMPUR",TRUE,""
"Malda",2013,2016,"HARISHCHANDRAPUR-I","BARUI",TRUE,""
"Malda",2013,2016,"HARISHCHANDRAPUR-I","BHINGOLE",TRUE,""
"Malda",2013,2016,"HARISHCHANDRAPUR-I","HARISHCHANDRAPUR",TRUE,""
"Malda",2013,2016,"HARISHCHANDRAPUR-I","KUSIDHA",TRUE,""
"Malda",2013,2016,"HARISHCHANDRAPUR-I","MAHENDRAPUR",TRUE,""
"Malda",2013,2016,"HARISHCHANDRAPUR-I","RASHIDABAD",TRUE,""
"Malda",2013,2016,"HARISHCHANDRAPUR-I","TULSIHATTA",TRUE,""
"Malda",2013,2016,"HARISHCHANDRAPUR-II","DAULATPUR",TRUE,""
"Malda",2013,2016,"HARISHCHANDRAPUR-II","DOULATNAGAR",TRUE,""
"Malda",2013,2016,"HARISHCHANDRAPUR-II","ISLAMPUR",TRUE,""
"Malda",2013,2016,"HARISHCHANDRAPUR-II","MALIOR-I",TRUE,""
"Malda",2013,2016,"HARISHCHANDRAPUR-II","MALIOR-II",TRUE,""
"Malda",2013,2016,"HARISHCHANDRAPUR-II","MASHALDAHA",TRUE,""
"Malda",2013,2016,"HARISHCHANDRAPUR-II","SADLICHAK",TRUE,""
"Malda",2013,2016,"HARISHCHANDRAPUR-II","SULTANNAGAR",TRUE,""
"Malda",2013,2016,"HARISHCHANDRAPUR-II","VALUKA",TRUE,""
"Malda",2013,2016,"KALIACHAK-I","ALINAGAR",TRUE,""
"Malda",2013,2016,"KALIACHAK-I","ALIPUR-I",TRUE,""
"Malda",2013,2016,"KALIACHAK-I","ALIPUR-II",TRUE,""
"Malda",2013,2016,"KALIACHAK-I","BAMONGRAM-MASHIMPUR",TRUE,""
"Malda",2013,2016,"KALIACHAK-I","GAYESHBARI",TRUE,""
"Malda",2013,2016,"KALIACHAK-I","JALALPUR",TRUE,""
"Malda",2013,2016,"KALIACHAK-I","JALUABADHAL",TRUE,""
"Malda",2013,2016,"KALIACHAK-I","KALIACHAK-I",TRUE,""
"Malda",2013,2016,"KALIACHAK-I","KALIACHAK-II",TRUE,""
"Malda",2013,2016,"KALIACHAK-I","MOZAMPUR",TRUE,""
"Malda",2013,2016,"KALIACHAK-I","NAODA-JADUPUR",TRUE,""
"Malda",2013,2016,"KALIACHAK-I","SILAMPUR-I",TRUE,""
"Malda",2013,2016,"KALIACHAK-I","SILAMPUR-II",TRUE,""
"Malda",2013,2016,"KALIACHAK-I","SUJAPUR",TRUE,""
"Malda",2013,2016,"KALIACHAK-II","BANGITOLA",TRUE,""
"Malda",2013,2016,"KALIACHAK-II","GANGAPRASAD",TRUE,""
"Malda",2013,2016,"KALIACHAK-II","HAMIDPUR",TRUE,""
"Malda",2013,2016,"KALIACHAK-II","MOTHABARI",TRUE,""
"Malda",2013,2016,"KALIACHAK-II","RAJNAGAR",TRUE,""
"Malda",2013,2016,"KALIACHAK-II","RATHBARI",TRUE,""
"Malda",2013,2016,"KALIACHAK-II","UTTAR LAKSHMIPUR",TRUE,""
"Malda",2013,2016,"KALIACHAK-II","UTTAR PACHANANDAPUR-II",TRUE,""
"Malda",2013,2016,"KALIACHAK-II","UTTAR PANCHANANDAPUR-I",TRUE,""
"Malda",2013,2016,"KALIACHAK-III","AKANDABARIA",TRUE,""
"Malda",2013,2016,"KALIACHAK-III","BAKHRABAD",TRUE,""
"Malda",2013,2016,"KALIACHAK-III","BEDRABAD",TRUE,""
"Malda",2013,2016,"KALIACHAK-III","BEERNAGAR-I",TRUE,""
"Malda",2013,2016,"KALIACHAK-III","BEERNAGAR-II",TRUE,""
"Malda",2013,2016,"KALIACHAK-III","BHAGABANPUR",TRUE,""
"Malda",2013,2016,"KALIACHAK-III","CHARIANANTAPUR",TRUE,""
"Malda",2013,2016,"KALIACHAK-III","GOLAPGANJ",TRUE,""
"Malda",2013,2016,"KALIACHAK-III","KRISHNAPUR",TRUE,""
"Malda",2013,2016,"KALIACHAK-III","KUMBHIRA",TRUE,""
"Malda",2013,2016,"KALIACHAK-III","LAKSHMIPUR",TRUE,""
"Malda",2013,2016,"KALIACHAK-III","PARDEONAPUR-SOVAPUR",TRUE,""
"Malda",2013,2016,"KALIACHAK-III","SAHABAJPUR",TRUE,""
"Malda",2013,2016,"KALIACHAK-III","SAHABANCHAK",TRUE,""
"Malda",2013,2016,"MANIKCHAK","CHOWKI MIRDADPUR",TRUE,""
"Malda",2013,2016,"MANIKCHAK","DAKSHIN CHANDIPUR",TRUE,""
"Malda",2013,2016,"MANIKCHAK","DHARAMPUR",TRUE,""
"Malda",2013,2016,"MANIKCHAK","ENAYETPUR",TRUE,""
"Malda",2013,2016,"MANIKCHAK","GOPALPUR",TRUE,""
"Malda",2013,2016,"MANIKCHAK","HEERANANDAPUR",TRUE,""
"Malda",2013,2016,"MANIKCHAK","MANIKCHAK",TRUE,""
"Malda",2013,2016,"MANIKCHAK","MATHURAPUR",TRUE,""
"Malda",2013,2016,"MANIKCHAK","NAZEERPUR",TRUE,""
"Malda",2013,2016,"MANIKCHAK","NURPUR",TRUE,""
"Malda",2013,2016,"MANIKCHAK","UTTAR CHANDIPUR",TRUE,""
"Malda",2013,2016,"OLD MALDA","BHABUK",TRUE,""
"Malda",2013,2016,"OLD MALDA","JATRADANGA",TRUE,""
"Malda",2013,2016,"OLD MALDA","MAHISBATHANI",TRUE,""
"Malda",2013,2016,"OLD MALDA","MANGALBARI",TRUE,""
"Malda",2013,2016,"OLD MALDA","MUCHIA",TRUE,""
"Malda",2013,2016,"OLD MALDA","SAHAPUR",TRUE,""
"Malda",2013,2016,"RATUA-I","BAHARAL",TRUE,""
"Malda",2013,2016,"RATUA-I","BHADO",TRUE,""
"Malda",2013,2016,"RATUA-I","BILAIMARI",TRUE,""
"Malda",2013,2016,"RATUA-I","CHANDMONI-I",TRUE,""
"Malda",2013,2016,"RATUA-I","CHANDMONI-II",TRUE,""
"Malda",2013,2016,"RATUA-I","DEBIPUR",TRUE,""
"Malda",2013,2016,"RATUA-I","KAHALA",TRUE,""
"Malda",2013,2016,"RATUA-I","MAHANANDATOLA",TRUE,""
"Malda",2013,2016,"RATUA-I","RATUA",TRUE,""
"Malda",2013,2016,"RATUA-I","SAMSI",TRUE,""
"Malda",2013,2016,"RATUA-II","ARAIDANGA",TRUE,""
"Malda",2013,2016,"RATUA-II","MAHARAJPUR",TRUE,""
"Malda",2013,2016,"RATUA-II","PARANPUR",TRUE,""
"Malda",2013,2016,"RATUA-II","PEERGANJ",TRUE,""
"Malda",2013,2016,"RATUA-II","PUKHURIA",TRUE,""
"Malda",2013,2016,"RATUA-II","SAMBALPUR",TRUE,""
"Malda",2013,2016,"RATUA-II","SREEPUR-I",TRUE,""
"Malda",2013,2016,"RATUA-II","SREEPUR-II",TRUE,""
"Malda",2013,2017,"BAMONGOLA","BAMONGOLA",TRUE,""
"Malda",2013,2017,"BAMONGOLA","CHANDPUR",TRUE,""
"Malda",2013,2017,"BAMONGOLA","GOBINDAPUR-MAHESHPUR",TRUE,""
"Malda",2013,2017,"BAMONGOLA","JAGDALA",TRUE,""
"Malda",2013,2017,"BAMONGOLA","MADNABATI",TRUE,""
"Malda",2013,2017,"BAMONGOLA","PAKUAHAT",TRUE,""
"Malda",2013,2017,"CHANCHAL-I","ALIHANDA",TRUE,""
"Malda",2013,2017,"CHANCHAL-I","BHAGABANPUR",TRUE,""
"Malda",2013,2017,"CHANCHAL-I","CHANCHOL",TRUE,""
"Malda",2013,2017,"CHANCHAL-I","KALIGRAM",TRUE,""
"Malda",2013,2017,"CHANCHAL-I","KHARBA",TRUE,""
"Malda",2013,2017,"CHANCHAL-I","MAHANANDAPUR",TRUE,""
"Malda",2013,2017,"CHANCHAL-I","MAKDAMPUR",TRUE,""
"Malda",2013,2017,"CHANCHAL-I","MOTIHARPUR",TRUE,""
"Malda",2013,2017,"CHANCHAL-II","BHAKRI",TRUE,""
"Malda",2013,2017,"CHANCHAL-II","CHANDRAPARA",TRUE,""
"Malda",2013,2017,"CHANCHAL-II","DHANGARA-BISHANPUR",TRUE,""
"Malda",2013,2017,"CHANCHAL-II","GOURHANDA",TRUE,""
"Malda",2013,2017,"CHANCHAL-II","JALALPUR",TRUE,""
"Malda",2013,2017,"CHANCHAL-II","KSHEMPUR",TRUE,""
"Malda",2013,2017,"CHANCHAL-II","MALATIPUR",TRUE,""
"Malda",2013,2017,"ENGLISH BAZAR","AMRITI",TRUE,""
"Malda",2013,2017,"ENGLISH BAZAR","BINODPUR",TRUE,""
"Malda",2013,2017,"ENGLISH BAZAR","FULBARIA",TRUE,""
"Malda",2013,2017,"ENGLISH BAZAR","JADUPUR-I",TRUE,""
"Malda",2013,2017,"ENGLISH BAZAR","JADUPUR-II",TRUE,""
"Malda",2013,2017,"ENGLISH BAZAR","KAJIGRAM",TRUE,""
"Malda",2013,2017,"ENGLISH BAZAR","KOTWALI",TRUE,""
"Malda",2013,2017,"ENGLISH BAZAR","MAHADIPUR",TRUE,""
"Malda",2013,2017,"ENGLISH BAZAR","MILKI",TRUE,""
"Malda",2013,2017,"ENGLISH BAZAR","NARHATTA",TRUE,""
"Malda",2013,2017,"ENGLISH BAZAR","SOVANAGAR",TRUE,""
"Malda",2013,2017,"GAZOLE","ALAL",TRUE,""
"Malda",2013,2017,"GAZOLE","BABUPUR",TRUE,""
"Malda",2013,2017,"GAZOLE","BAIRGACHHI-I",TRUE,""
"Malda",2013,2017,"GAZOLE","BAIRGACHHI-II",TRUE,""
"Malda",2013,2017,"GAZOLE","CHAKNAGAR",TRUE,""
"Malda",2013,2017,"GAZOLE","DEOTALA",TRUE,""
"Malda",2013,2017,"GAZOLE","GAZOLE-I",TRUE,""
"Malda",2013,2017,"GAZOLE","GAZOLE-II",TRUE,""
"Malda",2013,2017,"GAZOLE","KARKACH",TRUE,""
"Malda",2013,2017,"GAZOLE","MAJHRA",TRUE,""
"Malda",2013,2017,"GAZOLE","PANDUA",TRUE,""
"Malda",2013,2017,"GAZOLE","RANIGANJ-I",TRUE,""
"Malda",2013,2017,"GAZOLE","RANIGANJ-II",TRUE,""
"Malda",2013,2017,"GAZOLE","SAHAJADPUR",TRUE,""
"Malda",2013,2017,"GAZOLE","SALAIDANGA",TRUE,""
"Malda",2013,2017,"HABIBPUR","AIHO",TRUE,""
"Malda",2013,2017,"HABIBPUR","AKTAIL",TRUE,""
"Malda",2013,2017,"HABIBPUR","BAIDYAPUR",TRUE,""
"Malda",2013,2017,"HABIBPUR","BULBULCHANDI",TRUE,""
"Malda",2013,2017,"HABIBPUR","DHUMPUR",TRUE,""
"Malda",2013,2017,"HABIBPUR","HABIBPUR",TRUE,""
"Malda",2013,2017,"HABIBPUR","JAJAIL",TRUE,""
"Malda",2013,2017,"HABIBPUR","KANTURKA",TRUE,""
"Malda",2013,2017,"HABIBPUR","MANGALPUR",TRUE,""
"Malda",2013,2017,"HABIBPUR","RISHIPUR",TRUE,""
"Malda",2013,2017,"HABIBPUR","SREERAMPUR",TRUE,""
"Malda",2013,2017,"HARISHCHANDRAPUR-I","BARUI",TRUE,""
"Malda",2013,2017,"HARISHCHANDRAPUR-I","BHINGOLE",TRUE,""
"Malda",2013,2017,"HARISHCHANDRAPUR-I","HARISHCHANDRAPUR",TRUE,""
"Malda",2013,2017,"HARISHCHANDRAPUR-I","KUSIDHA",TRUE,""
"Malda",2013,2017,"HARISHCHANDRAPUR-I","MAHENDRAPUR",TRUE,""
"Malda",2013,2017,"HARISHCHANDRAPUR-I","RASHIDABAD",TRUE,""
"Malda",2013,2017,"HARISHCHANDRAPUR-I","TULSIHATTA",TRUE,""
"Malda",2013,2017,"HARISHCHANDRAPUR-II","DAULATPUR",TRUE,""
"Malda",2013,2017,"HARISHCHANDRAPUR-II","DOULATNAGAR",TRUE,""
"Malda",2013,2017,"HARISHCHANDRAPUR-II","ISLAMPUR",TRUE,""
"Malda",2013,2017,"HARISHCHANDRAPUR-II","MALIOR-I",TRUE,""
"Malda",2013,2017,"HARISHCHANDRAPUR-II","MALIOR-II",TRUE,""
"Malda",2013,2017,"HARISHCHANDRAPUR-II","MASHALDAHA",TRUE,""
"Malda",2013,2017,"HARISHCHANDRAPUR-II","SADLICHAK",TRUE,""
"Malda",2013,2017,"HARISHCHANDRAPUR-II","SULTANNAGAR",TRUE,""
"Malda",2013,2017,"HARISHCHANDRAPUR-II","VALUKA",TRUE,""
"Malda",2013,2017,"KALIACHAK-I","ALINAGAR",TRUE,""
"Malda",2013,2017,"KALIACHAK-I","ALIPUR-I",TRUE,""
"Malda",2013,2017,"KALIACHAK-I","ALIPUR-II",TRUE,""
"Malda",2013,2017,"KALIACHAK-I","BAMONGRAM-MASHIMPUR",TRUE,""
"Malda",2013,2017,"KALIACHAK-I","GAYESHBARI",TRUE,""
"Malda",2013,2017,"KALIACHAK-I","JALALPUR",TRUE,""
"Malda",2013,2017,"KALIACHAK-I","JALUABADHAL",TRUE,""
"Malda",2013,2017,"KALIACHAK-I","KALIACHAK-I",TRUE,""
"Malda",2013,2017,"KALIACHAK-I","KALIACHAK-II",TRUE,""
"Malda",2013,2017,"KALIACHAK-I","MOZAMPUR",TRUE,""
"Malda",2013,2017,"KALIACHAK-I","NAODA-JADUPUR",TRUE,""
"Malda",2013,2017,"KALIACHAK-I","SILAMPUR-I",TRUE,""
"Malda",2013,2017,"KALIACHAK-I","SILAMPUR-II",TRUE,""
"Malda",2013,2017,"KALIACHAK-I","SUJAPUR",TRUE,""
"Malda",2013,2017,"KALIACHAK-II","BANGITOLA",TRUE,""
"Malda",2013,2017,"KALIACHAK-II","GANGAPRASAD",TRUE,""
"Malda",2013,2017,"KALIACHAK-II","HAMIDPUR",TRUE,""
"Malda",2013,2017,"KALIACHAK-II","MOTHABARI",TRUE,""
"Malda",2013,2017,"KALIACHAK-II","RAJNAGAR",TRUE,""
"Malda",2013,2017,"KALIACHAK-II","RATHBARI",TRUE,""
"Malda",2013,2017,"KALIACHAK-II","UTTAR LAKSHMIPUR",TRUE,""
"Malda",2013,2017,"KALIACHAK-II","UTTAR PACHANANDAPUR-II",TRUE,""
"Malda",2013,2017,"KALIACHAK-II","UTTAR PANCHANANDAPUR-I",TRUE,""
"Malda",2013,2017,"KALIACHAK-III","AKANDABARIA",TRUE,""
"Malda",2013,2017,"KALIACHAK-III","BAKHRABAD",TRUE,""
"Malda",2013,2017,"KALIACHAK-III","BEDRABAD",TRUE,""
"Malda",2013,2017,"KALIACHAK-III","BEERNAGAR-I",TRUE,""
"Malda",2013,2017,"KALIACHAK-III","BEERNAGAR-II",TRUE,""
"Malda",2013,2017,"KALIACHAK-III","BHAGABANPUR",TRUE,""
"Malda",2013,2017,"KALIACHAK-III","CHARIANANTAPUR",TRUE,""
"Malda",2013,2017,"KALIACHAK-III","GOLAPGANJ",TRUE,""
"Malda",2013,2017,"KALIACHAK-III","KRISHNAPUR",TRUE,""
"Malda",2013,2017,"KALIACHAK-III","KUMBHIRA",TRUE,""
"Malda",2013,2017,"KALIACHAK-III","LAKSHMIPUR",TRUE,""
"Malda",2013,2017,"KALIACHAK-III","PARDEONAPUR-SOVAPUR",TRUE,""
"Malda",2013,2017,"KALIACHAK-III","SAHABAJPUR",TRUE,""
"Malda",2013,2017,"KALIACHAK-III","SAHABANCHAK",TRUE,""
"Malda",2013,2017,"MANIKCHAK","CHOWKI MIRDADPUR",TRUE,""
"Malda",2013,2017,"MANIKCHAK","DAKSHIN CHANDIPUR",TRUE,""
"Malda",2013,2017,"MANIKCHAK","DHARAMPUR",TRUE,""
"Malda",2013,2017,"MANIKCHAK","ENAYETPUR",TRUE,""
"Malda",2013,2017,"MANIKCHAK","GOPALPUR",TRUE,""
"Malda",2013,2017,"MANIKCHAK","HEERANANDAPUR",TRUE,""
"Malda",2013,2017,"MANIKCHAK","MANIKCHAK",TRUE,""
"Malda",2013,2017,"MANIKCHAK","MATHURAPUR",TRUE,""
"Malda",2013,2017,"MANIKCHAK","NAZEERPUR",TRUE,""
"Malda",2013,2017,"MANIKCHAK","NURPUR",TRUE,""
"Malda",2013,2017,"MANIKCHAK","UTTAR CHANDIPUR",TRUE,""
"Malda",2013,2017,"OLD MALDA","BHABUK",TRUE,""
"Malda",2013,2017,"OLD MALDA","JATRADANGA",TRUE,""
"Malda",2013,2017,"OLD MALDA","MAHISBATHANI",TRUE,""
"Malda",2013,2017,"OLD MALDA","MANGALBARI",TRUE,""
"Malda",2013,2017,"OLD MALDA","MUCHIA",TRUE,""
"Malda",2013,2017,"OLD MALDA","SAHAPUR",TRUE,""
"Malda",2013,2017,"RATUA-I","BAHARAL",TRUE,""
"Malda",2013,2017,"RATUA-I","BHADO",TRUE,""
"Malda",2013,2017,"RATUA-I","BILAIMARI",TRUE,""
"Malda",2013,2017,"RATUA-I","CHANDMONI-I",TRUE,""
"Malda",2013,2017,"RATUA-I","CHANDMONI-II",TRUE,""
"Malda",2013,2017,"RATUA-I","DEBIPUR",TRUE,""
"Malda",2013,2017,"RATUA-I","KAHALA",TRUE,""
"Malda",2013,2017,"RATUA-I","MAHANANDATOLA",TRUE,""
"Malda",2013,2017,"RATUA-I","RATUA",TRUE,""
"Malda",2013,2017,"RATUA-I","SAMSI",TRUE,""
"Malda",2013,2017,"RATUA-II","ARAIDANGA",TRUE,""
"Malda",2013,2017,"RATUA-II","MAHARAJPUR",TRUE,""
"Malda",2013,2017,"RATUA-II","PARANPUR",TRUE,""
"Malda",2013,2017,"RATUA-II","PEERGANJ",TRUE,""
"Malda",2013,2017,"RATUA-II","PUKHURIA",TRUE,""
"Malda",2013,2017,"RATUA-II","SAMBALPUR",TRUE,""
"Malda",2013,2017,"RATUA-II","SREEPUR-I",TRUE,""
"Malda",2013,2017,"RATUA-II","SREEPUR-II",TRUE,""
"South 24 Parganas",2018,2018,"BARUIPUR","BEGUMPUR",TRUE,""
"South 24 Parganas",2018,2018,"BARUIPUR","BELEGACHHIA",TRUE,""
"South 24 Parganas",2018,2018,"BARUIPUR","BRINDAKHALI",TRUE,""
"South 24 Parganas",2018,2018,"BARUIPUR","CHAMPAHATI",TRUE,""
"South 24 Parganas",2018,2018,"BARUIPUR","DHAPDHAPI-I",TRUE,""
"South 24 Parganas",2018,2018,"BARUIPUR","DHAPDHAPI-II",TRUE,""
"South 24 Parganas",2018,2018,"BARUIPUR","HARDHAH",TRUE,""
"South 24 Parganas",2018,2018,"BARUIPUR","HARIHARPUR",TRUE,""
"South 24 Parganas",2018,2018,"BARUIPUR","KALYANPUR",TRUE,""
"South 24 Parganas",2018,2018,"BARUIPUR","MADARAT",TRUE,""
"South 24 Parganas",2018,2018,"BARUIPUR","MALLIKPUR",TRUE,""
"South 24 Parganas",2018,2018,"BARUIPUR","NABAGRAM",TRUE,""
"South 24 Parganas",2018,2018,"BARUIPUR","RAMNAGAR-I",TRUE,""
"South 24 Parganas",2018,2018,"BARUIPUR","RAMNAGAR-II",TRUE,""
"South 24 Parganas",2018,2018,"BARUIPUR","SHANKARPUR-I",TRUE,""
"South 24 Parganas",2018,2018,"BARUIPUR","SHANKARPUR-II",TRUE,""
"South 24 Parganas",2018,2018,"BARUIPUR","SHIKHARBALI-I",TRUE,""
"South 24 Parganas",2018,2018,"BARUIPUR","SHIKHARBALI-II",TRUE,""
"South 24 Parganas",2018,2018,"BARUIPUR","SOUTH GARIA",TRUE,""
"South 24 Parganas",2018,2018,"BASANTI","AMJHARA",TRUE,""
"South 24 Parganas",2018,2018,"BASANTI","BASANTI",TRUE,""
"South 24 Parganas",2018,2018,"BASANTI","BHARATGARH",TRUE,""
"South 24 Parganas",2018,2018,"BASANTI","CHARABIDYA",TRUE,""
"South 24 Parganas",2018,2018,"BASANTI","CHUNAKHALI",TRUE,""
"South 24 Parganas",2018,2018,"BASANTI","FOOLMALANCHA",TRUE,""
"South 24 Parganas",2018,2018,"BASANTI","JHARKHALI",TRUE,""
"South 24 Parganas",2018,2018,"BASANTI","JYOTISHPUR",TRUE,""
"South 24 Parganas",2018,2018,"BASANTI","KANTHALBERIA",TRUE,""
"South 24 Parganas",2018,2018,"BASANTI","MASZIDBATI",TRUE,""
"South 24 Parganas",2018,2018,"BASANTI","NAFARGANJ",TRUE,""
"South 24 Parganas",2018,2018,"BASANTI","RAMCHANDRAKHALI",TRUE,""
"South 24 Parganas",2018,2018,"BASANTI","UTTAR MOKAMBERIA",TRUE,""
"South 24 Parganas",2018,2018,"BHANGAR-I","BODRA",TRUE,""
"South 24 Parganas",2018,2018,"BHANGAR-I","CHANDANESWAR-I",TRUE,""
"South 24 Parganas",2018,2018,"BHANGAR-I","CHANDANESWAR-II",TRUE,""
"South 24 Parganas",2018,2018,"BHANGAR-I","DURGAPUR",TRUE,""
"South 24 Parganas",2018,2018,"BHANGAR-I","JAGULGACHHI",TRUE,""
"South 24 Parganas",2018,2018,"BHANGAR-I","NARAYANPUR",TRUE,""
"South 24 Parganas",2018,2018,"BHANGAR-I","PRANGANJ",TRUE,""
"South 24 Parganas",2018,2018,"BHANGAR-I","SHANKSAHAR",TRUE,""
"South 24 Parganas",2018,2018,"BHANGAR-I","TARDA",TRUE,""
"South 24 Parganas",2018,2018,"BHANGAR-II","BAMANGHATA",TRUE,""
"South 24 Parganas",2018,2018,"BHANGAR-II","BENTTATA-I",TRUE,""
"South 24 Parganas",2018,2018,"BHANGAR-II","BENTTATA-II",TRUE,""
"South 24 Parganas",2018,2018,"BHANGAR-II","BHAGAWANPUR",TRUE,""
"South 24 Parganas",2018,2018,"BHANGAR-II","BHOGALI-I",TRUE,""
"South 24 Parganas",2018,2018,"BHANGAR-II","BHOGALI-II",TRUE,""
"South 24 Parganas",2018,2018,"BHANGAR-II","CHALTABERIA",TRUE,""
"South 24 Parganas",2018,2018,"BHANGAR-II","CHANPUKUR",TRUE,""
"South 24 Parganas",2018,2018,"BHANGAR-II","POLERHAT-I",TRUE,""
"South 24 Parganas",2018,2018,"BHANGAR-II","POLERHAT-II",TRUE,""
"South 24 Parganas",2018,2018,"BISHNUPUR-I","AMGACHHIA",TRUE,""
"South 24 Parganas",2018,2018,"BISHNUPUR-I","ANDHAR MANIK",TRUE,""
"South 24 Parganas",2018,2018,"BISHNUPUR-I","BHANDARIA KASTEKUMARI",TRUE,""
"South 24 Parganas",2018,2018,"BISHNUPUR-I","DAKSHIN GAURIPUR CHAKDHIR",TRUE,""
"South 24 Parganas",2018,2018,"BISHNUPUR-I","JULPIA",TRUE,""
"South 24 Parganas",2018,2018,"BISHNUPUR-I","KEORADANGA",TRUE,""
"South 24 Parganas",2018,2018,"BISHNUPUR-I","KULERDARI",TRUE,""
"South 24 Parganas",2018,2018,"BISHNUPUR-I","PANAKUA",TRUE,""
"South 24 Parganas",2018,2018,"BISHNUPUR-I","PASCHIM BISHNUPUR",TRUE,""
"South 24 Parganas",2018,2018,"BISHNUPUR-I","PURBA BISHNUPUR",TRUE,""
"South 24 Parganas",2018,2018,"BISHNUPUR-I","RAKHALI",TRUE,""
"South 24 Parganas",2018,2018,"BISHNUPUR-II","BAKHRAHAT",TRUE,""
"South 24 Parganas",2018,2018,"BISHNUPUR-II","CHAK ENAYETNAGAR",TRUE,""
"South 24 Parganas",2018,2018,"BISHNUPUR-II","CHANDI",TRUE,""
"South 24 Parganas",2018,2018,"BISHNUPUR-II","GOBINDAPUR KALICHARANPUR",TRUE,""
"South 24 Parganas",2018,2018,"BISHNUPUR-II","KANGANBERIA",TRUE,""
"South 24 Parganas",2018,2018,"BISHNUPUR-II","KHAGRAMURI",TRUE,""
"South 24 Parganas",2018,2018,"BISHNUPUR-II","MAUKHALI",TRUE,""
"South 24 Parganas",2018,2018,"BISHNUPUR-II","NAHAJARI",TRUE,""
"South 24 Parganas",2018,2018,"BISHNUPUR-II","PANCHANAN",TRUE,""
"South 24 Parganas",2018,2018,"BISHNUPUR-II","PATHARBERIA JAYCHANDIPUR",TRUE,""
"South 24 Parganas",2018,2018,"BISHNUPUR-II","RAMKRISHNAPUR BORHANPUR",TRUE,""
"South 24 Parganas",2018,2018,"BUDGE BUDGE-I","BUTA",TRUE,""
"South 24 Parganas",2018,2018,"BUDGE BUDGE-I","CHINGRIPOTA",TRUE,""
"South 24 Parganas",2018,2018,"BUDGE BUDGE-I","MAYAPUR",TRUE,""
"South 24 Parganas",2018,2018,"BUDGE BUDGE-I","NISCHINTAPUR",TRUE,""
"South 24 Parganas",2018,2018,"BUDGE BUDGE-I","RAJIBPUR",TRUE,""
"South 24 Parganas",2018,2018,"BUDGE BUDGE-I","UTTAR RAIPUR",TRUE,""
"South 24 Parganas",2018,2018,"BUDGE BUDGE-II","BURUL",TRUE,""
"South 24 Parganas",2018,2018,"BUDGE BUDGE-II","CHAKMANIK",TRUE,""
"South 24 Parganas",2018,2018,"BUDGE BUDGE-II","DONGARIA RAIPUR",TRUE,""
"South 24 Parganas",2018,2018,"BUDGE BUDGE-II","GAJA POYALI",TRUE,""
"South 24 Parganas",2018,2018,"BUDGE BUDGE-II","KAMRABAD",TRUE,""
"South 24 Parganas",2018,2018,"BUDGE BUDGE-II","KASIPUR ALAMPUR",TRUE,""
"South 24 Parganas",2018,2018,"BUDGE BUDGE-II","NASKARPUR",TRUE,""
"South 24 Parganas",2018,2018,"BUDGE BUDGE-II","NORTH BAOYALI",TRUE,""
"South 24 Parganas",2018,2018,"BUDGE BUDGE-II","RANIA",TRUE,""
"South 24 Parganas",2018,2018,"BUDGE BUDGE-II","SATGACHHIA",TRUE,""
"South 24 Parganas",2018,2018,"BUDGE BUDGE-II","SOUTH BAOYALI",TRUE,""
"South 24 Parganas",2018,2018,"CANNING-I","BANSRA",TRUE,""
"South 24 Parganas",2018,2018,"CANNING-I","DARIA",TRUE,""
"South 24 Parganas",2018,2018,"CANNING-I","DIGHIRPAR",TRUE,""
"South 24 Parganas",2018,2018,"CANNING-I","GOPALPUR",TRUE,""
"South 24 Parganas",2018,2018,"CANNING-I","HATPUKURIA",TRUE,""
"South 24 Parganas",2018,2018,"CANNING-I","ITKHOLA",TRUE,""
"South 24 Parganas",2018,2018,"CANNING-I","MATLA-I",TRUE,""
"South 24 Parganas",2018,2018,"CANNING-I","MATLA-II",TRUE,""
"South 24 Parganas",2018,2018,"CANNING-I","NIKARIGHATA",TRUE,""
"South 24 Parganas",2018,2018,"CANNING-I","TALDI",TRUE,""
"South 24 Parganas",2018,2018,"CANNING-II","ATHAROBANDI",TRUE,""
"South 24 Parganas",2018,2018,"CANNING-II","DEULI-I",TRUE,""
"South 24 Parganas",2018,2018,"CANNING-II","DEULI-II",TRUE,""
"South 24 Parganas",2018,2018,"CANNING-II","KALIKATALA",TRUE,""
"South 24 Parganas",2018,2018,"CANNING-II","MATHERDIGHI",TRUE,""
"South 24 Parganas",2018,2018,"CANNING-II","NARAYANPUR",TRUE,""
"South 24 Parganas",2018,2018,"CANNING-II","SARENGABAD",TRUE,""
"South 24 Parganas",2018,2018,"CANNING-II","TAMBULDAHA-I",TRUE,""
"South 24 Parganas",2018,2018,"CANNING-II","TAMBULDAHA-II",TRUE,""
"South 24 Parganas",2018,2018,"DIAMOND HARBOUR-I","BASULDANGA",TRUE,""
"South 24 Parganas",2018,2018,"DIAMOND HARBOUR-I","BOLSIDDHI KALINAGAR",TRUE,""
"South 24 Parganas",2018,2018,"DIAMOND HARBOUR-I","DERAK",TRUE,""
"South 24 Parganas",2018,2018,"DIAMOND HARBOUR-I","HARINDANGA",TRUE,""
"South 24 Parganas",2018,2018,"DIAMOND HARBOUR-I","KANPUR DHANABERIA",TRUE,""
"South 24 Parganas",2018,2018,"DIAMOND HARBOUR-I","MASHAT",TRUE,""
"South 24 Parganas",2018,2018,"DIAMOND HARBOUR-I","NETRA",TRUE,""
"South 24 Parganas",2018,2018,"DIAMOND HARBOUR-I","PARULIA",TRUE,""
"South 24 Parganas",2018,2018,"DIAMOND HARBOUR-II","BHADURA HARIDAS",TRUE,""
"South 24 Parganas",2018,2018,"DIAMOND HARBOUR-II","KALATALAHAT",TRUE,""
"South 24 Parganas",2018,2018,"DIAMOND HARBOUR-II","KAMARPOL",TRUE,""
"South 24 Parganas",2018,2018,"DIAMOND HARBOUR-II","KHORDO",TRUE,""
"South 24 Parganas",2018,2018,"DIAMOND HARBOUR-II","MATHUR",TRUE,""
"South 24 Parganas",2018,2018,"DIAMOND HARBOUR-II","NURPUR",TRUE,""
"South 24 Parganas",2018,2018,"DIAMOND HARBOUR-II","PATRA",TRUE,""
"South 24 Parganas",2018,2018,"DIAMOND HARBOUR-II","SARISA",TRUE,""
"South 24 Parganas",2018,2018,"FALTA","BANGANAGAR-I",TRUE,""
"South 24 Parganas",2018,2018,"FALTA","BANGANAGAR-II",TRUE,""
"South 24 Parganas",2018,2018,"FALTA","BELSINGHA-I",TRUE,""
"South 24 Parganas",2018,2018,"FALTA","BELSINGHA-II",TRUE,""
"South 24 Parganas",2018,2018,"FALTA","CHALUARI",TRUE,""
"South 24 Parganas",2018,2018,"FALTA","DEBIPUR",TRUE,""
"South 24 Parganas",2018,2018,"FALTA","FALTA",TRUE,""
"South 24 Parganas",2018,2018,"FALTA","FATEPUR",TRUE,""
"South 24 Parganas",2018,2018,"FALTA","GOPALPUR",TRUE,""
"South 24 Parganas",2018,2018,"FALTA","HARINDANGA-I",TRUE,""
"South 24 Parganas",2018,2018,"FALTA","HARINDANGA-II",TRUE,""
"South 24 Parganas",2018,2018,"FALTA","MALLIKPUR",TRUE,""
"South 24 Parganas",2018,2018,"FALTA","NOYAPUKURIA",TRUE,""
"South 24 Parganas",2018,2018,"GOSABA","AMTALI",TRUE,""
"South 24 Parganas",2018,2018,"GOSABA","BALI-I",TRUE,""
"South 24 Parganas",2018,2018,"GOSABA","BALI-II",TRUE,""
"South 24 Parganas",2018,2018,"GOSABA","BIPRADASPUR",TRUE,""
"South 24 Parganas",2018,2018,"GOSABA","CHHOTA MOLLAKHALI",TRUE,""
"South 24 Parganas",2018,2018,"GOSABA","GOSABA",TRUE,""
"South 24 Parganas",2018,2018,"GOSABA","KACHUKHALI",TRUE,""
"South 24 Parganas",2018,2018,"GOSABA","KUMIRMARI",TRUE,""
"South 24 Parganas",2018,2018,"GOSABA","LAHIRIPUR",TRUE,""
"South 24 Parganas",2018,2018,"GOSABA","PATHANKHALI",TRUE,""
"South 24 Parganas",2018,2018,"GOSABA","RADHANAGAR-TARANAGAR",TRUE,""
"South 24 Parganas",2018,2018,"GOSABA","RANGABELIA",TRUE,""
"South 24 Parganas",2018,2018,"GOSABA","SATJELIA",TRUE,""
"South 24 Parganas",2018,2018,"GOSABA","SHAMBHUNAGAR",TRUE,""
"South 24 Parganas",2018,2018,"JAYNAGAR-I","BAHARU KSHETRA",TRUE,""
"South 24 Parganas",2018,2018,"JAYNAGAR-I","BAMANGACHHI",TRUE,""
"South 24 Parganas",2018,2018,"JAYNAGAR-I","CHALTABERIA",TRUE,""
"South 24 Parganas",2018,2018,"JAYNAGAR-I","DAKSHIN BARASAT",TRUE,""
"South 24 Parganas",2018,2018,"JAYNAGAR-I","DHOSA CHANDANESWAR",TRUE,""
"South 24 Parganas",2018,2018,"JAYNAGAR-I","HARINARAYANPUR",TRUE,""
"South 24 Parganas",2018,2018,"JAYNAGAR-I","JANGALIA",TRUE,""
"South 24 Parganas",2018,2018,"JAYNAGAR-I","KHAKURDAHA",TRUE,""
"South 24 Parganas",2018,2018,"JAYNAGAR-I","NARAYANITALA",TRUE,""
"South 24 Parganas",2018,2018,"JAYNAGAR-I","RAJAPUR KORABEG",TRUE,""
"South 24 Parganas",2018,2018,"JAYNAGAR-I","SRIPUR",TRUE,""
"South 24 Parganas",2018,2018,"JAYNAGAR-I","UTTAR DURGAPUR",TRUE,""
"South 24 Parganas",2018,2018,"JAYNAGAR-II","BAISHATA",TRUE,""
"South 24 Parganas",2018,2018,"JAYNAGAR-II","BELEDURGANAGAR",TRUE,""
"South 24 Parganas",2018,2018,"JAYNAGAR-II","CHUPRIJHARA",TRUE,""
"South 24 Parganas",2018,2018,"JAYNAGAR-II","FUTIGODA",TRUE,""
"South 24 Parganas",2018,2018,"JAYNAGAR-II","GARDOANI",TRUE,""
"South 24 Parganas",2018,2018,"JAYNAGAR-II","MANIRTAT",TRUE,""
"South 24 Parganas",2018,2018,"JAYNAGAR-II","MAYAHAURI",TRUE,""
"South 24 Parganas",2018,2018,"JAYNAGAR-II","MAYDA",TRUE,""
"South 24 Parganas",2018,2018,"JAYNAGAR-II","NALGORA",TRUE,""
"South 24 Parganas",2018,2018,"JAYNAGAR-II","SAHAJADAPUR",TRUE,""
"South 24 Parganas",2018,2018,"KAK DWIP","BAPUJI",TRUE,""
"South 24 Parganas",2018,2018,"KAK DWIP","MADHUSUDANPUR",TRUE,""
"South 24 Parganas",2018,2018,"KAK DWIP","NETAJI",TRUE,""
"South 24 Parganas",2018,2018,"KAK DWIP","PRATAPADITYANAGAR",TRUE,""
"South 24 Parganas",2018,2018,"KAK DWIP","RABINDRA",TRUE,""
"South 24 Parganas",2018,2018,"KAK DWIP","RAMGOPALPUR",TRUE,""
"South 24 Parganas",2018,2018,"KAK DWIP","RISHI BANKIMCHANDRA",TRUE,""
"South 24 Parganas",2018,2018,"KAK DWIP","SRI SRI RAMKRISHNA",TRUE,""
"South 24 Parganas",2018,2018,"KAK DWIP","SRINAGAR",TRUE,""
"South 24 Parganas",2018,2018,"KAK DWIP","SURYANAGAR",TRUE,""
"South 24 Parganas",2018,2018,"KAK DWIP","SWAMI BIBEKANANDA",TRUE,""
"South 24 Parganas",2018,2018,"KULPI","BABURMAHAL",TRUE,""
"South 24 Parganas",2018,2018,"KULPI","BELPUKUR",TRUE,""
"South 24 Parganas",2018,2018,"KULPI","CHANDIPUR",TRUE,""
"South 24 Parganas",2018,2018,"KULPI","DHOLA",TRUE,""
"South 24 Parganas",2018,2018,"KULPI","GAJIPUR",TRUE,""
"South 24 Parganas",2018,2018,"KULPI","ISWARIPUR",TRUE,""
"South 24 Parganas",2018,2018,"KULPI","KAMARCHAK",TRUE,""
"South 24 Parganas",2018,2018,"KULPI","KARANJALI",TRUE,""
"South 24 Parganas",2018,2018,"KULPI","KEORATALA",TRUE,""
"South 24 Parganas",2018,2018,"KULPI","KULPI",TRUE,""
"South 24 Parganas",2018,2018,"KULPI","RAJARAMPUR",TRUE,""
"South 24 Parganas",2018,2018,"KULPI","RAMKISHORE",TRUE,""
"South 24 Parganas",2018,2018,"KULPI","RAMKRISHNAPUR",TRUE,""
"South 24 Parganas",2018,2018,"KULPI","RAMNAGAR-GAZIPUR",TRUE,""
"South 24 Parganas",2018,2018,"KULTALI","DEULBARI DEBIPUR",TRUE,""
"South 24 Parganas",2018,2018,"KULTALI","GOPALGANJ",TRUE,""
"South 24 Parganas",2018,2018,"KULTALI","GURGURIA BHUBANESWARI",TRUE,""
"South 24 Parganas",2018,2018,"KULTALI","JALABERIA-I",TRUE,""
"South 24 Parganas",2018,2018,"KULTALI","JALABERIA-II",TRUE,""
"South 24 Parganas",2018,2018,"KULTALI","KUNDAKHALI GODABAR",TRUE,""
"South 24 Parganas",2018,2018,"KULTALI","MAIPITH BAIKUNTHAPUR",TRUE,""
"South 24 Parganas",2018,2018,"KULTALI","MERIGANJ-I",TRUE,""
"South 24 Parganas",2018,2018,"KULTALI","MERIGANJ-II",TRUE,""
"South 24 Parganas",2018,2018,"MAGRA HAT-I","EKTARA",TRUE,""
"South 24 Parganas",2018,2018,"MAGRA HAT-I","HARIHARPUR",TRUE,""
"South 24 Parganas",2018,2018,"MAGRA HAT-I","KALIKAPOTA",TRUE,""
"South 24 Parganas",2018,2018,"MAGRA HAT-I","LAKSHMIKANTAPUR",TRUE,""
"South 24 Parganas",2018,2018,"MAGRA HAT-I","RANGILBAD",TRUE,""
"South 24 Parganas",2018,2018,"MAGRA HAT-I","SHERPUR",TRUE,""
"South 24 Parganas",2018,2018,"MAGRA HAT-I","SHRICHANDA",TRUE,""
"South 24 Parganas",2018,2018,"MAGRA HAT-I","SIRAKOL",TRUE,""
"South 24 Parganas",2018,2018,"MAGRA HAT-I","USTHI",TRUE,""
"South 24 Parganas",2018,2018,"MAGRA HAT-I","UTTARKUSUM",TRUE,""
"South 24 Parganas",2018,2018,"MAGRA HAT-I","YEARPUR",TRUE,""
"South 24 Parganas",2018,2018,"MAGRA HAT-II","AMRATALA",TRUE,""
"South 24 Parganas",2018,2018,"MAGRA HAT-II","DHAMUA DAKSHNIN",TRUE,""
"South 24 Parganas",2018,2018,"MAGRA HAT-II","DHAMUA UTTAR",TRUE,""
"South 24 Parganas",2018,2018,"MAGRA HAT-II","DHANPOTA",TRUE,""
"South 24 Parganas",2018,2018,"MAGRA HAT-II","DIHIKALAS",TRUE,""
"South 24 Parganas",2018,2018,"MAGRA HAT-II","GOKARNI",TRUE,""
"South 24 Parganas",2018,2018,"MAGRA HAT-II","HOTOR MORJADA",TRUE,""
"South 24 Parganas",2018,2018,"MAGRA HAT-II","JUGDIA",TRUE,""
"South 24 Parganas",2018,2018,"MAGRA HAT-II","MAGRAHAT PASCHIM",TRUE,""
"South 24 Parganas",2018,2018,"MAGRA HAT-II","MAGRAHAT PURBA",TRUE,""
"South 24 Parganas",2018,2018,"MAGRA HAT-II","MOHANPUR",TRUE,""
"South 24 Parganas",2018,2018,"MAGRA HAT-II","MULTI",TRUE,""
"South 24 Parganas",2018,2018,"MAGRA HAT-II","NAINAN",TRUE,""
"South 24 Parganas",2018,2018,"MAGRA HAT-II","URELCHANDPUR",TRUE,""
"South 24 Parganas",2018,2018,"MANDIRBAZAR","ANCHANA",TRUE,""
"South 24 Parganas",2018,2018,"MANDIRBAZAR","CHANDPUR",TRUE,""
"South 24 Parganas",2018,2018,"MANDIRBAZAR","DAKSHIN BISHNUPUR",TRUE,""
"South 24 Parganas",2018,2018,"MANDIRBAZAR","DHANURHAT",TRUE,""
"South 24 Parganas",2018,2018,"MANDIRBAZAR","GABBERIA",TRUE,""
"South 24 Parganas",2018,2018,"MANDIRBAZAR","GHATESWAR",TRUE,""
"South 24 Parganas",2018,2018,"MANDIRBAZAR","JAGADISHPUR",TRUE,""
"South 24 Parganas",2018,2018,"MANDIRBAZAR","KECHARKUR",TRUE,""
"South 24 Parganas",2018,2018,"MANDIRBAZAR","KRISHNAPUR",TRUE,""
"South 24 Parganas",2018,2018,"MANDIRBAZAR","NISAPUR",TRUE,""
"South 24 Parganas",2018,2018,"MATHURAPUR I","ABAD BHAGAWANPUR",TRUE,""
"South 24 Parganas",2018,2018,"MATHURAPUR I","DAKSHIN LAKSHMINARAYANPUR",TRUE,""
"South 24 Parganas",2018,2018,"MATHURAPUR I","DEBIPUR",TRUE,""
"South 24 Parganas",2018,2018,"MATHURAPUR I","KRISHNACHANDRAPUR",TRUE,""
"South 24 Parganas",2018,2018,"MATHURAPUR I","LALPUR",TRUE,""
"South 24 Parganas",2018,2018,"MATHURAPUR I","MATHURAPUR PASCHIM",TRUE,""
"South 24 Parganas",2018,2018,"MATHURAPUR I","MATHURAPUR PURBA",TRUE,""
"South 24 Parganas",2018,2018,"MATHURAPUR I","NALUA",TRUE,""
"South 24 Parganas",2018,2018,"MATHURAPUR I","SHANKARPUR",TRUE,""
"South 24 Parganas",2018,2018,"MATHURAPUR I","UTTAR LAKSHMINARAYANPUR",TRUE,""
"South 24 Parganas",2018,2018,"MATHURAPUR-II","DIGHIRPAR-BAKULTALA",TRUE,""
"South 24 Parganas",2018,2018,"MATHURAPUR-II","GILARCHHAT",TRUE,""
"South 24 Parganas",2018,2018,"MATHURAPUR-II","KANKANDIGHI",TRUE,""
"South 24 Parganas",2018,2018,"MATHURAPUR-II","KASINAGAR",TRUE,""
"South 24 Parganas",2018,2018,"MATHURAPUR-II","KAUTALA",TRUE,""
"South 24 Parganas",2018,2018,"MATHURAPUR-II","KHARI",TRUE,""
"South 24 Parganas",2018,2018,"MATHURAPUR-II","KUMRAPARA",TRUE,""
"South 24 Parganas",2018,2018,"MATHURAPUR-II","NAGENDRAPUR",TRUE,""
"South 24 Parganas",2018,2018,"MATHURAPUR-II","NANDAKUMARPUR",TRUE,""
"South 24 Parganas",2018,2018,"MATHURAPUR-II","RADHAKANTAPUR",TRUE,""
"South 24 Parganas",2018,2018,"MATHURAPUR-II","RAIDIGHI",TRUE,""
"South 24 Parganas",2018,2018,"NAMKHANA","BUDHAKHALI",TRUE,""
"South 24 Parganas",2018,2018,"NAMKHANA","FREZARGANJ",TRUE,""
"South 24 Parganas",2018,2018,"NAMKHANA","HARIPUR",TRUE,""
"South 24 Parganas",2018,2018,"NAMKHANA","MAUSINI",TRUE,""
"South 24 Parganas",2018,2018,"NAMKHANA","NAMKHANA",TRUE,""
"South 24 Parganas",2018,2018,"NAMKHANA","NARAYANPUR",TRUE,""
"South 24 Parganas",2018,2018,"NAMKHANA","SHIBRAMPUR",TRUE,""
"South 24 Parganas",2018,2018,"PATHAR PRATIMA","ACHINTYANAGAR",TRUE,""
"South 24 Parganas",2018,2018,"PATHAR PRATIMA","BANASHYAMNAGAR",TRUE,""
"South 24 Parganas",2018,2018,"PATHAR PRATIMA","BRAJABALLAVPUR",TRUE,""
"South 24 Parganas",2018,2018,"PATHAR PRATIMA","DAKSHIN GANGADHARPUR",TRUE,""
"South 24 Parganas",2018,2018,"PATHAR PRATIMA","DAKSHIN RAIPUR",TRUE,""
"South 24 Parganas",2018,2018,"PATHAR PRATIMA","DIGAMBARPUR",TRUE,""
"South 24 Parganas",2018,2018,"PATHAR PRATIMA","DURBACHATI",TRUE,""
"South 24 Parganas",2018,2018,"PATHAR PRATIMA","G PLOT",TRUE,""
"South 24 Parganas",2018,2018,"PATHAR PRATIMA","GOPALNAGAR",TRUE,""
"South 24 Parganas",2018,2018,"PATHAR PRATIMA","HERAMBAGOPALPUR",TRUE,""
"South 24 Parganas",2018,2018,"PATHAR PRATIMA","LAKSMIJANARDANPUR",TRUE,""
"South 24 Parganas",2018,2018,"PATHAR PRATIMA","PATHARPRATIMA",TRUE,""
"South 24 Parganas",2018,2018,"PATHAR PRATIMA","RAMGANGA",TRUE,""
"South 24 Parganas",2018,2018,"PATHAR PRATIMA","SRIDHARNAGAR",TRUE,""
"South 24 Parganas",2018,2018,"PATHAR PRATIMA","SRINARAYANPUR PURNACHANDRAPUR",TRUE,""
"South 24 Parganas",2018,2018,"SAGAR","DHABLAT",TRUE,""
"South 24 Parganas",2018,2018,"SAGAR","DHASPARA SUMATINAGAR-I",TRUE,""
"South 24 Parganas",2018,2018,"SAGAR","DHASPARA SUMATINAGAR-II",TRUE,""
"South 24 Parganas",2018,2018,"SAGAR","GANGASAGAR",TRUE,""
"South 24 Parganas",2018,2018,"SAGAR","GHORAMARA",TRUE,""
"South 24 Parganas",2018,2018,"SAGAR","MURIGANGA-I",TRUE,""
"South 24 Parganas",2018,2018,"SAGAR","MURIGANGA-II",TRUE,""
"South 24 Parganas",2018,2018,"SAGAR","RAMKARCHAR",TRUE,""
"South 24 Parganas",2018,2018,"SAGAR","RUDRANAGAR",TRUE,""
"South 24 Parganas",2018,2018,"SONAR PUR","BANGOOGHLY-I",TRUE,""
"South 24 Parganas",2018,2018,"SONAR PUR","BANHOOGHLY-II",TRUE,""
"South 24 Parganas",2018,2018,"SONAR PUR","KALIKAPUR-I",TRUE,""
"South 24 Parganas",2018,2018,"SONAR PUR","KALIKAPUR-II",TRUE,""
"South 24 Parganas",2018,2018,"SONAR PUR","KAMRABAD",TRUE,""
"South 24 Parganas",2018,2018,"SONAR PUR","KHEYADAHA-I",TRUE,""
"South 24 Parganas",2018,2018,"SONAR PUR","KHEYADAHA-II",TRUE,""
"South 24 Parganas",2018,2018,"SONAR PUR","LANGALBERIA",TRUE,""
"South 24 Parganas",2018,2018,"SONAR PUR","POLEGHAT",TRUE,""
"South 24 Parganas",2018,2018,"SONAR PUR","PRATAPNAGAR",TRUE,""
"South 24 Parganas",2018,2018,"SONAR PUR","SONARPUR-II",TRUE,""
"South 24 Parganas",2018,2018,"THAKURPUKUR MAHESTOLA","ASUTI-I",TRUE,""
"South 24 Parganas",2018,2018,"THAKURPUKUR MAHESTOLA","ASUTI-II",TRUE,""
"South 24 Parganas",2018,2018,"THAKURPUKUR MAHESTOLA","CHATTA",TRUE,""
"South 24 Parganas",2018,2018,"THAKURPUKUR MAHESTOLA","RASPUNJA",TRUE,""
"Purulia",2018,2018,"ARSHA","ARSHA",TRUE,""
"Purulia",2018,2018,"ARSHA","BELDIH",TRUE,""
"Purulia",2018,2018,"ARSHA","CHATUHANSA",TRUE,""
"Purulia",2018,2018,"ARSHA","HENSLA",TRUE,""
"Purulia",2018,2018,"ARSHA","HETGUGUI",TRUE,""
"Purulia",2018,2018,"ARSHA","MANKIARY",TRUE,""
"Purulia",2018,2018,"ARSHA","PUARA",TRUE,""
"Purulia",2018,2018,"ARSHA","SIRKABAD",TRUE,""
"Purulia",2018,2018,"BAGMUNDI","AJODHYA",TRUE,""
"Purulia",2018,2018,"BAGMUNDI","BAGHMUNDI",TRUE,""
"Purulia",2018,2018,"BAGMUNDI","BEERGRAM",TRUE,""
"Purulia",2018,2018,"BAGMUNDI","BURDA-KALIMATI",TRUE,""
"Purulia",2018,2018,"BAGMUNDI","MATHA",TRUE,""
"Purulia",2018,2018,"BAGMUNDI","SERENGDIH",TRUE,""
"Purulia",2018,2018,"BAGMUNDI","SINDRI",TRUE,""
"Purulia",2018,2018,"BAGMUNDI","TUNTURI-SUISA",TRUE,""
"Purulia",2018,2018,"BALARAMPUR","BALARAMPUR",TRUE,""
"Purulia",2018,2018,"BALARAMPUR","BARAURMA",TRUE,""
"Purulia",2018,2018,"BALARAMPUR","BELA",TRUE,""
"Purulia",2018,2018,"BALARAMPUR","DARDA",TRUE,""
"Purulia",2018,2018,"BALARAMPUR","GENRUA",TRUE,""
"Purulia",2018,2018,"BALARAMPUR","GHATBERA-KEROWA",TRUE,""
"Purulia",2018,2018,"BALARAMPUR","TENTLOW",TRUE,""
"Purulia",2018,2018,"BARABAZAR","BANJORA",TRUE,""
"Purulia",2018,2018,"BARABAZAR","BANSBERA",TRUE,""
"Purulia",2018,2018,"BARABAZAR","BARABAZAR",TRUE,""
"Purulia",2018,2018,"BARABAZAR","BERADA",TRUE,""
"Purulia",2018,2018,"BARABAZAR","BHAGABANDH",TRUE,""
"Purulia",2018,2018,"BARABAZAR","DHELATBAMU",TRUE,""
"Purulia",2018,2018,"BARABAZAR","LATPADA",TRUE,""
"Purulia",2018,2018,"BARABAZAR","SINDRI",TRUE,""
"Purulia",2018,2018,"BARABAZAR","SUKURHUTU",TRUE,""
"Purulia",2018,2018,"BARABAZAR","TUMRASOLE",TRUE,""
"Purulia",2018,2018,"BUNDWAN","BANDWAN",TRUE,""
"Purulia",2018,2018,"BUNDWAN","CHIRUDIH",TRUE,""
"Purulia",2018,2018,"BUNDWAN","DHADKA",TRUE,""
"Purulia",2018,2018,"BUNDWAN","GURUR",TRUE,""
"Purulia",2018,2018,"BUNDWAN","KUCHIA",TRUE,""
"Purulia",2018,2018,"BUNDWAN","KUILAPAL",TRUE,""
"Purulia",2018,2018,"BUNDWAN","KUMRA",TRUE,""
"Purulia",2018,2018,"BUNDWAN","SUPUDIH",TRUE,""
"Purulia",2018,2018,"HURA","CHATUMADAR",TRUE,""
"Purulia",2018,2018,"HURA","DALDALI",TRUE,""
"Purulia",2018,2018,"HURA","HURA",TRUE,""
"Purulia",2018,2018,"HURA","JABARRAH",TRUE,""
"Purulia",2018,2018,"HURA","KALABANI",TRUE,""
"Purulia",2018,2018,"HURA","KESHERGARH",TRUE,""
"Purulia",2018,2018,"HURA","LADHURKA",TRUE,""
"Purulia",2018,2018,"HURA","LAKHANPUR",TRUE,""
"Purulia",2018,2018,"HURA","MAGURIA-LALPUR",TRUE,""
"Purulia",2018,2018,"HURA","RAKHERA-BISPURIA",TRUE,""
"Purulia",2018,2018,"JAIPUR","BARAGRAM",TRUE,""
"Purulia",2018,2018,"JAIPUR","GHAGRA",TRUE,""
"Purulia",2018,2018,"JAIPUR","JOYPUR",TRUE,""
"Purulia",2018,2018,"JAIPUR","MUKUNDAPUR",TRUE,""
"Purulia",2018,2018,"JAIPUR","ROPO",TRUE,""
"Purulia",2018,2018,"JAIPUR","SIDHI-JAMRA",TRUE,""
"Purulia",2018,2018,"JAIPUR","UPANKAHAN",TRUE,""
"Purulia",2018,2018,"JHALDA-I","HENSAHATU",TRUE,""
"Purulia",2018,2018,"JHALDA-I","ICHAG",TRUE,""
"Purulia",2018,2018,"JHALDA-I","ILU-JARGO",TRUE,""
"Purulia",2018,2018,"JHALDA-I","JHALDA-DARDA",TRUE,""
"Purulia",2018,2018,"JHALDA-I","KALMA",TRUE,""
"Purulia",2018,2018,"JHALDA-I","MARUMOSINA",TRUE,""
"Purulia",2018,2018,"JHALDA-I","MATHARI-KHAMAR",TRUE,""
"Purulia",2018,2018,"JHALDA-I","NOYADIH",TRUE,""
"Purulia",2018,2018,"JHALDA-I","PUSTI",TRUE,""
"Purulia",2018,2018,"JHALDA-I","TULIN",TRUE,""
"Purulia",2018,2018,"JHALDA-II","BAMNIYA-BELYADIH",TRUE,""
"Purulia",2018,2018,"JHALDA-II","BEGUNKODAR",TRUE,""
"Purulia",2018,2018,"JHALDA-II","CHEKYA",TRUE,""
"Purulia",2018,2018,"JHALDA-II","CHITMU",TRUE,""
"Purulia",2018,2018,"JHALDA-II","HIRAPURADARDIH",TRUE,""
"Purulia",2018,2018,"JHALDA-II","MAJHIDIH",TRUE,""
"Purulia",2018,2018,"JHALDA-II","NOWAHATU",TRUE,""
"Purulia",2018,2018,"JHALDA-II","RIGID",TRUE,""
"Purulia",2018,2018,"JHALDA-II","TATUARA",TRUE,""
"Purulia",2018,2018,"KASHIPUR","AGARDI-CHITRA",TRUE,""
"Purulia",2018,2018,"KASHIPUR","BARRAH",TRUE,""
"Purulia",2018,2018,"KASHIPUR","BEKO",TRUE,""
"Purulia",2018,2018,"KASHIPUR","GAGNABAD",TRUE,""
"Purulia",2018,2018,"KASHIPUR","GORANDIH",TRUE,""
"Purulia",2018,2018,"KASHIPUR","HADALDA-UPARRAH",TRUE,""
"Purulia",2018,2018,"KASHIPUR","KALIDAHA",TRUE,""
"Purulia",2018,2018,"KASHIPUR","KASHIPUR",TRUE,""
"Purulia",2018,2018,"KASHIPUR","MANIHARA",TRUE,""
"Purulia",2018,2018,"KASHIPUR","RANGAMATI-RANJANDIH",TRUE,""
"Purulia",2018,2018,"KASHIPUR","SIMLA-DHANARA",TRUE,""
"Purulia",2018,2018,"KASHIPUR","SONAIJURI",TRUE,""
"Purulia",2018,2018,"KASHIPUR","SONATHALI",TRUE,""
"Purulia",2018,2018,"MANBAZAR-I","BAMNIMAJHIHIRA",TRUE,""
"Purulia",2018,2018,"MANBAZAR-I","BARAMASYA-RAMNAGAR",TRUE,""
"Purulia",2018,2018,"MANBAZAR-I","BHALUBASA",TRUE,""
"Purulia",2018,2018,"MANBAZAR-I","BISRI",TRUE,""
"Purulia",2018,2018,"MANBAZAR-I","CHANDRA-PAIRACHALI",TRUE,""
"Purulia",2018,2018,"MANBAZAR-I","DHANARAH",TRUE,""
"Purulia",2018,2018,"MANBAZAR-I","GOPALNAGAR",TRUE,""
"Purulia",2018,2018,"MANBAZAR-I","JITUJURI",TRUE,""
"Purulia",2018,2018,"MANBAZAR-I","KAMTAJANGIDIRI",TRUE,""
"Purulia",2018,2018,"MANBAZAR-I","MANBAZAR",TRUE,""
"Purulia",2018,2018,"MANBAZAR-II","ANKROBARAKADAM",TRUE,""
"Purulia",2018,2018,"MANBAZAR-II","BARGORIA-JAMTORIA",TRUE,""
"Purulia",2018,2018,"MANBAZAR-II","BARI-JAGDA",TRUE,""
"Purulia",2018,2018,"MANBAZAR-II","BOROJARAGARA",TRUE,""
"Purulia",2018,2018,"MANBAZAR-II","BURIBANDH",TRUE,""
"Purulia",2018,2018,"MANBAZAR-II","DIGHI",TRUE,""
"Purulia",2018,2018,"MANBAZAR-II","KUMARI",TRUE,""
"Purulia",2018,2018,"NETURIA","BHAMURIA",TRUE,""
"Purulia",2018,2018,"NETURIA","DIGHA",TRUE,""
"Purulia",2018,2018,"NETURIA","GUNIARA",TRUE,""
"Purulia",2018,2018,"NETURIA","JANARDANDIH",TRUE,""
"Purulia",2018,2018,"NETURIA","RAIBANDH",TRUE,""
"Purulia",2018,2018,"NETURIA","SALTORE",TRUE,""
"Purulia",2018,2018,"NETURIA","SARBARI",TRUE,""
"Purulia",2018,2018,"PARA","ANARA",TRUE,""
"Purulia",2018,2018,"PARA","BAHARA",TRUE,""
"Purulia",2018,2018,"PARA","BOWRIDIH",TRUE,""
"Purulia",2018,2018,"PARA","DEOLI",TRUE,""
"Purulia",2018,2018,"PARA","DUBRA",TRUE,""
"Purulia",2018,2018,"PARA","JABARRAH-JHAPRA-I",TRUE,""
"Purulia",2018,2018,"PARA","JABARRAH-JHAPRA-II",TRUE,""
"Purulia",2018,2018,"PARA","NADIHASURULIA",TRUE,""
"Purulia",2018,2018,"PARA","PARA",TRUE,""
"Purulia",2018,2018,"PARA","UDAYPUR-JOYNAGAR",TRUE,""
"Purulia",2018,2018,"PUNCHA","BAGDA",TRUE,""
"Purulia",2018,2018,"PUNCHA","CHANDRA",TRUE,""
"Purulia",2018,2018,"PUNCHA","CHIRUDIHI",TRUE,""
"Purulia",2018,2018,"PUNCHA","JAMBAD",TRUE,""
"Purulia",2018,2018,"PUNCHA","KENDA",TRUE,""
"Purulia",2018,2018,"PUNCHA","LAKHRA",TRUE,""
"Purulia",2018,2018,"PUNCHA","NAPARA",TRUE,""
"Purulia",2018,2018,"PUNCHA","PANIPATHAR",TRUE,""
"Purulia",2018,2018,"PUNCHA","PIRRAH",TRUE,""
"Purulia",2018,2018,"PUNCHA","PUNCHA",TRUE,""
"Purulia",2018,2018,"PURULIA-I","BHANDARPUARA-CHIPIDA",TRUE,""
"Purulia",2018,2018,"PURULIA-I","CHAKALTORE",TRUE,""
"Purulia",2018,2018,"PURULIA-I","DIMDIHA",TRUE,""
"Purulia",2018,2018,"PURULIA-I","DURKU",TRUE,""
"Purulia",2018,2018,"PURULIA-I","GARAFUSRA",TRUE,""
"Purulia",2018,2018,"PURULIA-I","LAGDA",TRUE,""
"Purulia",2018,2018,"PURULIA-I","MANARA",TRUE,""
"Purulia",2018,2018,"PURULIA-I","SONAIJURI",TRUE,""
"Purulia",2018,2018,"PURULIA-II","AGOYA-NARRA",TRUE,""
"Purulia",2018,2018,"PURULIA-II","BELMA",TRUE,""
"Purulia",2018,2018,"PURULIA-II","BHANGRA",TRUE,""
"Purulia",2018,2018,"PURULIA-II","CHHARRADUMDUMI",TRUE,""
"Purulia",2018,2018,"PURULIA-II","GHONGA",TRUE,""
"Purulia",2018,2018,"PURULIA-II","GOLAMARA",TRUE,""
"Purulia",2018,2018,"PURULIA-II","HUTMURA",TRUE,""
"Purulia",2018,2018,"PURULIA-II","PINDRA",TRUE,""
"Purulia",2018,2018,"PURULIA-II","RAGHABPUR",TRUE,""
"Purulia",2018,2018,"RAGHUNATH PUR-I","ARRAH",TRUE,""
"Purulia",2018,2018,"RAGHUNATH PUR-I","BABUGRAM",TRUE,""
"Purulia",2018,2018,"RAGHUNATH PUR-I","BERO",TRUE,""
"Purulia",2018,2018,"RAGHUNATH PUR-I","CHORPAHARI",TRUE,""
"Purulia",2018,2018,"RAGHUNATH PUR-I","KHAJURA",TRUE,""
"Purulia",2018,2018,"RAGHUNATH PUR-I","NUTANDI",TRUE,""
"Purulia",2018,2018,"RAGHUNATH PUR-I","SANKA",TRUE,""
"Purulia",2018,2018,"RAGHUNATHPUR-II","BARRAH",TRUE,""
"Purulia",2018,2018,"RAGHUNATHPUR-II","CHELIAMA",TRUE,""
"Purulia",2018,2018,"RAGHUNATHPUR-II","JORADIH",TRUE,""
"Purulia",2018,2018,"RAGHUNATHPUR-II","MANGALDA-MAUTORE",TRUE,""
"Purulia",2018,2018,"RAGHUNATHPUR-II","NILDIH",TRUE,""
"Purulia",2018,2018,"RAGHUNATHPUR-II","NUTANDIH",TRUE,""
"Purulia",2018,2018,"SANTURI","BALITORA",TRUE,""
"Purulia",2018,2018,"SANTURI","GARSIKA",TRUE,""
"Purulia",2018,2018,"SANTURI","MURADI",TRUE,""
"Purulia",2018,2018,"SANTURI","RAMCHANDRAPUR-KOTALDI",TRUE,""
"Purulia",2018,2018,"SANTURI","SANTURI",TRUE,""
"Purulia",2018,2018,"SANTURI","TARABARI",TRUE,""
"Alipurduar",2018,2018,"ALIPURDUAR-I","BANCHUKAMARI",TRUE,""
"Alipurduar",2018,2018,"ALIPURDUAR-I","CHAKOWAKHETI",TRUE,""
"Alipurduar",2018,2018,"ALIPURDUAR-I","MATHURA",TRUE,""
"Alipurduar",2018,2018,"ALIPURDUAR-I","PARORPAR",TRUE,""
"Alipurduar",2018,2018,"ALIPURDUAR-I","PATLAKHAWA",TRUE,""
"Alipurduar",2018,2018,"ALIPURDUAR-I","PURBA KANTHALBARI",TRUE,""
"Alipurduar",2018,2018,"ALIPURDUAR-I","SALKUMAR-I",TRUE,""
"Alipurduar",2018,2018,"ALIPURDUAR-I","SALKUMAR-II",TRUE,""
"Alipurduar",2018,2018,"ALIPURDUAR-I","TAPSIKHATA",TRUE,""
"Alipurduar",2018,2018,"ALIPURDUAR-I","VIVEKANADA-I",TRUE,""
"Alipurduar",2018,2018,"ALIPURDUAR-I","VIVEKANADA-II",TRUE,""
"Alipurduar",2018,2018,"ALIPURDUAR-II","BHATIBARI",TRUE,""
"Alipurduar",2018,2018,"ALIPURDUAR-II","CHAPORER PAR-I",TRUE,""
"Alipurduar",2018,2018,"ALIPURDUAR-II","CHAPORER PAR-II",TRUE,""
"Alipurduar",2018,2018,"ALIPURDUAR-II","KOHINOOR",TRUE,""
"Alipurduar",2018,2018,"ALIPURDUAR-II","MAHAKALGURI",TRUE,""
"Alipurduar",2018,2018,"ALIPURDUAR-II","MAJHERDABRI",TRUE,""
"Alipurduar",2018,2018,"ALIPURDUAR-II","PAROKATA",TRUE,""
"Alipurduar",2018,2018,"ALIPURDUAR-II","SAMUKTALA",TRUE,""
"Alipurduar",2018,2018,"ALIPURDUAR-II","TATPARA-I",TRUE,""
"Alipurduar",2018,2018,"ALIPURDUAR-II","TATPARA-II",TRUE,""
"Alipurduar",2018,2018,"ALIPURDUAR-II","TURTURI",TRUE,""
"Alipurduar",2018,2018,"FALAKATA","DALGAON",TRUE,""
"Alipurduar",2018,2018,"FALAKATA","DEOGAON",TRUE,""
"Alipurduar",2018,2018,"FALAKATA","DHANIRAMPUR-I",TRUE,""
"Alipurduar",2018,2018,"FALAKATA","DHANIRAMPUR-II",TRUE,""
"Alipurduar",2018,2018,"FALAKATA","FALAKATA-I",TRUE,""
"Alipurduar",2018,2018,"FALAKATA","FALAKATA-II",TRUE,""
"Alipurduar",2018,2018,"FALAKATA","GUABARNAGAR",TRUE,""
"Alipurduar",2018,2018,"FALAKATA","JATESWAR-I",TRUE,""
"Alipurduar",2018,2018,"FALAKATA","JATESWAR-II",TRUE,""
"Alipurduar",2018,2018,"FALAKATA","MAIRADANGA",TRUE,""
"Alipurduar",2018,2018,"FALAKATA","PARANGERPAR",TRUE,""
"Alipurduar",2018,2018,"FALAKATA","SALKUMAR",TRUE,""
"Alipurduar",2018,2018,"KALCHINI","CHUAPARA",TRUE,""
"Alipurduar",2018,2018,"KALCHINI","DALSINGPARA",TRUE,""
"Alipurduar",2018,2018,"KALCHINI","GAROPARA",TRUE,""
"Alipurduar",2018,2018,"KALCHINI","JAIGAON-I",TRUE,""
"Alipurduar",2018,2018,"KALCHINI","JAIGAON-II",TRUE,""
"Alipurduar",2018,2018,"KALCHINI","KALCHINI",TRUE,""
"Alipurduar",2018,2018,"KALCHINI","LATABARI",TRUE,""
"Alipurduar",2018,2018,"KALCHINI","MALANGI",TRUE,""
"Alipurduar",2018,2018,"KALCHINI","MENDABARI",TRUE,""
"Alipurduar",2018,2018,"KALCHINI","RAJABHATKHAOA",TRUE,""
"Alipurduar",2018,2018,"KALCHINI","SATALI",TRUE,""
"Alipurduar",2018,2018,"KUMARGRAM","CHENGMARI",TRUE,""
"Alipurduar",2018,2018,"KUMARGRAM","KAMAKHYAGURI-I",TRUE,""
"Alipurduar",2018,2018,"KUMARGRAM","KAMAKHYAGURI-II",TRUE,""
"Alipurduar",2018,2018,"KUMARGRAM","KHOARDANGA-I",TRUE,""
"Alipurduar",2018,2018,"KUMARGRAM","KHOARDANGA-II",TRUE,""
"Alipurduar",2018,2018,"KUMARGRAM","KUMARGRAM",TRUE,""
"Alipurduar",2018,2018,"KUMARGRAM","NEWLAND KUMARGRAM SANKOS",TRUE,""
"Alipurduar",2018,2018,"KUMARGRAM","RAIDAK",TRUE,""
"Alipurduar",2018,2018,"KUMARGRAM","TURTURIKHANDA",TRUE,""
"Alipurduar",2018,2018,"KUMARGRAM","VALKA BARABISA-I",TRUE,""
"Alipurduar",2018,2018,"KUMARGRAM","VALKA BARABISA-II",TRUE,""
"Alipurduar",2018,2018,"MADARIHAT","BANDAPANI",TRUE,""
"Alipurduar",2018,2018,"MADARIHAT","BIRPARA-I",TRUE,""
"Alipurduar",2018,2018,"MADARIHAT","BIRPARA-II",TRUE,""
"Alipurduar",2018,2018,"MADARIHAT","HANTAPARA",TRUE,""
"Alipurduar",2018,2018,"MADARIHAT","KHAYERBARI",TRUE,""
"Alipurduar",2018,2018,"MADARIHAT","LANKAPARA",TRUE,""
"Alipurduar",2018,2018,"MADARIHAT","MADARIHAT",TRUE,""
"Alipurduar",2018,2018,"MADARIHAT","RANGALIBAJNA",TRUE,""
"Alipurduar",2018,2018,"MADARIHAT","SISHUJHUMRA",TRUE,""
"Alipurduar",2018,2018,"MADARIHAT","TOTOPARA BALLALGURI",TRUE,""
"Nadia",2018,2018,"CHAKDAH","CHANDURIA-I",TRUE,""
"Nadia",2018,2018,"CHAKDAH","DEWLI",TRUE,""
"Nadia",2018,2018,"CHAKDAH","DUBRA",TRUE,""
"Nadia",2018,2018,"CHAKDAH","GHETUGACHHI",TRUE,""
"Nadia",2018,2018,"CHAKDAH","HINGNARA",TRUE,""
"Nadia",2018,2018,"CHAKDAH","RAUTARI",TRUE,""
"Nadia",2018,2018,"CHAKDAH","SILINDA-I",TRUE,""
"Nadia",2018,2018,"CHAKDAH","SILINDA-II",TRUE,""
"Nadia",2018,2018,"CHAKDAH","TATLA-I",TRUE,""
"Nadia",2018,2018,"CHAKDAH","TATLA-II",TRUE,""
"Nadia",2018,2018,"CHAPRA","ALFA",TRUE,""
"Nadia",2018,2018,"CHAPRA","BAGBERIA",TRUE,""
"Nadia",2018,2018,"CHAPRA","BRITTIHUDA",TRUE,""
"Nadia",2018,2018,"CHAPRA","CHAPRA-I",TRUE,""
"Nadia",2018,2018,"CHAPRA","CHAPRA-II",TRUE,""
"Nadia",2018,2018,"CHAPRA","HATISALA-I",TRUE,""
"Nadia",2018,2018,"CHAPRA","HATISALA-II",TRUE,""
"Nadia",2018,2018,"CHAPRA","HATKHOLA",TRUE,""
"Nadia",2018,2018,"CHAPRA","HRIDAYPUR",TRUE,""
"Nadia",2018,2018,"CHAPRA","KALINGA",TRUE,""
"Nadia",2018,2018,"CHAPRA","MAHATPUR",TRUE,""
"Nadia",2018,2018,"CHAPRA","MAHESHPUR",TRUE,""
"Nadia",2018,2018,"CHAPRA","PIPRAGACHHI",TRUE,""
"Nadia",2018,2018,"HANSKHALI","BAGULA-I",TRUE,""
"Nadia",2018,2018,"HANSKHALI","BAGULA-II",TRUE,""
"Nadia",2018,2018,"HANSKHALI","BATKULLA-I",TRUE,""
"Nadia",2018,2018,"HANSKHALI","BATKULLA-II",TRUE,""
"Nadia",2018,2018,"HANSKHALI","BETNA GOBINDAPUR",TRUE,""
"Nadia",2018,2018,"HANSKHALI","DAKSHINPARA-I",TRUE,""
"Nadia",2018,2018,"HANSKHALI","DAKSHINPARA-II",TRUE,""
"Nadia",2018,2018,"HANSKHALI","GAJNA",TRUE,""
"Nadia",2018,2018,"HANSKHALI","MAMJOAN",TRUE,""
"Nadia",2018,2018,"HANSKHALI","MAYURHAT-I",TRUE,""
"Nadia",2018,2018,"HANSKHALI","MAYURHAT-II",TRUE,""
"Nadia",2018,2018,"HANSKHALI","RAMNAGAR BARACHUPRIA-I",TRUE,""
"Nadia",2018,2018,"HANSKHALI","RAMNAGAR BARACHUPRIA-II",TRUE,""
"Nadia",2018,2018,"HARINGHATA","BEROHI-I",TRUE,""
"Nadia",2018,2018,"HARINGHATA","BEROHI-II",TRUE,""
"Nadia",2018,2018,"HARINGHATA","FATEPUR",TRUE,""
"Nadia",2018,2018,"HARINGHATA","KASTODANGA-I",TRUE,""
"Nadia",2018,2018,"HARINGHATA","KASTODANGA-II",TRUE,""
"Nadia",2018,2018,"HARINGHATA","MOLLABELIA",TRUE,""
"Nadia",2018,2018,"HARINGHATA","NAGARUKHRA-I",TRUE,""
"Nadia",2018,2018,"HARINGHATA","NAGARUKHRA-II",TRUE,""
"Nadia",2018,2018,"KALIGANJ","BARACHANDGHAR",TRUE,""
"Nadia",2018,2018,"KALIGANJ","DEBAGRAM",TRUE,""
"Nadia",2018,2018,"KALIGANJ","FARIDPUR",TRUE,""
"Nadia",2018,2018,"KALIGANJ","GOBRA",TRUE,""
"Nadia",2018,2018,"KALIGANJ","HATGACHHA",TRUE,""
"Nadia",2018,2018,"KALIGANJ","JURANPUR",TRUE,""
"Nadia",2018,2018,"KALIGANJ","KALIGANJ",TRUE,""
"Nadia",2018,2018,"KALIGANJ","MATIARI",TRUE,""
"Nadia",2018,2018,"KALIGANJ","MIRA-I",TRUE,""
"Nadia",2018,2018,"KALIGANJ","MIRA-II",TRUE,""
"Nadia",2018,2018,"KALIGANJ","PALITBEGIA",TRUE,""
"Nadia",2018,2018,"KALIGANJ","PANIGHATA",TRUE,""
"Nadia",2018,2018,"KALIGANJ","PLASSEY-I",TRUE,""
"Nadia",2018,2018,"KALIGANJ","PLASSEY-II",TRUE,""
"Nadia",2018,2018,"KALIGANJ","RAJARMPUR GHORAIKHETRA",TRUE,""
"Nadia",2018,2018,"KALYANI","CHANDURIA-II",TRUE,""
"Nadia",2018,2018,"KALYANI","KANCHARAPARA",TRUE,""
"Nadia",2018,2018,"KALYANI","MADANPUR-I",TRUE,""
"Nadia",2018,2018,"KALYANI","MADANPUR-II",TRUE,""
"Nadia",2018,2018,"KALYANI","SAGUNA",TRUE,""
"Nadia",2018,2018,"KALYANI","SARATI",TRUE,""
"Nadia",2018,2018,"KALYANI","SIMURALI",TRUE,""
"Nadia",2018,2018,"KARIMPUR-1","HAREKRISHNAPUR",TRUE,""
"Nadia",2018,2018,"KARIMPUR-1","HOGOLBARIA",TRUE,""
"Nadia",2018,2018,"KARIMPUR-1","JAMASHERPUR",TRUE,""
"Nadia",2018,2018,"KARIMPUR-1","KARIMPUR-I",TRUE,""
"Nadia",2018,2018,"KARIMPUR-1","KARIMPUR-II",TRUE,""
"Nadia",2018,2018,"KARIMPUR-1","MADHUGARI",TRUE,""
"Nadia",2018,2018,"KARIMPUR-1","PIPULBARIA",TRUE,""
"Nadia",2018,2018,"KARIMPUR-1","SHIKARPUR",TRUE,""
"Nadia",2018,2018,"KARIMPUR-II","DHORADAHA-I",TRUE,""
"Nadia",2018,2018,"KARIMPUR-II","DHORADAHA-II",TRUE,""
"Nadia",2018,2018,"KARIMPUR-II","DIGHAL KANDI",TRUE,""
"Nadia",2018,2018,"KARIMPUR-II","MURUTIA",TRUE,""
"Nadia",2018,2018,"KARIMPUR-II","NANDANPUR",TRUE,""
"Nadia",2018,2018,"KARIMPUR-II","NARAYANPUR-I",TRUE,""
"Nadia",2018,2018,"KARIMPUR-II","NARAYANPUR-II",TRUE,""
"Nadia",2018,2018,"KARIMPUR-II","NATIDANGA-I",TRUE,""
"Nadia",2018,2018,"KARIMPUR-II","NATIDANGA-II",TRUE,""
"Nadia",2018,2018,"KARIMPUR-II","RAHAMATPUR",TRUE,""
"Nadia",2018,2018,"KRISHNAGANJ","BHAJANGHAT TUNGI",TRUE,""
"Nadia",2018,2018,"KRISHNAGANJ","GOBINDAPUR",TRUE,""
"Nadia",2018,2018,"KRISHNAGANJ","JOYGHATA",TRUE,""
"Nadia",2018,2018,"KRISHNAGANJ","KRISHNAGANJ",TRUE,""
"Nadia",2018,2018,"KRISHNAGANJ","MAITIARY BANPUR",TRUE,""
"Nadia",2018,2018,"KRISHNAGANJ","SHIBNIBAS",TRUE,""
"Nadia",2018,2018,"KRISHNAGANJ","TALDAH MAJDIA",TRUE,""
"Nadia",2018,2018,"KRISHNAGAR-I","ASSANNAGAR",TRUE,""
"Nadia",2018,2018,"KRISHNAGAR-I","BHALUKA",TRUE,""
"Nadia",2018,2018,"KRISHNAGAR-I","BHANDARKHOLA",TRUE,""
"Nadia",2018,2018,"KRISHNAGAR-I","BHATJUNGLA",TRUE,""
"Nadia",2018,2018,"KRISHNAGAR-I","BHIMPUR",TRUE,""
"Nadia",2018,2018,"KRISHNAGAR-I","CHAKDIGNAGAR",TRUE,""
"Nadia",2018,2018,"KRISHNAGAR-I","DEYPARA",TRUE,""
"Nadia",2018,2018,"KRISHNAGAR-I","DIGNAGAR",TRUE,""
"Nadia",2018,2018,"KRISHNAGAR-I","DOGACHI",TRUE,""
"Nadia",2018,2018,"KRISHNAGAR-I","JOANIA",TRUE,""
"Nadia",2018,2018,"KRISHNAGAR-I","PORAGACHHA",TRUE,""
"Nadia",2018,2018,"KRISHNAGAR-I","RUIPUKUR.",TRUE,""
"Nadia",2018,2018,"KRISHNAGAR-II","BELPUKUR",TRUE,""
"Nadia",2018,2018,"KRISHNAGAR-II","DHUBULIA-I",TRUE,""
"Nadia",2018,2018,"KRISHNAGAR-II","DHUBULIA-II",TRUE,""
"Nadia",2018,2018,"KRISHNAGAR-II","NOAPARA-I",TRUE,""
"Nadia",2018,2018,"KRISHNAGAR-II","NOAPARA-II",TRUE,""
"Nadia",2018,2018,"KRISHNAGAR-II","SADHANPARA-I",TRUE,""
"Nadia",2018,2018,"KRISHNAGAR-II","SADHANPARA-II",TRUE,""
"Nadia",2018,2018,"NABADWIP","BABLARI",TRUE,""
"Nadia",2018,2018,"NABADWIP","CHARMAJDIA CHARBRAHMANAGAR",TRUE,""
"Nadia",2018,2018,"NABADWIP","FAKIRDANGA GHOLPARA",TRUE,""
"Nadia",2018,2018,"NABADWIP","MAHISURA",TRUE,""
"Nadia",2018,2018,"NABADWIP","MAJDIA PANSILA",TRUE,""
"Nadia",2018,2018,"NABADWIP","MAYAPUR BAMANPUKUR-I",TRUE,""
"Nadia",2018,2018,"NABADWIP","MAYAPUR BAMANPUKUR-II",TRUE,""
"Nadia",2018,2018,"NABADWIP","SWARUPGANJ",TRUE,""
"Nadia",2018,2018,"NAKASHIPARA","BETHUADAHARI-I",TRUE,""
"Nadia",2018,2018,"NAKASHIPARA","BETHUADAHARI-II",TRUE,""
"Nadia",2018,2018,"NAKASHIPARA","BIKRAMPUR",TRUE,""
"Nadia",2018,2018,"NAKASHIPARA","BILKUMARI",TRUE,""
"Nadia",2018,2018,"NAKASHIPARA","BILLWAGRAM",TRUE,""
"Nadia",2018,2018,"NAKASHIPARA","BIRPUR-I",TRUE,""
"Nadia",2018,2018,"NAKASHIPARA","BIRPUR-II",TRUE,""
"Nadia",2018,2018,"NAKASHIPARA","DHANANJAYPUR",TRUE,""
"Nadia",2018,2018,"NAKASHIPARA","DHARMADA",TRUE,""
"Nadia",2018,2018,"NAKASHIPARA","DOGACHHIA",TRUE,""
"Nadia",2018,2018,"NAKASHIPARA","HARANAGAR",TRUE,""
"Nadia",2018,2018,"NAKASHIPARA","MAJHERGRAM",TRUE,""
"Nadia",2018,2018,"NAKASHIPARA","MURAGACHHA",TRUE,""
"Nadia",2018,2018,"NAKASHIPARA","NAKASIPARA",TRUE,""
"Nadia",2018,2018,"NAKASHIPARA","PATIKABARI",TRUE,""
"Nadia",2018,2018,"RANAGHAT-I","ANULIA",TRUE,""
"Nadia",2018,2018,"RANAGHAT-I","BARASAT",TRUE,""
"Nadia",2018,2018,"RANAGHAT-I","HABIBPUR",TRUE,""
"Nadia",2018,2018,"RANAGHAT-I","KALINARAYANPUR PAHARPUR",TRUE,""
"Nadia",2018,2018,"RANAGHAT-I","KHISMA",TRUE,""
"Nadia",2018,2018,"RANAGHAT-I","NAWPARA MASUNDA",TRUE,""
"Nadia",2018,2018,"RANAGHAT-I","PAYRADANGA",TRUE,""
"Nadia",2018,2018,"RANAGHAT-I","RAMANAGAR-I",TRUE,""
"Nadia",2018,2018,"RANAGHAT-I","RAMNAGAR-II",TRUE,""
"Nadia",2018,2018,"RANAGHAT-I","TARAPUR",TRUE,""
"Nadia",2018,2018,"RANAGHAT-II","ANISHMALI",TRUE,""
"Nadia",2018,2018,"RANAGHAT-II","ARANGHATA",TRUE,""
"Nadia",2018,2018,"RANAGHAT-II","BAHIRGACHI",TRUE,""
"Nadia",2018,2018,"RANAGHAT-II","BAIDYAPUR-I",TRUE,""
"Nadia",2018,2018,"RANAGHAT-II","BAIDYAPUR-II",TRUE,""
"Nadia",2018,2018,"RANAGHAT-II","DEBAGRAM",TRUE,""
"Nadia",2018,2018,"RANAGHAT-II","DUTTAFULIA",TRUE,""
"Nadia",2018,2018,"RANAGHAT-II","JUGALKISHORE",TRUE,""
"Nadia",2018,2018,"RANAGHAT-II","KAMALPUR",TRUE,""
"Nadia",2018,2018,"RANAGHAT-II","MAJHERGRAM",TRUE,""
"Nadia",2018,2018,"RANAGHAT-II","NOKARI",TRUE,""
"Nadia",2018,2018,"RANAGHAT-II","RAGHUNATHPUR HIJULI-I",TRUE,""
"Nadia",2018,2018,"RANAGHAT-II","RAGHUNATHPUR HIJULI-II",TRUE,""
"Nadia",2018,2018,"RANAGHAT-II","SHYAMNAGAR",TRUE,""
"Nadia",2018,2018,"SANTIPUR","ARBANDI-I",TRUE,""
"Nadia",2018,2018,"SANTIPUR","ARBANDI-II",TRUE,""
"Nadia",2018,2018,"SANTIPUR","BABLA",TRUE,""
"Nadia",2018,2018,"SANTIPUR","BAGANCHRA",TRUE,""
"Nadia",2018,2018,"SANTIPUR","BELGORIA-I",TRUE,""
"Nadia",2018,2018,"SANTIPUR","BELGORIA-II",TRUE,""
"Nadia",2018,2018,"SANTIPUR","FULIA TOWNSHIP",TRUE,""
"Nadia",2018,2018,"SANTIPUR","GAYESHPUR",TRUE,""
"Nadia",2018,2018,"SANTIPUR","HARIPUR",TRUE,""
"Nadia",2018,2018,"SANTIPUR","NABLA",TRUE,""
"Nadia",2018,2018,"TEHATTA-I","BATAI-I",TRUE,""
"Nadia",2018,2018,"TEHATTA-I","BETAI-II",TRUE,""
"Nadia",2018,2018,"TEHATTA-I","CHANDERGHAT",TRUE,""
"Nadia",2018,2018,"TEHATTA-I","CHHITKA",TRUE,""
"Nadia",2018,2018,"TEHATTA-I","KANAINAGAR",TRUE,""
"Nadia",2018,2018,"TEHATTA-I","NATNA",TRUE,""
"Nadia",2018,2018,"TEHATTA-I","PATHARGHATA-I",TRUE,""
"Nadia",2018,2018,"TEHATTA-I","PATHATGHATA-II",TRUE,""
"Nadia",2018,2018,"TEHATTA-I","RAGHUNATHPUR",TRUE,""
"Nadia",2018,2018,"TEHATTA-I","SHYAMNAGAR",TRUE,""
"Nadia",2018,2018,"TEHATTA-I","TEHATTA",TRUE,""
"Nadia",2018,2018,"TEHATTA-II","BARNIA",TRUE,""
"Nadia",2018,2018,"TEHATTA-II","GOPINATHPUR",TRUE,""
"Nadia",2018,2018,"TEHATTA-II","HANSPUKURIA",TRUE,""
"Nadia",2018,2018,"TEHATTA-II","PALASIPARA",TRUE,""
"Nadia",2018,2018,"TEHATTA-II","PALSUNDA-I",TRUE,""
"Nadia",2018,2018,"TEHATTA-II","PALSUNDA-II",TRUE,""
"Nadia",2018,2018,"TEHATTA-II","SAHEBNAGAR",TRUE,""
"South 24 Parganas",2018,2019,"BARUIPUR","BEGUMPUR",TRUE,""
"South 24 Parganas",2018,2019,"BARUIPUR","BELEGACHHIA",TRUE,""
"South 24 Parganas",2018,2019,"BARUIPUR","BRINDAKHALI",TRUE,""
"South 24 Parganas",2018,2019,"BARUIPUR","CHAMPAHATI",TRUE,""
"South 24 Parganas",2018,2019,"BARUIPUR","DHAPDHAPI-I",TRUE,""
"South 24 Parganas",2018,2019,"BARUIPUR","DHAPDHAPI-II",TRUE,""
"South 24 Parganas",2018,2019,"BARUIPUR","HARDHAH",TRUE,""
"South 24 Parganas",2018,2019,"BARUIPUR","HARIHARPUR",TRUE,""
"South 24 Parganas",2018,2019,"BARUIPUR","KALYANPUR",TRUE,""
"South 24 Parganas",2018,2019,"BARUIPUR","MADARAT",TRUE,""
"South 24 Parganas",2018,2019,"BARUIPUR","MALLIKPUR",TRUE,""
"South 24 Parganas",2018,2019,"BARUIPUR","NABAGRAM",TRUE,""
"South 24 Parganas",2018,2019,"BARUIPUR","RAMNAGAR-I",TRUE,""
"South 24 Parganas",2018,2019,"BARUIPUR","RAMNAGAR-II",TRUE,""
"South 24 Parganas",2018,2019,"BARUIPUR","SHANKARPUR-I",TRUE,""
"South 24 Parganas",2018,2019,"BARUIPUR","SHANKARPUR-II",TRUE,""
"South 24 Parganas",2018,2019,"BARUIPUR","SHIKHARBALI-I",TRUE,""
"South 24 Parganas",2018,2019,"BARUIPUR","SHIKHARBALI-II",TRUE,""
"South 24 Parganas",2018,2019,"BARUIPUR","SOUTH GARIA",TRUE,""
"South 24 Parganas",2018,2019,"BASANTI","AMJHARA",TRUE,""
"South 24 Parganas",2018,2019,"BASANTI","BASANTI",TRUE,""
"South 24 Parganas",2018,2019,"BASANTI","BHARATGARH",TRUE,""
"South 24 Parganas",2018,2019,"BASANTI","CHARABIDYA",TRUE,""
"South 24 Parganas",2018,2019,"BASANTI","CHUNAKHALI",TRUE,""
"South 24 Parganas",2018,2019,"BASANTI","FOOLMALANCHA",TRUE,""
"South 24 Parganas",2018,2019,"BASANTI","JHARKHALI",TRUE,""
"South 24 Parganas",2018,2019,"BASANTI","JYOTISHPUR",TRUE,""
"South 24 Parganas",2018,2019,"BASANTI","KANTHALBERIA",TRUE,""
"South 24 Parganas",2018,2019,"BASANTI","MASZIDBATI",TRUE,""
"South 24 Parganas",2018,2019,"BASANTI","NAFARGANJ",TRUE,""
"South 24 Parganas",2018,2019,"BASANTI","RAMCHANDRAKHALI",TRUE,""
"South 24 Parganas",2018,2019,"BASANTI","UTTAR MOKAMBERIA",TRUE,""
"South 24 Parganas",2018,2019,"BHANGAR-I","BODRA",TRUE,""
"South 24 Parganas",2018,2019,"BHANGAR-I","CHANDANESWAR-I",TRUE,""
"South 24 Parganas",2018,2019,"BHANGAR-I","CHANDANESWAR-II",TRUE,""
"South 24 Parganas",2018,2019,"BHANGAR-I","DURGAPUR",TRUE,""
"South 24 Parganas",2018,2019,"BHANGAR-I","JAGULGACHHI",TRUE,""
"South 24 Parganas",2018,2019,"BHANGAR-I","NARAYANPUR",TRUE,""
"South 24 Parganas",2018,2019,"BHANGAR-I","PRANGANJ",TRUE,""
"South 24 Parganas",2018,2019,"BHANGAR-I","SHANKSAHAR",TRUE,""
"South 24 Parganas",2018,2019,"BHANGAR-I","TARDA",TRUE,""
"South 24 Parganas",2018,2019,"BHANGAR-II","BAMANGHATA",TRUE,""
"South 24 Parganas",2018,2019,"BHANGAR-II","BENTTATA-I",TRUE,""
"South 24 Parganas",2018,2019,"BHANGAR-II","BENTTATA-II",TRUE,""
"South 24 Parganas",2018,2019,"BHANGAR-II","BHAGAWANPUR",TRUE,""
"South 24 Parganas",2018,2019,"BHANGAR-II","BHOGALI-I",TRUE,""
"South 24 Parganas",2018,2019,"BHANGAR-II","BHOGALI-II",TRUE,""
"South 24 Parganas",2018,2019,"BHANGAR-II","CHALTABERIA",TRUE,""
"South 24 Parganas",2018,2019,"BHANGAR-II","CHANPUKUR",TRUE,""
"South 24 Parganas",2018,2019,"BHANGAR-II","POLERHAT-I",TRUE,""
"South 24 Parganas",2018,2019,"BHANGAR-II","POLERHAT-II",TRUE,""
"South 24 Parganas",2018,2019,"BISHNUPUR-I","AMGACHHIA",TRUE,""
"South 24 Parganas",2018,2019,"BISHNUPUR-I","ANDHAR MANIK",TRUE,""
"South 24 Parganas",2018,2019,"BISHNUPUR-I","BHANDARIA KASTEKUMARI",TRUE,""
"South 24 Parganas",2018,2019,"BISHNUPUR-I","DAKSHIN GAURIPUR CHAKDHIR",TRUE,""
"South 24 Parganas",2018,2019,"BISHNUPUR-I","JULPIA",TRUE,""
"South 24 Parganas",2018,2019,"BISHNUPUR-I","KEORADANGA",TRUE,""
"South 24 Parganas",2018,2019,"BISHNUPUR-I","KULERDARI",TRUE,""
"South 24 Parganas",2018,2019,"BISHNUPUR-I","PANAKUA",TRUE,""
"South 24 Parganas",2018,2019,"BISHNUPUR-I","PASCHIM BISHNUPUR",TRUE,""
"South 24 Parganas",2018,2019,"BISHNUPUR-I","PURBA BISHNUPUR",TRUE,""
"South 24 Parganas",2018,2019,"BISHNUPUR-I","RAKHALI",TRUE,""
"South 24 Parganas",2018,2019,"BISHNUPUR-II","BAKHRAHAT",TRUE,""
"South 24 Parganas",2018,2019,"BISHNUPUR-II","CHAK ENAYETNAGAR",TRUE,""
"South 24 Parganas",2018,2019,"BISHNUPUR-II","CHANDI",TRUE,""
"South 24 Parganas",2018,2019,"BISHNUPUR-II","GOBINDAPUR KALICHARANPUR",TRUE,""
"South 24 Parganas",2018,2019,"BISHNUPUR-II","KANGANBERIA",TRUE,""
"South 24 Parganas",2018,2019,"BISHNUPUR-II","KHAGRAMURI",TRUE,""
"South 24 Parganas",2018,2019,"BISHNUPUR-II","MAUKHALI",TRUE,""
"South 24 Parganas",2018,2019,"BISHNUPUR-II","NAHAJARI",TRUE,""
"South 24 Parganas",2018,2019,"BISHNUPUR-II","PANCHANAN",TRUE,""
"South 24 Parganas",2018,2019,"BISHNUPUR-II","PATHARBERIA JAYCHANDIPUR",TRUE,""
"South 24 Parganas",2018,2019,"BISHNUPUR-II","RAMKRISHNAPUR BORHANPUR",TRUE,""
"South 24 Parganas",2018,2019,"BUDGE BUDGE-I","BUTA",TRUE,""
"South 24 Parganas",2018,2019,"BUDGE BUDGE-I","CHINGRIPOTA",TRUE,""
"South 24 Parganas",2018,2019,"BUDGE BUDGE-I","MAYAPUR",TRUE,""
"South 24 Parganas",2018,2019,"BUDGE BUDGE-I","NISCHINTAPUR",TRUE,""
"South 24 Parganas",2018,2019,"BUDGE BUDGE-I","RAJIBPUR",TRUE,""
"South 24 Parganas",2018,2019,"BUDGE BUDGE-I","UTTAR RAIPUR",TRUE,""
"South 24 Parganas",2018,2019,"BUDGE BUDGE-II","BURUL",TRUE,""
"South 24 Parganas",2018,2019,"BUDGE BUDGE-II","CHAKMANIK",TRUE,""
"South 24 Parganas",2018,2019,"BUDGE BUDGE-II","DONGARIA RAIPUR",TRUE,""
"South 24 Parganas",2018,2019,"BUDGE BUDGE-II","GAJA POYALI",TRUE,""
"South 24 Parganas",2018,2019,"BUDGE BUDGE-II","KAMRABAD",TRUE,""
"South 24 Parganas",2018,2019,"BUDGE BUDGE-II","KASIPUR ALAMPUR",TRUE,""
"South 24 Parganas",2018,2019,"BUDGE BUDGE-II","NASKARPUR",TRUE,""
"South 24 Parganas",2018,2019,"BUDGE BUDGE-II","NORTH BAOYALI",TRUE,""
"South 24 Parganas",2018,2019,"BUDGE BUDGE-II","RANIA",TRUE,""
"South 24 Parganas",2018,2019,"BUDGE BUDGE-II","SATGACHHIA",TRUE,""
"South 24 Parganas",2018,2019,"BUDGE BUDGE-II","SOUTH BAOYALI",TRUE,""
"South 24 Parganas",2018,2019,"CANNING-I","BANSRA",TRUE,""
"South 24 Parganas",2018,2019,"CANNING-I","DARIA",TRUE,""
"South 24 Parganas",2018,2019,"CANNING-I","DIGHIRPAR",TRUE,""
"South 24 Parganas",2018,2019,"CANNING-I","GOPALPUR",TRUE,""
"South 24 Parganas",2018,2019,"CANNING-I","HATPUKURIA",TRUE,""
"South 24 Parganas",2018,2019,"CANNING-I","ITKHOLA",TRUE,""
"South 24 Parganas",2018,2019,"CANNING-I","MATLA-I",TRUE,""
"South 24 Parganas",2018,2019,"CANNING-I","MATLA-II",TRUE,""
"South 24 Parganas",2018,2019,"CANNING-I","NIKARIGHATA",TRUE,""
"South 24 Parganas",2018,2019,"CANNING-I","TALDI",TRUE,""
"South 24 Parganas",2018,2019,"CANNING-II","ATHAROBANDI",TRUE,""
"South 24 Parganas",2018,2019,"CANNING-II","DEULI-I",TRUE,""
"South 24 Parganas",2018,2019,"CANNING-II","DEULI-II",TRUE,""
"South 24 Parganas",2018,2019,"CANNING-II","KALIKATALA",TRUE,""
"South 24 Parganas",2018,2019,"CANNING-II","MATHERDIGHI",TRUE,""
"South 24 Parganas",2018,2019,"CANNING-II","NARAYANPUR",TRUE,""
"South 24 Parganas",2018,2019,"CANNING-II","SARENGABAD",TRUE,""
"South 24 Parganas",2018,2019,"CANNING-II","TAMBULDAHA-I",TRUE,""
"South 24 Parganas",2018,2019,"CANNING-II","TAMBULDAHA-II",TRUE,""
"South 24 Parganas",2018,2019,"DIAMOND HARBOUR-I","BASULDANGA",TRUE,""
"South 24 Parganas",2018,2019,"DIAMOND HARBOUR-I","BOLSIDDHI KALINAGAR",TRUE,""
"South 24 Parganas",2018,2019,"DIAMOND HARBOUR-I","DERAK",TRUE,""
"South 24 Parganas",2018,2019,"DIAMOND HARBOUR-I","HARINDANGA",TRUE,""
"South 24 Parganas",2018,2019,"DIAMOND HARBOUR-I","KANPUR DHANABERIA",TRUE,""
"South 24 Parganas",2018,2019,"DIAMOND HARBOUR-I","MASHAT",TRUE,""
"South 24 Parganas",2018,2019,"DIAMOND HARBOUR-I","NETRA",TRUE,""
"South 24 Parganas",2018,2019,"DIAMOND HARBOUR-I","PARULIA",TRUE,""
"South 24 Parganas",2018,2019,"DIAMOND HARBOUR-II","BHADURA HARIDAS",TRUE,""
"South 24 Parganas",2018,2019,"DIAMOND HARBOUR-II","KALATALAHAT",TRUE,""
"South 24 Parganas",2018,2019,"DIAMOND HARBOUR-II","KAMARPOL",TRUE,""
"South 24 Parganas",2018,2019,"DIAMOND HARBOUR-II","KHORDO",TRUE,""
"South 24 Parganas",2018,2019,"DIAMOND HARBOUR-II","MATHUR",TRUE,""
"South 24 Parganas",2018,2019,"DIAMOND HARBOUR-II","NURPUR",TRUE,""
"South 24 Parganas",2018,2019,"DIAMOND HARBOUR-II","PATRA",TRUE,""
"South 24 Parganas",2018,2019,"DIAMOND HARBOUR-II","SARISA",TRUE,""
"South 24 Parganas",2018,2019,"FALTA","BANGANAGAR-I",TRUE,""
"South 24 Parganas",2018,2019,"FALTA","BANGANAGAR-II",TRUE,""
"South 24 Parganas",2018,2019,"FALTA","BELSINGHA-I",TRUE,""
"South 24 Parganas",2018,2019,"FALTA","BELSINGHA-II",TRUE,""
"South 24 Parganas",2018,2019,"FALTA","CHALUARI",TRUE,""
"South 24 Parganas",2018,2019,"FALTA","DEBIPUR",TRUE,""
"South 24 Parganas",2018,2019,"FALTA","FALTA",TRUE,""
"South 24 Parganas",2018,2019,"FALTA","FATEPUR",TRUE,""
"South 24 Parganas",2018,2019,"FALTA","GOPALPUR",TRUE,""
"South 24 Parganas",2018,2019,"FALTA","HARINDANGA-I",TRUE,""
"South 24 Parganas",2018,2019,"FALTA","HARINDANGA-II",TRUE,""
"South 24 Parganas",2018,2019,"FALTA","MALLIKPUR",TRUE,""
"South 24 Parganas",2018,2019,"FALTA","NOYAPUKURIA",TRUE,""
"South 24 Parganas",2018,2019,"GOSABA","AMTALI",TRUE,""
"South 24 Parganas",2018,2019,"GOSABA","BALI-I",TRUE,""
"South 24 Parganas",2018,2019,"GOSABA","BALI-II",TRUE,""
"South 24 Parganas",2018,2019,"GOSABA","BIPRADASPUR",TRUE,""
"South 24 Parganas",2018,2019,"GOSABA","CHHOTA MOLLAKHALI",TRUE,""
"South 24 Parganas",2018,2019,"GOSABA","GOSABA",TRUE,""
"South 24 Parganas",2018,2019,"GOSABA","KACHUKHALI",TRUE,""
"South 24 Parganas",2018,2019,"GOSABA","KUMIRMARI",TRUE,""
"South 24 Parganas",2018,2019,"GOSABA","LAHIRIPUR",TRUE,""
"South 24 Parganas",2018,2019,"GOSABA","PATHANKHALI",TRUE,""
"South 24 Parganas",2018,2019,"GOSABA","RADHANAGAR-TARANAGAR",TRUE,""
"South 24 Parganas",2018,2019,"GOSABA","RANGABELIA",TRUE,""
"South 24 Parganas",2018,2019,"GOSABA","SATJELIA",TRUE,""
"South 24 Parganas",2018,2019,"GOSABA","SHAMBHUNAGAR",TRUE,""
"South 24 Parganas",2018,2019,"JAYNAGAR-I","BAHARU KSHETRA",TRUE,""
"South 24 Parganas",2018,2019,"JAYNAGAR-I","BAMANGACHHI",TRUE,""
"South 24 Parganas",2018,2019,"JAYNAGAR-I","CHALTABERIA",TRUE,""
"South 24 Parganas",2018,2019,"JAYNAGAR-I","DAKSHIN BARASAT",TRUE,""
"South 24 Parganas",2018,2019,"JAYNAGAR-I","DHOSA CHANDANESWAR",TRUE,""
"South 24 Parganas",2018,2019,"JAYNAGAR-I","HARINARAYANPUR",TRUE,""
"South 24 Parganas",2018,2019,"JAYNAGAR-I","JANGALIA",TRUE,""
"South 24 Parganas",2018,2019,"JAYNAGAR-I","KHAKURDAHA",TRUE,""
"South 24 Parganas",2018,2019,"JAYNAGAR-I","NARAYANITALA",TRUE,""
"South 24 Parganas",2018,2019,"JAYNAGAR-I","RAJAPUR KORABEG",TRUE,""
"South 24 Parganas",2018,2019,"JAYNAGAR-I","SRIPUR",TRUE,""
"South 24 Parganas",2018,2019,"JAYNAGAR-I","UTTAR DURGAPUR",TRUE,""
"South 24 Parganas",2018,2019,"JAYNAGAR-II","BAISHATA",TRUE,""
"South 24 Parganas",2018,2019,"JAYNAGAR-II","BELEDURGANAGAR",TRUE,""
"South 24 Parganas",2018,2019,"JAYNAGAR-II","CHUPRIJHARA",TRUE,""
"South 24 Parganas",2018,2019,"JAYNAGAR-II","FUTIGODA",TRUE,""
"South 24 Parganas",2018,2019,"JAYNAGAR-II","GARDOANI",TRUE,""
"South 24 Parganas",2018,2019,"JAYNAGAR-II","MANIRTAT",TRUE,""
"South 24 Parganas",2018,2019,"JAYNAGAR-II","MAYAHAURI",TRUE,""
"South 24 Parganas",2018,2019,"JAYNAGAR-II","MAYDA",TRUE,""
"South 24 Parganas",2018,2019,"JAYNAGAR-II","NALGORA",TRUE,""
"South 24 Parganas",2018,2019,"JAYNAGAR-II","SAHAJADAPUR",TRUE,""
"South 24 Parganas",2018,2019,"KAK DWIP","BAPUJI",TRUE,""
"South 24 Parganas",2018,2019,"KAK DWIP","MADHUSUDANPUR",TRUE,""
"South 24 Parganas",2018,2019,"KAK DWIP","NETAJI",TRUE,""
"South 24 Parganas",2018,2019,"KAK DWIP","PRATAPADITYANAGAR",TRUE,""
"South 24 Parganas",2018,2019,"KAK DWIP","RABINDRA",TRUE,""
"South 24 Parganas",2018,2019,"KAK DWIP","RAMGOPALPUR",TRUE,""
"South 24 Parganas",2018,2019,"KAK DWIP","RISHI BANKIMCHANDRA",TRUE,""
"South 24 Parganas",2018,2019,"KAK DWIP","SRI SRI RAMKRISHNA",TRUE,""
"South 24 Parganas",2018,2019,"KAK DWIP","SRINAGAR",TRUE,""
"South 24 Parganas",2018,2019,"KAK DWIP","SURYANAGAR",TRUE,""
"South 24 Parganas",2018,2019,"KAK DWIP","SWAMI BIBEKANANDA",TRUE,""
"South 24 Parganas",2018,2019,"KULPI","BABURMAHAL",TRUE,""
"South 24 Parganas",2018,2019,"KULPI","BELPUKUR",TRUE,""
"South 24 Parganas",2018,2019,"KULPI","CHANDIPUR",TRUE,""
"South 24 Parganas",2018,2019,"KULPI","DHOLA",TRUE,""
"South 24 Parganas",2018,2019,"KULPI","GAJIPUR",TRUE,""
"South 24 Parganas",2018,2019,"KULPI","ISWARIPUR",TRUE,""
"South 24 Parganas",2018,2019,"KULPI","KAMARCHAK",TRUE,""
"South 24 Parganas",2018,2019,"KULPI","KARANJALI",TRUE,""
"South 24 Parganas",2018,2019,"KULPI","KEORATALA",TRUE,""
"South 24 Parganas",2018,2019,"KULPI","KULPI",TRUE,""
"South 24 Parganas",2018,2019,"KULPI","RAJARAMPUR",TRUE,""
"South 24 Parganas",2018,2019,"KULPI","RAMKISHORE",TRUE,""
"South 24 Parganas",2018,2019,"KULPI","RAMKRISHNAPUR",TRUE,""
"South 24 Parganas",2018,2019,"KULPI","RAMNAGAR-GAZIPUR",TRUE,""
"South 24 Parganas",2018,2019,"KULTALI","DEULBARI DEBIPUR",TRUE,""
"South 24 Parganas",2018,2019,"KULTALI","GOPALGANJ",TRUE,""
"South 24 Parganas",2018,2019,"KULTALI","GURGURIA BHUBANESWARI",TRUE,""
"South 24 Parganas",2018,2019,"KULTALI","JALABERIA-I",TRUE,""
"South 24 Parganas",2018,2019,"KULTALI","JALABERIA-II",TRUE,""
"South 24 Parganas",2018,2019,"KULTALI","KUNDAKHALI GODABAR",TRUE,""
"South 24 Parganas",2018,2019,"KULTALI","MAIPITH BAIKUNTHAPUR",TRUE,""
"South 24 Parganas",2018,2019,"KULTALI","MERIGANJ-I",TRUE,""
"South 24 Parganas",2018,2019,"KULTALI","MERIGANJ-II",TRUE,""
"South 24 Parganas",2018,2019,"MAGRA HAT-I","EKTARA",TRUE,""
"South 24 Parganas",2018,2019,"MAGRA HAT-I","HARIHARPUR",TRUE,""
"South 24 Parganas",2018,2019,"MAGRA HAT-I","KALIKAPOTA",TRUE,""
"South 24 Parganas",2018,2019,"MAGRA HAT-I","LAKSHMIKANTAPUR",TRUE,""
"South 24 Parganas",2018,2019,"MAGRA HAT-I","RANGILBAD",TRUE,""
"South 24 Parganas",2018,2019,"MAGRA HAT-I","SHERPUR",TRUE,""
"South 24 Parganas",2018,2019,"MAGRA HAT-I","SHRICHANDA",TRUE,""
"South 24 Parganas",2018,2019,"MAGRA HAT-I","SIRAKOL",TRUE,""
"South 24 Parganas",2018,2019,"MAGRA HAT-I","USTHI",TRUE,""
"South 24 Parganas",2018,2019,"MAGRA HAT-I","UTTARKUSUM",TRUE,""
"South 24 Parganas",2018,2019,"MAGRA HAT-I","YEARPUR",TRUE,""
"South 24 Parganas",2018,2019,"MAGRA HAT-II","AMRATALA",TRUE,""
"South 24 Parganas",2018,2019,"MAGRA HAT-II","DHAMUA DAKSHNIN",TRUE,""
"South 24 Parganas",2018,2019,"MAGRA HAT-II","DHAMUA UTTAR",TRUE,""
"South 24 Parganas",2018,2019,"MAGRA HAT-II","DHANPOTA",TRUE,""
"South 24 Parganas",2018,2019,"MAGRA HAT-II","DIHIKALAS",TRUE,""
"South 24 Parganas",2018,2019,"MAGRA HAT-II","GOKARNI",TRUE,""
"South 24 Parganas",2018,2019,"MAGRA HAT-II","HOTOR MORJADA",TRUE,""
"South 24 Parganas",2018,2019,"MAGRA HAT-II","JUGDIA",TRUE,""
"South 24 Parganas",2018,2019,"MAGRA HAT-II","MAGRAHAT PASCHIM",TRUE,""
"South 24 Parganas",2018,2019,"MAGRA HAT-II","MAGRAHAT PURBA",TRUE,""
"South 24 Parganas",2018,2019,"MAGRA HAT-II","MOHANPUR",TRUE,""
"South 24 Parganas",2018,2019,"MAGRA HAT-II","MULTI",TRUE,""
"South 24 Parganas",2018,2019,"MAGRA HAT-II","NAINAN",TRUE,""
"South 24 Parganas",2018,2019,"MAGRA HAT-II","URELCHANDPUR",TRUE,""
"South 24 Parganas",2018,2019,"MANDIRBAZAR","ANCHANA",TRUE,""
"South 24 Parganas",2018,2019,"MANDIRBAZAR","CHANDPUR",TRUE,""
"South 24 Parganas",2018,2019,"MANDIRBAZAR","DAKSHIN BISHNUPUR",TRUE,""
"South 24 Parganas",2018,2019,"MANDIRBAZAR","DHANURHAT",TRUE,""
"South 24 Parganas",2018,2019,"MANDIRBAZAR","GABBERIA",TRUE,""
"South 24 Parganas",2018,2019,"MANDIRBAZAR","GHATESWAR",TRUE,""
"South 24 Parganas",2018,2019,"MANDIRBAZAR","JAGADISHPUR",TRUE,""
"South 24 Parganas",2018,2019,"MANDIRBAZAR","KECHARKUR",TRUE,""
"South 24 Parganas",2018,2019,"MANDIRBAZAR","KRISHNAPUR",TRUE,""
"South 24 Parganas",2018,2019,"MANDIRBAZAR","NISAPUR",TRUE,""
"South 24 Parganas",2018,2019,"MATHURAPUR I","ABAD BHAGAWANPUR",TRUE,""
"South 24 Parganas",2018,2019,"MATHURAPUR I","DAKSHIN LAKSHMINARAYANPUR",TRUE,""
"South 24 Parganas",2018,2019,"MATHURAPUR I","DEBIPUR",TRUE,""
"South 24 Parganas",2018,2019,"MATHURAPUR I","KRISHNACHANDRAPUR",TRUE,""
"South 24 Parganas",2018,2019,"MATHURAPUR I","LALPUR",TRUE,""
"South 24 Parganas",2018,2019,"MATHURAPUR I","MATHURAPUR PASCHIM",TRUE,""
"South 24 Parganas",2018,2019,"MATHURAPUR I","MATHURAPUR PURBA",TRUE,""
"South 24 Parganas",2018,2019,"MATHURAPUR I","NALUA",TRUE,""
"South 24 Parganas",2018,2019,"MATHURAPUR I","SHANKARPUR",TRUE,""
"South 24 Parganas",2018,2019,"MATHURAPUR I","UTTAR LAKSHMINARAYANPUR",TRUE,""
"South 24 Parganas",2018,2019,"MATHURAPUR-II","DIGHIRPAR-BAKULTALA",TRUE,""
"South 24 Parganas",2018,2019,"MATHURAPUR-II","GILARCHHAT",TRUE,""
"South 24 Parganas",2018,2019,"MATHURAPUR-II","KANKANDIGHI",TRUE,""
"South 24 Parganas",2018,2019,"MATHURAPUR-II","KASINAGAR",TRUE,""
"South 24 Parganas",2018,2019,"MATHURAPUR-II","KAUTALA",TRUE,""
"South 24 Parganas",2018,2019,"MATHURAPUR-II","KHARI",TRUE,""
"South 24 Parganas",2018,2019,"MATHURAPUR-II","KUMRAPARA",TRUE,""
"South 24 Parganas",2018,2019,"MATHURAPUR-II","NAGENDRAPUR",TRUE,""
"South 24 Parganas",2018,2019,"MATHURAPUR-II","NANDAKUMARPUR",TRUE,""
"South 24 Parganas",2018,2019,"MATHURAPUR-II","RADHAKANTAPUR",TRUE,""
"South 24 Parganas",2018,2019,"MATHURAPUR-II","RAIDIGHI",TRUE,""
"South 24 Parganas",2018,2019,"NAMKHANA","BUDHAKHALI",TRUE,""
"South 24 Parganas",2018,2019,"NAMKHANA","FREZARGANJ",TRUE,""
"South 24 Parganas",2018,2019,"NAMKHANA","HARIPUR",TRUE,""
"South 24 Parganas",2018,2019,"NAMKHANA","MAUSINI",TRUE,""
"South 24 Parganas",2018,2019,"NAMKHANA","NAMKHANA",TRUE,""
"South 24 Parganas",2018,2019,"NAMKHANA","NARAYANPUR",TRUE,""
"South 24 Parganas",2018,2019,"NAMKHANA","SHIBRAMPUR",TRUE,""
"South 24 Parganas",2018,2019,"PATHAR PRATIMA","ACHINTYANAGAR",TRUE,""
"South 24 Parganas",2018,2019,"PATHAR PRATIMA","BANASHYAMNAGAR",TRUE,""
"South 24 Parganas",2018,2019,"PATHAR PRATIMA","BRAJABALLAVPUR",TRUE,""
"South 24 Parganas",2018,2019,"PATHAR PRATIMA","DAKSHIN GANGADHARPUR",TRUE,""
"South 24 Parganas",2018,2019,"PATHAR PRATIMA","DAKSHIN RAIPUR",TRUE,""
"South 24 Parganas",2018,2019,"PATHAR PRATIMA","DIGAMBARPUR",TRUE,""
"South 24 Parganas",2018,2019,"PATHAR PRATIMA","DURBACHATI",TRUE,""
"South 24 Parganas",2018,2019,"PATHAR PRATIMA","G PLOT",TRUE,""
"South 24 Parganas",2018,2019,"PATHAR PRATIMA","GOPALNAGAR",TRUE,""
"South 24 Parganas",2018,2019,"PATHAR PRATIMA","HERAMBAGOPALPUR",TRUE,""
"South 24 Parganas",2018,2019,"PATHAR PRATIMA","LAKSMIJANARDANPUR",TRUE,""
"South 24 Parganas",2018,2019,"PATHAR PRATIMA","PATHARPRATIMA",TRUE,""
"South 24 Parganas",2018,2019,"PATHAR PRATIMA","RAMGANGA",TRUE,""
"South 24 Parganas",2018,2019,"PATHAR PRATIMA","SRIDHARNAGAR",TRUE,""
"South 24 Parganas",2018,2019,"PATHAR PRATIMA","SRINARAYANPUR PURNACHANDRAPUR",TRUE,""
"South 24 Parganas",2018,2019,"SAGAR","DHABLAT",TRUE,""
"South 24 Parganas",2018,2019,"SAGAR","DHASPARA SUMATINAGAR-I",TRUE,""
"South 24 Parganas",2018,2019,"SAGAR","DHASPARA SUMATINAGAR-II",TRUE,""
"South 24 Parganas",2018,2019,"SAGAR","GANGASAGAR",TRUE,""
"South 24 Parganas",2018,2019,"SAGAR","GHORAMARA",TRUE,""
"South 24 Parganas",2018,2019,"SAGAR","MURIGANGA-I",TRUE,""
"South 24 Parganas",2018,2019,"SAGAR","MURIGANGA-II",TRUE,""
"South 24 Parganas",2018,2019,"SAGAR","RAMKARCHAR",TRUE,""
"South 24 Parganas",2018,2019,"SAGAR","RUDRANAGAR",TRUE,""
"South 24 Parganas",2018,2019,"SONAR PUR","BANGOOGHLY-I",TRUE,""
"South 24 Parganas",2018,2019,"SONAR PUR","BANHOOGHLY-II",TRUE,""
"South 24 Parganas",2018,2019,"SONAR PUR","KALIKAPUR-I",TRUE,""
"South 24 Parganas",2018,2019,"SONAR PUR","KALIKAPUR-II",TRUE,""
"South 24 Parganas",2018,2019,"SONAR PUR","KAMRABAD",TRUE,""
"South 24 Parganas",2018,2019,"SONAR PUR","KHEYADAHA-I",TRUE,""
"South 24 Parganas",2018,2019,"SONAR PUR","KHEYADAHA-II",TRUE,""
"South 24 Parganas",2018,2019,"SONAR PUR","LANGALBERIA",TRUE,""
"South 24 Parganas",2018,2019,"SONAR PUR","POLEGHAT",TRUE,""
"South 24 Parganas",2018,2019,"SONAR PUR","PRATAPNAGAR",TRUE,""
"South 24 Parganas",2018,2019,"SONAR PUR","SONARPUR-II",TRUE,""
"South 24 Parganas",2018,2019,"THAKURPUKUR MAHESTOLA","ASUTI-I",TRUE,""
"South 24 Parganas",2018,2019,"THAKURPUKUR MAHESTOLA","ASUTI-II",TRUE,""
"South 24 Parganas",2018,2019,"THAKURPUKUR MAHESTOLA","CHATTA",TRUE,""
"South 24 Parganas",2018,2019,"THAKURPUKUR MAHESTOLA","RASPUNJA",TRUE,""
"Purulia",2018,2019,"ARSHA","ARSHA",TRUE,""
"Purulia",2018,2019,"ARSHA","BELDIH",TRUE,""
"Purulia",2018,2019,"ARSHA","CHATUHANSA",TRUE,""
"Purulia",2018,2019,"ARSHA","HENSLA",TRUE,""
"Purulia",2018,2019,"ARSHA","HETGUGUI",TRUE,""
"Purulia",2018,2019,"ARSHA","MANKIARY",TRUE,""
"Purulia",2018,2019,"ARSHA","PUARA",TRUE,""
"Purulia",2018,2019,"ARSHA","SIRKABAD",TRUE,""
"Purulia",2018,2019,"BAGMUNDI","AJODHYA",TRUE,""
"Purulia",2018,2019,"BAGMUNDI","BAGHMUNDI",TRUE,""
"Purulia",2018,2019,"BAGMUNDI","BEERGRAM",TRUE,""
"Purulia",2018,2019,"BAGMUNDI","BURDA-KALIMATI",TRUE,""
"Purulia",2018,2019,"BAGMUNDI","MATHA",TRUE,""
"Purulia",2018,2019,"BAGMUNDI","SERENGDIH",TRUE,""
"Purulia",2018,2019,"BAGMUNDI","SINDRI",TRUE,""
"Purulia",2018,2019,"BAGMUNDI","TUNTURI-SUISA",TRUE,""
"Purulia",2018,2019,"BALARAMPUR","BALARAMPUR",TRUE,""
"Purulia",2018,2019,"BALARAMPUR","BARAURMA",TRUE,""
"Purulia",2018,2019,"BALARAMPUR","BELA",TRUE,""
"Purulia",2018,2019,"BALARAMPUR","DARDA",TRUE,""
"Purulia",2018,2019,"BALARAMPUR","GENRUA",TRUE,""
"Purulia",2018,2019,"BALARAMPUR","GHATBERA-KEROWA",TRUE,""
"Purulia",2018,2019,"BALARAMPUR","TENTLOW",TRUE,""
"Purulia",2018,2019,"BARABAZAR","BANJORA",TRUE,""
"Purulia",2018,2019,"BARABAZAR","BANSBERA",TRUE,""
"Purulia",2018,2019,"BARABAZAR","BARABAZAR",TRUE,""
"Purulia",2018,2019,"BARABAZAR","BERADA",TRUE,""
"Purulia",2018,2019,"BARABAZAR","BHAGABANDH",TRUE,""
"Purulia",2018,2019,"BARABAZAR","DHELATBAMU",TRUE,""
"Purulia",2018,2019,"BARABAZAR","LATPADA",TRUE,""
"Purulia",2018,2019,"BARABAZAR","SINDRI",TRUE,""
"Purulia",2018,2019,"BARABAZAR","SUKURHUTU",TRUE,""
"Purulia",2018,2019,"BARABAZAR","TUMRASOLE",TRUE,""
"Purulia",2018,2019,"BUNDWAN","BANDWAN",TRUE,""
"Purulia",2018,2019,"BUNDWAN","CHIRUDIH",TRUE,""
"Purulia",2018,2019,"BUNDWAN","DHADKA",TRUE,""
"Purulia",2018,2019,"BUNDWAN","GURUR",TRUE,""
"Purulia",2018,2019,"BUNDWAN","KUCHIA",TRUE,""
"Purulia",2018,2019,"BUNDWAN","KUILAPAL",TRUE,""
"Purulia",2018,2019,"BUNDWAN","KUMRA",TRUE,""
"Purulia",2018,2019,"BUNDWAN","SUPUDIH",TRUE,""
"Purulia",2018,2019,"HURA","CHATUMADAR",TRUE,""
"Purulia",2018,2019,"HURA","DALDALI",TRUE,""
"Purulia",2018,2019,"HURA","HURA",TRUE,""
"Purulia",2018,2019,"HURA","JABARRAH",TRUE,""
"Purulia",2018,2019,"HURA","KALABANI",TRUE,""
"Purulia",2018,2019,"HURA","KESHERGARH",TRUE,""
"Purulia",2018,2019,"HURA","LADHURKA",TRUE,""
"Purulia",2018,2019,"HURA","LAKHANPUR",TRUE,""
"Purulia",2018,2019,"HURA","MAGURIA-LALPUR",TRUE,""
"Purulia",2018,2019,"HURA","RAKHERA-BISPURIA",TRUE,""
"Purulia",2018,2019,"JAIPUR","BARAGRAM",TRUE,""
"Purulia",2018,2019,"JAIPUR","GHAGRA",TRUE,""
"Purulia",2018,2019,"JAIPUR","JOYPUR",TRUE,""
"Purulia",2018,2019,"JAIPUR","MUKUNDAPUR",TRUE,""
"Purulia",2018,2019,"JAIPUR","ROPO",TRUE,""
"Purulia",2018,2019,"JAIPUR","SIDHI-JAMRA",TRUE,""
"Purulia",2018,2019,"JAIPUR","UPANKAHAN",TRUE,""
"Purulia",2018,2019,"JHALDA-I","HENSAHATU",TRUE,""
"Purulia",2018,2019,"JHALDA-I","ICHAG",TRUE,""
"Purulia",2018,2019,"JHALDA-I","ILU-JARGO",TRUE,""
"Purulia",2018,2019,"JHALDA-I","JHALDA-DARDA",TRUE,""
"Purulia",2018,2019,"JHALDA-I","KALMA",TRUE,""
"Purulia",2018,2019,"JHALDA-I","MARUMOSINA",TRUE,""
"Purulia",2018,2019,"JHALDA-I","MATHARI-KHAMAR",TRUE,""
"Purulia",2018,2019,"JHALDA-I","NOYADIH",TRUE,""
"Purulia",2018,2019,"JHALDA-I","PUSTI",TRUE,""
"Purulia",2018,2019,"JHALDA-I","TULIN",TRUE,""
"Purulia",2018,2019,"JHALDA-II","BAMNIYA-BELYADIH",TRUE,""
"Purulia",2018,2019,"JHALDA-II","BEGUNKODAR",TRUE,""
"Purulia",2018,2019,"JHALDA-II","CHEKYA",TRUE,""
"Purulia",2018,2019,"JHALDA-II","CHITMU",TRUE,""
"Purulia",2018,2019,"JHALDA-II","HIRAPURADARDIH",TRUE,""
"Purulia",2018,2019,"JHALDA-II","MAJHIDIH",TRUE,""
"Purulia",2018,2019,"JHALDA-II","NOWAHATU",TRUE,""
"Purulia",2018,2019,"JHALDA-II","RIGID",TRUE,""
"Purulia",2018,2019,"JHALDA-II","TATUARA",TRUE,""
"Purulia",2018,2019,"KASHIPUR","AGARDI-CHITRA",TRUE,""
"Purulia",2018,2019,"KASHIPUR","BARRAH",TRUE,""
"Purulia",2018,2019,"KASHIPUR","BEKO",TRUE,""
"Purulia",2018,2019,"KASHIPUR","GAGNABAD",TRUE,""
"Purulia",2018,2019,"KASHIPUR","GORANDIH",TRUE,""
"Purulia",2018,2019,"KASHIPUR","HADALDA-UPARRAH",TRUE,""
"Purulia",2018,2019,"KASHIPUR","KALIDAHA",TRUE,""
"Purulia",2018,2019,"KASHIPUR","KASHIPUR",TRUE,""
"Purulia",2018,2019,"KASHIPUR","MANIHARA",TRUE,""
"Purulia",2018,2019,"KASHIPUR","RANGAMATI-RANJANDIH",TRUE,""
"Purulia",2018,2019,"KASHIPUR","SIMLA-DHANARA",TRUE,""
"Purulia",2018,2019,"KASHIPUR","SONAIJURI",TRUE,""
"Purulia",2018,2019,"KASHIPUR","SONATHALI",TRUE,""
"Purulia",2018,2019,"MANBAZAR-I","BAMNIMAJHIHIRA",TRUE,""
"Purulia",2018,2019,"MANBAZAR-I","BARAMASYA-RAMNAGAR",TRUE,""
"Purulia",2018,2019,"MANBAZAR-I","BHALUBASA",TRUE,""
"Purulia",2018,2019,"MANBAZAR-I","BISRI",TRUE,""
"Purulia",2018,2019,"MANBAZAR-I","CHANDRA-PAIRACHALI",TRUE,""
"Purulia",2018,2019,"MANBAZAR-I","DHANARAH",TRUE,""
"Purulia",2018,2019,"MANBAZAR-I","GOPALNAGAR",TRUE,""
"Purulia",2018,2019,"MANBAZAR-I","JITUJURI",TRUE,""
"Purulia",2018,2019,"MANBAZAR-I","KAMTAJANGIDIRI",TRUE,""
"Purulia",2018,2019,"MANBAZAR-I","MANBAZAR",TRUE,""
"Purulia",2018,2019,"MANBAZAR-II","ANKROBARAKADAM",TRUE,""
"Purulia",2018,2019,"MANBAZAR-II","BARGORIA-JAMTORIA",TRUE,""
"Purulia",2018,2019,"MANBAZAR-II","BARI-JAGDA",TRUE,""
"Purulia",2018,2019,"MANBAZAR-II","BOROJARAGARA",TRUE,""
"Purulia",2018,2019,"MANBAZAR-II","BURIBANDH",TRUE,""
"Purulia",2018,2019,"MANBAZAR-II","DIGHI",TRUE,""
"Purulia",2018,2019,"MANBAZAR-II","KUMARI",TRUE,""
"Purulia",2018,2019,"NETURIA","BHAMURIA",TRUE,""
"Purulia",2018,2019,"NETURIA","DIGHA",TRUE,""
"Purulia",2018,2019,"NETURIA","GUNIARA",TRUE,""
"Purulia",2018,2019,"NETURIA","JANARDANDIH",TRUE,""
"Purulia",2018,2019,"NETURIA","RAIBANDH",TRUE,""
"Purulia",2018,2019,"NETURIA","SALTORE",TRUE,""
"Purulia",2018,2019,"NETURIA","SARBARI",TRUE,""
"Purulia",2018,2019,"PARA","ANARA",TRUE,""
"Purulia",2018,2019,"PARA","BAHARA",TRUE,""
"Purulia",2018,2019,"PARA","BOWRIDIH",TRUE,""
"Purulia",2018,2019,"PARA","DEOLI",TRUE,""
"Purulia",2018,2019,"PARA","DUBRA",TRUE,""
"Purulia",2018,2019,"PARA","JABARRAH-JHAPRA-I",TRUE,""
"Purulia",2018,2019,"PARA","JABARRAH-JHAPRA-II",TRUE,""
"Purulia",2018,2019,"PARA","NADIHASURULIA",TRUE,""
"Purulia",2018,2019,"PARA","PARA",TRUE,""
"Purulia",2018,2019,"PARA","UDAYPUR-JOYNAGAR",TRUE,""
"Purulia",2018,2019,"PUNCHA","BAGDA",TRUE,""
"Purulia",2018,2019,"PUNCHA","CHANDRA",TRUE,""
"Purulia",2018,2019,"PUNCHA","CHIRUDIHI",TRUE,""
"Purulia",2018,2019,"PUNCHA","JAMBAD",TRUE,""
"Purulia",2018,2019,"PUNCHA","KENDA",TRUE,""
"Purulia",2018,2019,"PUNCHA","LAKHRA",TRUE,""
"Purulia",2018,2019,"PUNCHA","NAPARA",TRUE,""
"Purulia",2018,2019,"PUNCHA","PANIPATHAR",TRUE,""
"Purulia",2018,2019,"PUNCHA","PIRRAH",TRUE,""
"Purulia",2018,2019,"PUNCHA","PUNCHA",TRUE,""
"Purulia",2018,2019,"PURULIA-I","BHANDARPUARA-CHIPIDA",TRUE,""
"Purulia",2018,2019,"PURULIA-I","CHAKALTORE",TRUE,""
"Purulia",2018,2019,"PURULIA-I","DIMDIHA",TRUE,""
"Purulia",2018,2019,"PURULIA-I","DURKU",TRUE,""
"Purulia",2018,2019,"PURULIA-I","GARAFUSRA",TRUE,""
"Purulia",2018,2019,"PURULIA-I","LAGDA",TRUE,""
"Purulia",2018,2019,"PURULIA-I","MANARA",TRUE,""
"Purulia",2018,2019,"PURULIA-I","SONAIJURI",TRUE,""
"Purulia",2018,2019,"PURULIA-II","AGOYA-NARRA",TRUE,""
"Purulia",2018,2019,"PURULIA-II","BELMA",TRUE,""
"Purulia",2018,2019,"PURULIA-II","BHANGRA",TRUE,""
"Purulia",2018,2019,"PURULIA-II","CHHARRADUMDUMI",TRUE,""
"Purulia",2018,2019,"PURULIA-II","GHONGA",TRUE,""
"Purulia",2018,2019,"PURULIA-II","GOLAMARA",TRUE,""
"Purulia",2018,2019,"PURULIA-II","HUTMURA",TRUE,""
"Purulia",2018,2019,"PURULIA-II","PINDRA",TRUE,""
"Purulia",2018,2019,"PURULIA-II","RAGHABPUR",TRUE,""
"Purulia",2018,2019,"RAGHUNATH PUR-I","ARRAH",TRUE,""
"Purulia",2018,2019,"RAGHUNATH PUR-I","BABUGRAM",TRUE,""
"Purulia",2018,2019,"RAGHUNATH PUR-I","BERO",TRUE,""
"Purulia",2018,2019,"RAGHUNATH PUR-I","CHORPAHARI",TRUE,""
"Purulia",2018,2019,"RAGHUNATH PUR-I","KHAJURA",TRUE,""
"Purulia",2018,2019,"RAGHUNATH PUR-I","NUTANDI",TRUE,""
"Purulia",2018,2019,"RAGHUNATH PUR-I","SANKA",TRUE,""
"Purulia",2018,2019,"RAGHUNATHPUR-II","BARRAH",TRUE,""
"Purulia",2018,2019,"RAGHUNATHPUR-II","CHELIAMA",TRUE,""
"Purulia",2018,2019,"RAGHUNATHPUR-II","JORADIH",TRUE,""
"Purulia",2018,2019,"RAGHUNATHPUR-II","MANGALDA-MAUTORE",TRUE,""
"Purulia",2018,2019,"RAGHUNATHPUR-II","NILDIH",TRUE,""
"Purulia",2018,2019,"RAGHUNATHPUR-II","NUTANDIH",TRUE,""
"Purulia",2018,2019,"SANTURI","BALITORA",TRUE,""
"Purulia",2018,2019,"SANTURI","GARSIKA",TRUE,""
"Purulia",2018,2019,"SANTURI","MURADI",TRUE,""
"Purulia",2018,2019,"SANTURI","RAMCHANDRAPUR-KOTALDI",TRUE,""
"Purulia",2018,2019,"SANTURI","SANTURI",TRUE,""
"Purulia",2018,2019,"SANTURI","TARABARI",TRUE,""
"Alipurduar",2018,2019,"ALIPURDUAR-I","BANCHUKAMARI",TRUE,""
"Alipurduar",2018,2019,"ALIPURDUAR-I","CHAKOWAKHETI",TRUE,""
"Alipurduar",2018,2019,"ALIPURDUAR-I","MATHURA",TRUE,""
"Alipurduar",2018,2019,"ALIPURDUAR-I","PARORPAR",TRUE,""
"Alipurduar",2018,2019,"ALIPURDUAR-I","PATLAKHAWA",TRUE,""
"Alipurduar",2018,2019,"ALIPURDUAR-I","PURBA KANTHALBARI",TRUE,""
"Alipurduar",2018,2019,"ALIPURDUAR-I","SALKUMAR-I",TRUE,""
"Alipurduar",2018,2019,"ALIPURDUAR-I","SALKUMAR-II",TRUE,""
"Alipurduar",2018,2019,"ALIPURDUAR-I","TAPSIKHATA",TRUE,""
"Alipurduar",2018,2019,"ALIPURDUAR-I","VIVEKANADA-I",TRUE,""
"Alipurduar",2018,2019,"ALIPURDUAR-I","VIVEKANADA-II",TRUE,""
"Alipurduar",2018,2019,"ALIPURDUAR-II","BHATIBARI",TRUE,""
"Alipurduar",2018,2019,"ALIPURDUAR-II","CHAPORER PAR-I",TRUE,""
"Alipurduar",2018,2019,"ALIPURDUAR-II","CHAPORER PAR-II",TRUE,""
"Alipurduar",2018,2019,"ALIPURDUAR-II","KOHINOOR",TRUE,""
"Alipurduar",2018,2019,"ALIPURDUAR-II","MAHAKALGURI",TRUE,""
"Alipurduar",2018,2019,"ALIPURDUAR-II","MAJHERDABRI",TRUE,""
"Alipurduar",2018,2019,"ALIPURDUAR-II","PAROKATA",TRUE,""
"Alipurduar",2018,2019,"ALIPURDUAR-II","SAMUKTALA",TRUE,""
"Alipurduar",2018,2019,"ALIPURDUAR-II","TATPARA-I",TRUE,""
"Alipurduar",2018,2019,"ALIPURDUAR-II","TATPARA-II",TRUE,""
"Alipurduar",2018,2019,"ALIPURDUAR-II","TURTURI",TRUE,""
"Alipurduar",2018,2019,"FALAKATA","DALGAON",TRUE,""
"Alipurduar",2018,2019,"FALAKATA","DEOGAON",TRUE,""
"Alipurduar",2018,2019,"FALAKATA","DHANIRAMPUR-I",TRUE,""
"Alipurduar",2018,2019,"FALAKATA","DHANIRAMPUR-II",TRUE,""
"Alipurduar",2018,2019,"FALAKATA","FALAKATA-I",TRUE,""
"Alipurduar",2018,2019,"FALAKATA","FALAKATA-II",TRUE,""
"Alipurduar",2018,2019,"FALAKATA","GUABARNAGAR",TRUE,""
"Alipurduar",2018,2019,"FALAKATA","JATESWAR-I",TRUE,""
"Alipurduar",2018,2019,"FALAKATA","JATESWAR-II",TRUE,""
"Alipurduar",2018,2019,"FALAKATA","MAIRADANGA",TRUE,""
"Alipurduar",2018,2019,"FALAKATA","PARANGERPAR",TRUE,""
"Alipurduar",2018,2019,"FALAKATA","SALKUMAR",TRUE,""
"Alipurduar",2018,2019,"KALCHINI","CHUAPARA",TRUE,""
"Alipurduar",2018,2019,"KALCHINI","DALSINGPARA",TRUE,""
"Alipurduar",2018,2019,"KALCHINI","GAROPARA",TRUE,""
"Alipurduar",2018,2019,"KALCHINI","JAIGAON-I",TRUE,""
"Alipurduar",2018,2019,"KALCHINI","JAIGAON-II",TRUE,""
"Alipurduar",2018,2019,"KALCHINI","KALCHINI",TRUE,""
"Alipurduar",2018,2019,"KALCHINI","LATABARI",TRUE,""
"Alipurduar",2018,2019,"KALCHINI","MALANGI",TRUE,""
"Alipurduar",2018,2019,"KALCHINI","MENDABARI",TRUE,""
"Alipurduar",2018,2019,"KALCHINI","RAJABHATKHAOA",TRUE,""
"Alipurduar",2018,2019,"KALCHINI","SATALI",TRUE,""
"Alipurduar",2018,2019,"KUMARGRAM","CHENGMARI",TRUE,""
"Alipurduar",2018,2019,"KUMARGRAM","KAMAKHYAGURI-I",TRUE,""
"Alipurduar",2018,2019,"KUMARGRAM","KAMAKHYAGURI-II",TRUE,""
"Alipurduar",2018,2019,"KUMARGRAM","KHOARDANGA-I",TRUE,""
"Alipurduar",2018,2019,"KUMARGRAM","KHOARDANGA-II",TRUE,""
"Alipurduar",2018,2019,"KUMARGRAM","KUMARGRAM",TRUE,""
"Alipurduar",2018,2019,"KUMARGRAM","NEWLAND KUMARGRAM SANKOS",TRUE,""
"Alipurduar",2018,2019,"KUMARGRAM","RAIDAK",TRUE,""
"Alipurduar",2018,2019,"KUMARGRAM","TURTURIKHANDA",TRUE,""
"Alipurduar",2018,2019,"KUMARGRAM","VALKA BARABISA-I",TRUE,""
"Alipurduar",2018,2019,"KUMARGRAM","VALKA BARABISA-II",TRUE,""
"Alipurduar",2018,2019,"MADARIHAT","BANDAPANI",TRUE,""
"Alipurduar",2018,2019,"MADARIHAT","BIRPARA-I",TRUE,""
"Alipurduar",2018,2019,"MADARIHAT","BIRPARA-II",TRUE,""
"Alipurduar",2018,2019,"MADARIHAT","HANTAPARA",TRUE,""
"Alipurduar",2018,2019,"MADARIHAT","KHAYERBARI",TRUE,""
"Alipurduar",2018,2019,"MADARIHAT","LANKAPARA",TRUE,""
"Alipurduar",2018,2019,"MADARIHAT","MADARIHAT",TRUE,""
"Alipurduar",2018,2019,"MADARIHAT","RANGALIBAJNA",TRUE,""
"Alipurduar",2018,2019,"MADARIHAT","SISHUJHUMRA",TRUE,""
"Alipurduar",2018,2019,"MADARIHAT","TOTOPARA BALLALGURI",TRUE,""
"Nadia",2018,2019,"CHAKDAH","CHANDURIA-I",TRUE,""
"Nadia",2018,2019,"CHAKDAH","DEWLI",TRUE,""
"Nadia",2018,2019,"CHAKDAH","DUBRA",TRUE,""
"Nadia",2018,2019,"CHAKDAH","GHETUGACHHI",TRUE,""
"Nadia",2018,2019,"CHAKDAH","HINGNARA",TRUE,""
"Nadia",2018,2019,"CHAKDAH","RAUTARI",TRUE,""
"Nadia",2018,2019,"CHAKDAH","SILINDA-I",TRUE,""
"Nadia",2018,2019,"CHAKDAH","SILINDA-II",TRUE,""
"Nadia",2018,2019,"CHAKDAH","TATLA-I",TRUE,""
"Nadia",2018,2019,"CHAKDAH","TATLA-II",TRUE,""
"Nadia",2018,2019,"CHAPRA","ALFA",TRUE,""
"Nadia",2018,2019,"CHAPRA","BAGBERIA",TRUE,""
"Nadia",2018,2019,"CHAPRA","BRITTIHUDA",TRUE,""
"Nadia",2018,2019,"CHAPRA","CHAPRA-I",TRUE,""
"Nadia",2018,2019,"CHAPRA","CHAPRA-II",TRUE,""
"Nadia",2018,2019,"CHAPRA","HATISALA-I",TRUE,""
"Nadia",2018,2019,"CHAPRA","HATISALA-II",TRUE,""
"Nadia",2018,2019,"CHAPRA","HATKHOLA",TRUE,""
"Nadia",2018,2019,"CHAPRA","HRIDAYPUR",TRUE,""
"Nadia",2018,2019,"CHAPRA","KALINGA",TRUE,""
"Nadia",2018,2019,"CHAPRA","MAHATPUR",TRUE,""
"Nadia",2018,2019,"CHAPRA","MAHESHPUR",TRUE,""
"Nadia",2018,2019,"CHAPRA","PIPRAGACHHI",TRUE,""
"Nadia",2018,2019,"HANSKHALI","BAGULA-I",TRUE,""
"Nadia",2018,2019,"HANSKHALI","BAGULA-II",TRUE,""
"Nadia",2018,2019,"HANSKHALI","BATKULLA-I",TRUE,""
"Nadia",2018,2019,"HANSKHALI","BATKULLA-II",TRUE,""
"Nadia",2018,2019,"HANSKHALI","BETNA GOBINDAPUR",TRUE,""
"Nadia",2018,2019,"HANSKHALI","DAKSHINPARA-I",TRUE,""
"Nadia",2018,2019,"HANSKHALI","DAKSHINPARA-II",TRUE,""
"Nadia",2018,2019,"HANSKHALI","GAJNA",TRUE,""
"Nadia",2018,2019,"HANSKHALI","MAMJOAN",TRUE,""
"Nadia",2018,2019,"HANSKHALI","MAYURHAT-I",TRUE,""
"Nadia",2018,2019,"HANSKHALI","MAYURHAT-II",TRUE,""
"Nadia",2018,2019,"HANSKHALI","RAMNAGAR BARACHUPRIA-I",TRUE,""
"Nadia",2018,2019,"HANSKHALI","RAMNAGAR BARACHUPRIA-II",TRUE,""
"Nadia",2018,2019,"HARINGHATA","BEROHI-I",TRUE,""
"Nadia",2018,2019,"HARINGHATA","BEROHI-II",TRUE,""
"Nadia",2018,2019,"HARINGHATA","FATEPUR",TRUE,""
"Nadia",2018,2019,"HARINGHATA","KASTODANGA-I",TRUE,""
"Nadia",2018,2019,"HARINGHATA","KASTODANGA-II",TRUE,""
"Nadia",2018,2019,"HARINGHATA","MOLLABELIA",TRUE,""
"Nadia",2018,2019,"HARINGHATA","NAGARUKHRA-I",TRUE,""
"Nadia",2018,2019,"HARINGHATA","NAGARUKHRA-II",TRUE,""
"Nadia",2018,2019,"KALIGANJ","BARACHANDGHAR",TRUE,""
"Nadia",2018,2019,"KALIGANJ","DEBAGRAM",TRUE,""
"Nadia",2018,2019,"KALIGANJ","FARIDPUR",TRUE,""
"Nadia",2018,2019,"KALIGANJ","GOBRA",TRUE,""
"Nadia",2018,2019,"KALIGANJ","HATGACHHA",TRUE,""
"Nadia",2018,2019,"KALIGANJ","JURANPUR",TRUE,""
"Nadia",2018,2019,"KALIGANJ","KALIGANJ",TRUE,""
"Nadia",2018,2019,"KALIGANJ","MATIARI",TRUE,""
"Nadia",2018,2019,"KALIGANJ","MIRA-I",TRUE,""
"Nadia",2018,2019,"KALIGANJ","MIRA-II",TRUE,""
"Nadia",2018,2019,"KALIGANJ","PALITBEGIA",TRUE,""
"Nadia",2018,2019,"KALIGANJ","PANIGHATA",TRUE,""
"Nadia",2018,2019,"KALIGANJ","PLASSEY-I",TRUE,""
"Nadia",2018,2019,"KALIGANJ","PLASSEY-II",TRUE,""
"Nadia",2018,2019,"KALIGANJ","RAJARMPUR GHORAIKHETRA",TRUE,""
"Nadia",2018,2019,"KALYANI","CHANDURIA-II",TRUE,""
"Nadia",2018,2019,"KALYANI","KANCHARAPARA",TRUE,""
"Nadia",2018,2019,"KALYANI","MADANPUR-I",TRUE,""
"Nadia",2018,2019,"KALYANI","MADANPUR-II",TRUE,""
"Nadia",2018,2019,"KALYANI","SAGUNA",TRUE,""
"Nadia",2018,2019,"KALYANI","SARATI",TRUE,""
"Nadia",2018,2019,"KALYANI","SIMURALI",TRUE,""
"Nadia",2018,2019,"KARIMPUR-1","HAREKRISHNAPUR",TRUE,""
"Nadia",2018,2019,"KARIMPUR-1","HOGOLBARIA",TRUE,""
"Nadia",2018,2019,"KARIMPUR-1","JAMASHERPUR",TRUE,""
"Nadia",2018,2019,"KARIMPUR-1","KARIMPUR-I",TRUE,""
"Nadia",2018,2019,"KARIMPUR-1","KARIMPUR-II",TRUE,""
"Nadia",2018,2019,"KARIMPUR-1","MADHUGARI",TRUE,""
"Nadia",2018,2019,"KARIMPUR-1","PIPULBARIA",TRUE,""
"Nadia",2018,2019,"KARIMPUR-1","SHIKARPUR",TRUE,""
"Nadia",2018,2019,"KARIMPUR-II","DHORADAHA-I",TRUE,""
"Nadia",2018,2019,"KARIMPUR-II","DHORADAHA-II",TRUE,""
"Nadia",2018,2019,"KARIMPUR-II","DIGHAL KANDI",TRUE,""
"Nadia",2018,2019,"KARIMPUR-II","MURUTIA",TRUE,""
"Nadia",2018,2019,"KARIMPUR-II","NANDANPUR",TRUE,""
"Nadia",2018,2019,"KARIMPUR-II","NARAYANPUR-I",TRUE,""
"Nadia",2018,2019,"KARIMPUR-II","NARAYANPUR-II",TRUE,""
"Nadia",2018,2019,"KARIMPUR-II","NATIDANGA-I",TRUE,""
"Nadia",2018,2019,"KARIMPUR-II","NATIDANGA-II",TRUE,""
"Nadia",2018,2019,"KARIMPUR-II","RAHAMATPUR",TRUE,""
"Nadia",2018,2019,"KRISHNAGANJ","BHAJANGHAT TUNGI",TRUE,""
"Nadia",2018,2019,"KRISHNAGANJ","GOBINDAPUR",TRUE,""
"Nadia",2018,2019,"KRISHNAGANJ","JOYGHATA",TRUE,""
"Nadia",2018,2019,"KRISHNAGANJ","KRISHNAGANJ",TRUE,""
"Nadia",2018,2019,"KRISHNAGANJ","MAITIARY BANPUR",TRUE,""
"Nadia",2018,2019,"KRISHNAGANJ","SHIBNIBAS",TRUE,""
"Nadia",2018,2019,"KRISHNAGANJ","TALDAH MAJDIA",TRUE,""
"Nadia",2018,2019,"KRISHNAGAR-I","ASSANNAGAR",TRUE,""
"Nadia",2018,2019,"KRISHNAGAR-I","BHALUKA",TRUE,""
"Nadia",2018,2019,"KRISHNAGAR-I","BHANDARKHOLA",TRUE,""
"Nadia",2018,2019,"KRISHNAGAR-I","BHATJUNGLA",TRUE,""
"Nadia",2018,2019,"KRISHNAGAR-I","BHIMPUR",TRUE,""
"Nadia",2018,2019,"KRISHNAGAR-I","CHAKDIGNAGAR",TRUE,""
"Nadia",2018,2019,"KRISHNAGAR-I","DEYPARA",TRUE,""
"Nadia",2018,2019,"KRISHNAGAR-I","DIGNAGAR",TRUE,""
"Nadia",2018,2019,"KRISHNAGAR-I","DOGACHI",TRUE,""
"Nadia",2018,2019,"KRISHNAGAR-I","JOANIA",TRUE,""
"Nadia",2018,2019,"KRISHNAGAR-I","PORAGACHHA",TRUE,""
"Nadia",2018,2019,"KRISHNAGAR-I","RUIPUKUR.",TRUE,""
"Nadia",2018,2019,"KRISHNAGAR-II","BELPUKUR",TRUE,""
"Nadia",2018,2019,"KRISHNAGAR-II","DHUBULIA-I",TRUE,""
"Nadia",2018,2019,"KRISHNAGAR-II","DHUBULIA-II",TRUE,""
"Nadia",2018,2019,"KRISHNAGAR-II","NOAPARA-I",TRUE,""
"Nadia",2018,2019,"KRISHNAGAR-II","NOAPARA-II",TRUE,""
"Nadia",2018,2019,"KRISHNAGAR-II","SADHANPARA-I",TRUE,""
"Nadia",2018,2019,"KRISHNAGAR-II","SADHANPARA-II",TRUE,""
"Nadia",2018,2019,"NABADWIP","BABLARI",TRUE,""
"Nadia",2018,2019,"NABADWIP","CHARMAJDIA CHARBRAHMANAGAR",TRUE,""
"Nadia",2018,2019,"NABADWIP","FAKIRDANGA GHOLPARA",TRUE,""
"Nadia",2018,2019,"NABADWIP","MAHISURA",TRUE,""
"Nadia",2018,2019,"NABADWIP","MAJDIA PANSILA",TRUE,""
"Nadia",2018,2019,"NABADWIP","MAYAPUR BAMANPUKUR-I",TRUE,""
"Nadia",2018,2019,"NABADWIP","MAYAPUR BAMANPUKUR-II",TRUE,""
"Nadia",2018,2019,"NABADWIP","SWARUPGANJ",TRUE,""
"Nadia",2018,2019,"NAKASHIPARA","BETHUADAHARI-I",TRUE,""
"Nadia",2018,2019,"NAKASHIPARA","BETHUADAHARI-II",TRUE,""
"Nadia",2018,2019,"NAKASHIPARA","BIKRAMPUR",TRUE,""
"Nadia",2018,2019,"NAKASHIPARA","BILKUMARI",TRUE,""
"Nadia",2018,2019,"NAKASHIPARA","BILLWAGRAM",TRUE,""
"Nadia",2018,2019,"NAKASHIPARA","BIRPUR-I",TRUE,""
"Nadia",2018,2019,"NAKASHIPARA","BIRPUR-II",TRUE,""
"Nadia",2018,2019,"NAKASHIPARA","DHANANJAYPUR",TRUE,""
"Nadia",2018,2019,"NAKASHIPARA","DHARMADA",TRUE,""
"Nadia",2018,2019,"NAKASHIPARA","DOGACHHIA",TRUE,""
"Nadia",2018,2019,"NAKASHIPARA","HARANAGAR",TRUE,""
"Nadia",2018,2019,"NAKASHIPARA","MAJHERGRAM",TRUE,""
"Nadia",2018,2019,"NAKASHIPARA","MURAGACHHA",TRUE,""
"Nadia",2018,2019,"NAKASHIPARA","NAKASIPARA",TRUE,""
"Nadia",2018,2019,"NAKASHIPARA","PATIKABARI",TRUE,""
"Nadia",2018,2019,"RANAGHAT-I","ANULIA",TRUE,""
"Nadia",2018,2019,"RANAGHAT-I","BARASAT",TRUE,""
"Nadia",2018,2019,"RANAGHAT-I","HABIBPUR",TRUE,""
"Nadia",2018,2019,"RANAGHAT-I","KALINARAYANPUR PAHARPUR",TRUE,""
"Nadia",2018,2019,"RANAGHAT-I","KHISMA",TRUE,""
"Nadia",2018,2019,"RANAGHAT-I","NAWPARA MASUNDA",TRUE,""
"Nadia",2018,2019,"RANAGHAT-I","PAYRADANGA",TRUE,""
"Nadia",2018,2019,"RANAGHAT-I","RAMANAGAR-I",TRUE,""
"Nadia",2018,2019,"RANAGHAT-I","RAMNAGAR-II",TRUE,""
"Nadia",2018,2019,"RANAGHAT-I","TARAPUR",TRUE,""
"Nadia",2018,2019,"RANAGHAT-II","ANISHMALI",TRUE,""
"Nadia",2018,2019,"RANAGHAT-II","ARANGHATA",TRUE,""
"Nadia",2018,2019,"RANAGHAT-II","BAHIRGACHI",TRUE,""
"Nadia",2018,2019,"RANAGHAT-II","BAIDYAPUR-I",TRUE,""
"Nadia",2018,2019,"RANAGHAT-II","BAIDYAPUR-II",TRUE,""
"Nadia",2018,2019,"RANAGHAT-II","DEBAGRAM",TRUE,""
"Nadia",2018,2019,"RANAGHAT-II","DUTTAFULIA",TRUE,""
"Nadia",2018,2019,"RANAGHAT-II","JUGALKISHORE",TRUE,""
"Nadia",2018,2019,"RANAGHAT-II","KAMALPUR",TRUE,""
"Nadia",2018,2019,"RANAGHAT-II","MAJHERGRAM",TRUE,""
"Nadia",2018,2019,"RANAGHAT-II","NOKARI",TRUE,""
"Nadia",2018,2019,"RANAGHAT-II","RAGHUNATHPUR HIJULI-I",TRUE,""
"Nadia",2018,2019,"RANAGHAT-II","RAGHUNATHPUR HIJULI-II",TRUE,""
"Nadia",2018,2019,"RANAGHAT-II","SHYAMNAGAR",TRUE,""
"Nadia",2018,2019,"SANTIPUR","ARBANDI-I",TRUE,""
"Nadia",2018,2019,"SANTIPUR","ARBANDI-II",TRUE,""
"Nadia",2018,2019,"SANTIPUR","BABLA",TRUE,""
"Nadia",2018,2019,"SANTIPUR","BAGANCHRA",TRUE,""
"Nadia",2018,2019,"SANTIPUR","BELGORIA-I",TRUE,""
"Nadia",2018,2019,"SANTIPUR","BELGORIA-II",TRUE,""
"Nadia",2018,2019,"SANTIPUR","FULIA TOWNSHIP",TRUE,""
"Nadia",2018,2019,"SANTIPUR","GAYESHPUR",TRUE,""
"Nadia",2018,2019,"SANTIPUR","HARIPUR",TRUE,""
"Nadia",2018,2019,"SANTIPUR","NABLA",TRUE,""
"Nadia",2018,2019,"TEHATTA-I","BATAI-I",TRUE,""
"Nadia",2018,2019,"TEHATTA-I","BETAI-II",TRUE,""
"Nadia",2018,2019,"TEHATTA-I","CHANDERGHAT",TRUE,""
"Nadia",2018,2019,"TEHATTA-I","CHHITKA",TRUE,""
"Nadia",2018,2019,"TEHATTA-I","KANAINAGAR",TRUE,""
"Nadia",2018,2019,"TEHATTA-I","NATNA",TRUE,""
"Nadia",2018,2019,"TEHATTA-I","PATHARGHATA-I",TRUE,""
"Nadia",2018,2019,"TEHATTA-I","PATHATGHATA-II",TRUE,""
"Nadia",2018,2019,"TEHATTA-I","RAGHUNATHPUR",TRUE,""
"Nadia",2018,2019,"TEHATTA-I","SHYAMNAGAR",TRUE,""
"Nadia",2018,2019,"TEHATTA-I","TEHATTA",TRUE,""
"Nadia",2018,2019,"TEHATTA-II","BARNIA",TRUE,""
"Nadia",2018,2019,"TEHATTA-II","GOPINATHPUR",TRUE,""
"Nadia",2018,2019,"TEHATTA-II","HANSPUKURIA",TRUE,""
"Nadia",2018,2019,"TEHATTA-II","PALASIPARA",TRUE,""
"Nadia",2018,2019,"TEHATTA-II","PALSUNDA-I",TRUE,""
"Nadia",2018,2019,"TEHATTA-II","PALSUNDA-II",TRUE,""
"Nadia",2018,2019,"TEHATTA-II","SAHEBNAGAR",TRUE,""
"South 24 Parganas",2018,2020,"BARUIPUR","BEGUMPUR",TRUE,""
"South 24 Parganas",2018,2020,"BARUIPUR","BELEGACHHIA",TRUE,""
"South 24 Parganas",2018,2020,"BARUIPUR","BRINDAKHALI",TRUE,""
"South 24 Parganas",2018,2020,"BARUIPUR","CHAMPAHATI",TRUE,""
"South 24 Parganas",2018,2020,"BARUIPUR","DHAPDHAPI-I",TRUE,""
"South 24 Parganas",2018,2020,"BARUIPUR","DHAPDHAPI-II",TRUE,""
"South 24 Parganas",2018,2020,"BARUIPUR","HARDHAH",TRUE,""
"South 24 Parganas",2018,2020,"BARUIPUR","HARIHARPUR",TRUE,""
"South 24 Parganas",2018,2020,"BARUIPUR","KALYANPUR",TRUE,""
"South 24 Parganas",2018,2020,"BARUIPUR","MADARAT",TRUE,""
"South 24 Parganas",2018,2020,"BARUIPUR","MALLIKPUR",TRUE,""
"South 24 Parganas",2018,2020,"BARUIPUR","NABAGRAM",TRUE,""
"South 24 Parganas",2018,2020,"BARUIPUR","RAMNAGAR-I",TRUE,""
"South 24 Parganas",2018,2020,"BARUIPUR","RAMNAGAR-II",TRUE,""
"South 24 Parganas",2018,2020,"BARUIPUR","SHANKARPUR-I",TRUE,""
"South 24 Parganas",2018,2020,"BARUIPUR","SHANKARPUR-II",TRUE,""
"South 24 Parganas",2018,2020,"BARUIPUR","SHIKHARBALI-I",TRUE,""
"South 24 Parganas",2018,2020,"BARUIPUR","SHIKHARBALI-II",TRUE,""
"South 24 Parganas",2018,2020,"BARUIPUR","SOUTH GARIA",TRUE,""
"South 24 Parganas",2018,2020,"BASANTI","AMJHARA",TRUE,""
"South 24 Parganas",2018,2020,"BASANTI","BASANTI",TRUE,""
"South 24 Parganas",2018,2020,"BASANTI","BHARATGARH",TRUE,""
"South 24 Parganas",2018,2020,"BASANTI","CHARABIDYA",TRUE,""
"South 24 Parganas",2018,2020,"BASANTI","CHUNAKHALI",TRUE,""
"South 24 Parganas",2018,2020,"BASANTI","FOOLMALANCHA",TRUE,""
"South 24 Parganas",2018,2020,"BASANTI","JHARKHALI",TRUE,""
"South 24 Parganas",2018,2020,"BASANTI","JYOTISHPUR",TRUE,""
"South 24 Parganas",2018,2020,"BASANTI","KANTHALBERIA",TRUE,""
"South 24 Parganas",2018,2020,"BASANTI","MASZIDBATI",TRUE,""
"South 24 Parganas",2018,2020,"BASANTI","NAFARGANJ",TRUE,""
"South 24 Parganas",2018,2020,"BASANTI","RAMCHANDRAKHALI",TRUE,""
"South 24 Parganas",2018,2020,"BASANTI","UTTAR MOKAMBERIA",TRUE,""
"South 24 Parganas",2018,2020,"BHANGAR-I","BODRA",TRUE,""
"South 24 Parganas",2018,2020,"BHANGAR-I","CHANDANESWAR-I",TRUE,""
"South 24 Parganas",2018,2020,"BHANGAR-I","CHANDANESWAR-II",TRUE,""
"South 24 Parganas",2018,2020,"BHANGAR-I","DURGAPUR",TRUE,""
"South 24 Parganas",2018,2020,"BHANGAR-I","JAGULGACHHI",TRUE,""
"South 24 Parganas",2018,2020,"BHANGAR-I","NARAYANPUR",TRUE,""
"South 24 Parganas",2018,2020,"BHANGAR-I","PRANGANJ",TRUE,""
"South 24 Parganas",2018,2020,"BHANGAR-I","SHANKSAHAR",TRUE,""
"South 24 Parganas",2018,2020,"BHANGAR-I","TARDA",TRUE,""
"South 24 Parganas",2018,2020,"BHANGAR-II","BAMANGHATA",TRUE,""
"South 24 Parganas",2018,2020,"BHANGAR-II","BENTTATA-I",TRUE,""
"South 24 Parganas",2018,2020,"BHANGAR-II","BENTTATA-II",TRUE,""
"South 24 Parganas",2018,2020,"BHANGAR-II","BHAGAWANPUR",TRUE,""
"South 24 Parganas",2018,2020,"BHANGAR-II","BHOGALI-I",TRUE,""
"South 24 Parganas",2018,2020,"BHANGAR-II","BHOGALI-II",TRUE,""
"South 24 Parganas",2018,2020,"BHANGAR-II","CHALTABERIA",TRUE,""
"South 24 Parganas",2018,2020,"BHANGAR-II","CHANPUKUR",TRUE,""
"South 24 Parganas",2018,2020,"BHANGAR-II","POLERHAT-I",TRUE,""
"South 24 Parganas",2018,2020,"BHANGAR-II","POLERHAT-II",TRUE,""
"South 24 Parganas",2018,2020,"BISHNUPUR-I","AMGACHHIA",TRUE,""
"South 24 Parganas",2018,2020,"BISHNUPUR-I","ANDHAR MANIK",TRUE,""
"South 24 Parganas",2018,2020,"BISHNUPUR-I","BHANDARIA KASTEKUMARI",TRUE,""
"South 24 Parganas",2018,2020,"BISHNUPUR-I","DAKSHIN GAURIPUR CHAKDHIR",TRUE,""
"South 24 Parganas",2018,2020,"BISHNUPUR-I","JULPIA",TRUE,""
"South 24 Parganas",2018,2020,"BISHNUPUR-I","KEORADANGA",TRUE,""
"South 24 Parganas",2018,2020,"BISHNUPUR-I","KULERDARI",TRUE,""
"South 24 Parganas",2018,2020,"BISHNUPUR-I","PANAKUA",TRUE,""
"South 24 Parganas",2018,2020,"BISHNUPUR-I","PASCHIM BISHNUPUR",TRUE,""
"South 24 Parganas",2018,2020,"BISHNUPUR-I","PURBA BISHNUPUR",TRUE,""
"South 24 Parganas",2018,2020,"BISHNUPUR-I","RAKHALI",TRUE,""
"South 24 Parganas",2018,2020,"BISHNUPUR-II","BAKHRAHAT",TRUE,""
"South 24 Parganas",2018,2020,"BISHNUPUR-II","CHAK ENAYETNAGAR",TRUE,""
"South 24 Parganas",2018,2020,"BISHNUPUR-II","CHANDI",TRUE,""
"South 24 Parganas",2018,2020,"BISHNUPUR-II","GOBINDAPUR KALICHARANPUR",TRUE,""
"South 24 Parganas",2018,2020,"BISHNUPUR-II","KANGANBERIA",TRUE,""
"South 24 Parganas",2018,2020,"BISHNUPUR-II","KHAGRAMURI",TRUE,""
"South 24 Parganas",2018,2020,"BISHNUPUR-II","MAUKHALI",TRUE,""
"South 24 Parganas",2018,2020,"BISHNUPUR-II","NAHAJARI",TRUE,""
"South 24 Parganas",2018,2020,"BISHNUPUR-II","PANCHANAN",TRUE,""
"South 24 Parganas",2018,2020,"BISHNUPUR-II","PATHARBERIA JAYCHANDIPUR",TRUE,""
"South 24 Parganas",2018,2020,"BISHNUPUR-II","RAMKRISHNAPUR BORHANPUR",TRUE,""
"South 24 Parganas",2018,2020,"BUDGE BUDGE-I","BUTA",TRUE,""
"South 24 Parganas",2018,2020,"BUDGE BUDGE-I","CHINGRIPOTA",TRUE,""
"South 24 Parganas",2018,2020,"BUDGE BUDGE-I","MAYAPUR",TRUE,""
"South 24 Parganas",2018,2020,"BUDGE BUDGE-I","NISCHINTAPUR",TRUE,""
"South 24 Parganas",2018,2020,"BUDGE BUDGE-I","RAJIBPUR",TRUE,""
"South 24 Parganas",2018,2020,"BUDGE BUDGE-I","UTTAR RAIPUR",TRUE,""
"South 24 Parganas",2018,2020,"BUDGE BUDGE-II","BURUL",TRUE,""
"South 24 Parganas",2018,2020,"BUDGE BUDGE-II","CHAKMANIK",TRUE,""
"South 24 Parganas",2018,2020,"BUDGE BUDGE-II","DONGARIA RAIPUR",TRUE,""
"South 24 Parganas",2018,2020,"BUDGE BUDGE-II","GAJA POYALI",TRUE,""
"South 24 Parganas",2018,2020,"BUDGE BUDGE-II","KAMRABAD",TRUE,""
"South 24 Parganas",2018,2020,"BUDGE BUDGE-II","KASIPUR ALAMPUR",TRUE,""
"South 24 Parganas",2018,2020,"BUDGE BUDGE-II","NASKARPUR",TRUE,""
"South 24 Parganas",2018,2020,"BUDGE BUDGE-II","NORTH BAOYALI",TRUE,""
"South 24 Parganas",2018,2020,"BUDGE BUDGE-II","RANIA",TRUE,""
"South 24 Parganas",2018,2020,"BUDGE BUDGE-II","SATGACHHIA",TRUE,""
"South 24 Parganas",2018,2020,"BUDGE BUDGE-II","SOUTH BAOYALI",TRUE,""
"South 24 Parganas",2018,2020,"CANNING-I","BANSRA",TRUE,""
"South 24 Parganas",2018,2020,"CANNING-I","DARIA",TRUE,""
"South 24 Parganas",2018,2020,"CANNING-I","DIGHIRPAR",TRUE,""
"South 24 Parganas",2018,2020,"CANNING-I","GOPALPUR",TRUE,""
"South 24 Parganas",2018,2020,"CANNING-I","HATPUKURIA",TRUE,""
"South 24 Parganas",2018,2020,"CANNING-I","ITKHOLA",TRUE,""
"South 24 Parganas",2018,2020,"CANNING-I","MATLA-I",TRUE,""
"South 24 Parganas",2018,2020,"CANNING-I","MATLA-II",TRUE,""
"South 24 Parganas",2018,2020,"CANNING-I","NIKARIGHATA",TRUE,""
"South 24 Parganas",2018,2020,"CANNING-I","TALDI",TRUE,""
"South 24 Parganas",2018,2020,"CANNING-II","ATHAROBANDI",TRUE,""
"South 24 Parganas",2018,2020,"CANNING-II","DEULI-I",TRUE,""
"South 24 Parganas",2018,2020,"CANNING-II","DEULI-II",TRUE,""
"South 24 Parganas",2018,2020,"CANNING-II","KALIKATALA",TRUE,""
"South 24 Parganas",2018,2020,"CANNING-II","MATHERDIGHI",TRUE,""
"South 24 Parganas",2018,2020,"CANNING-II","NARAYANPUR",TRUE,""
"South 24 Parganas",2018,2020,"CANNING-II","SARENGABAD",TRUE,""
"South 24 Parganas",2018,2020,"CANNING-II","TAMBULDAHA-I",TRUE,""
"South 24 Parganas",2018,2020,"CANNING-II","TAMBULDAHA-II",TRUE,""
"South 24 Parganas",2018,2020,"DIAMOND HARBOUR-I","BASULDANGA",TRUE,""
"South 24 Parganas",2018,2020,"DIAMOND HARBOUR-I","BOLSIDDHI KALINAGAR",TRUE,""
"South 24 Parganas",2018,2020,"DIAMOND HARBOUR-I","DERAK",TRUE,""
"South 24 Parganas",2018,2020,"DIAMOND HARBOUR-I","HARINDANGA",TRUE,""
"South 24 Parganas",2018,2020,"DIAMOND HARBOUR-I","KANPUR DHANABERIA",TRUE,""
"South 24 Parganas",2018,2020,"DIAMOND HARBOUR-I","MASHAT",TRUE,""
"South 24 Parganas",2018,2020,"DIAMOND HARBOUR-I","NETRA",TRUE,""
"South 24 Parganas",2018,2020,"DIAMOND HARBOUR-I","PARULIA",TRUE,""
"South 24 Parganas",2018,2020,"DIAMOND HARBOUR-II","BHADURA HARIDAS",TRUE,""
"South 24 Parganas",2018,2020,"DIAMOND HARBOUR-II","KALATALAHAT",TRUE,""
"South 24 Parganas",2018,2020,"DIAMOND HARBOUR-II","KAMARPOL",TRUE,""
"South 24 Parganas",2018,2020,"DIAMOND HARBOUR-II","KHORDO",TRUE,""
"South 24 Parganas",2018,2020,"DIAMOND HARBOUR-II","MATHUR",TRUE,""
"South 24 Parganas",2018,2020,"DIAMOND HARBOUR-II","NURPUR",TRUE,""
"South 24 Parganas",2018,2020,"DIAMOND HARBOUR-II","PATRA",TRUE,""
"South 24 Parganas",2018,2020,"DIAMOND HARBOUR-II","SARISA",TRUE,""
"South 24 Parganas",2018,2020,"FALTA","BANGANAGAR-I",TRUE,""
"South 24 Parganas",2018,2020,"FALTA","BANGANAGAR-II",TRUE,""
"South 24 Parganas",2018,2020,"FALTA","BELSINGHA-I",TRUE,""
"South 24 Parganas",2018,2020,"FALTA","BELSINGHA-II",TRUE,""
"South 24 Parganas",2018,2020,"FALTA","CHALUARI",TRUE,""
"South 24 Parganas",2018,2020,"FALTA","DEBIPUR",TRUE,""
"South 24 Parganas",2018,2020,"FALTA","FALTA",TRUE,""
"South 24 Parganas",2018,2020,"FALTA","FATEPUR",TRUE,""
"South 24 Parganas",2018,2020,"FALTA","GOPALPUR",TRUE,""
"South 24 Parganas",2018,2020,"FALTA","HARINDANGA-I",TRUE,""
"South 24 Parganas",2018,2020,"FALTA","HARINDANGA-II",TRUE,""
"South 24 Parganas",2018,2020,"FALTA","MALLIKPUR",TRUE,""
"South 24 Parganas",2018,2020,"FALTA","NOYAPUKURIA",TRUE,""
"South 24 Parganas",2018,2020,"GOSABA","AMTALI",TRUE,""
"South 24 Parganas",2018,2020,"GOSABA","BALI-I",TRUE,""
"South 24 Parganas",2018,2020,"GOSABA","BALI-II",TRUE,""
"South 24 Parganas",2018,2020,"GOSABA","BIPRADASPUR",TRUE,""
"South 24 Parganas",2018,2020,"GOSABA","CHHOTA MOLLAKHALI",TRUE,""
"South 24 Parganas",2018,2020,"GOSABA","GOSABA",TRUE,""
"South 24 Parganas",2018,2020,"GOSABA","KACHUKHALI",TRUE,""
"South 24 Parganas",2018,2020,"GOSABA","KUMIRMARI",TRUE,""
"South 24 Parganas",2018,2020,"GOSABA","LAHIRIPUR",TRUE,""
"South 24 Parganas",2018,2020,"GOSABA","PATHANKHALI",TRUE,""
"South 24 Parganas",2018,2020,"GOSABA","RADHANAGAR-TARANAGAR",TRUE,""
"South 24 Parganas",2018,2020,"GOSABA","RANGABELIA",TRUE,""
"South 24 Parganas",2018,2020,"GOSABA","SATJELIA",TRUE,""
"South 24 Parganas",2018,2020,"GOSABA","SHAMBHUNAGAR",TRUE,""
"South 24 Parganas",2018,2020,"JAYNAGAR-I","BAHARU KSHETRA",TRUE,""
"South 24 Parganas",2018,2020,"JAYNAGAR-I","BAMANGACHHI",TRUE,""
"South 24 Parganas",2018,2020,"JAYNAGAR-I","CHALTABERIA",TRUE,""
"South 24 Parganas",2018,2020,"JAYNAGAR-I","DAKSHIN BARASAT",TRUE,""
"South 24 Parganas",2018,2020,"JAYNAGAR-I","DHOSA CHANDANESWAR",TRUE,""
"South 24 Parganas",2018,2020,"JAYNAGAR-I","HARINARAYANPUR",TRUE,""
"South 24 Parganas",2018,2020,"JAYNAGAR-I","JANGALIA",TRUE,""
"South 24 Parganas",2018,2020,"JAYNAGAR-I","KHAKURDAHA",TRUE,""
"South 24 Parganas",2018,2020,"JAYNAGAR-I","NARAYANITALA",TRUE,""
"South 24 Parganas",2018,2020,"JAYNAGAR-I","RAJAPUR KORABEG",TRUE,""
"South 24 Parganas",2018,2020,"JAYNAGAR-I","SRIPUR",TRUE,""
"South 24 Parganas",2018,2020,"JAYNAGAR-I","UTTAR DURGAPUR",TRUE,""
"South 24 Parganas",2018,2020,"JAYNAGAR-II","BAISHATA",TRUE,""
"South 24 Parganas",2018,2020,"JAYNAGAR-II","BELEDURGANAGAR",TRUE,""
"South 24 Parganas",2018,2020,"JAYNAGAR-II","CHUPRIJHARA",TRUE,""
"South 24 Parganas",2018,2020,"JAYNAGAR-II","FUTIGODA",TRUE,""
"South 24 Parganas",2018,2020,"JAYNAGAR-II","GARDOANI",TRUE,""
"South 24 Parganas",2018,2020,"JAYNAGAR-II","MANIRTAT",TRUE,""
"South 24 Parganas",2018,2020,"JAYNAGAR-II","MAYAHAURI",TRUE,""
"South 24 Parganas",2018,2020,"JAYNAGAR-II","MAYDA",TRUE,""
"South 24 Parganas",2018,2020,"JAYNAGAR-II","NALGORA",TRUE,""
"South 24 Parganas",2018,2020,"JAYNAGAR-II","SAHAJADAPUR",TRUE,""
"South 24 Parganas",2018,2020,"KAK DWIP","BAPUJI",TRUE,""
"South 24 Parganas",2018,2020,"KAK DWIP","MADHUSUDANPUR",TRUE,""
"South 24 Parganas",2018,2020,"KAK DWIP","NETAJI",TRUE,""
"South 24 Parganas",2018,2020,"KAK DWIP","PRATAPADITYANAGAR",TRUE,""
"South 24 Parganas",2018,2020,"KAK DWIP","RABINDRA",TRUE,""
"South 24 Parganas",2018,2020,"KAK DWIP","RAMGOPALPUR",TRUE,""
"South 24 Parganas",2018,2020,"KAK DWIP","RISHI BANKIMCHANDRA",TRUE,""
"South 24 Parganas",2018,2020,"KAK DWIP","SRI SRI RAMKRISHNA",TRUE,""
"South 24 Parganas",2018,2020,"KAK DWIP","SRINAGAR",TRUE,""
"South 24 Parganas",2018,2020,"KAK DWIP","SURYANAGAR",TRUE,""
"South 24 Parganas",2018,2020,"KAK DWIP","SWAMI BIBEKANANDA",TRUE,""
"South 24 Parganas",2018,2020,"KULPI","BABURMAHAL",TRUE,""
"South 24 Parganas",2018,2020,"KULPI","BELPUKUR",TRUE,""
"South 24 Parganas",2018,2020,"KULPI","CHANDIPUR",TRUE,""
"South 24 Parganas",2018,2020,"KULPI","DHOLA",TRUE,""
"South 24 Parganas",2018,2020,"KULPI","GAJIPUR",TRUE,""
"South 24 Parganas",2018,2020,"KULPI","ISWARIPUR",TRUE,""
"South 24 Parganas",2018,2020,"KULPI","KAMARCHAK",TRUE,""
"South 24 Parganas",2018,2020,"KULPI","KARANJALI",TRUE,""
"South 24 Parganas",2018,2020,"KULPI","KEORATALA",TRUE,""
"South 24 Parganas",2018,2020,"KULPI","KULPI",TRUE,""
"South 24 Parganas",2018,2020,"KULPI","RAJARAMPUR",TRUE,""
"South 24 Parganas",2018,2020,"KULPI","RAMKISHORE",TRUE,""
"South 24 Parganas",2018,2020,"KULPI","RAMKRISHNAPUR",TRUE,""
"South 24 Parganas",2018,2020,"KULPI","RAMNAGAR-GAZIPUR",TRUE,""
"South 24 Parganas",2018,2020,"KULTALI","DEULBARI DEBIPUR",TRUE,""
"South 24 Parganas",2018,2020,"KULTALI","GOPALGANJ",TRUE,""
"South 24 Parganas",2018,2020,"KULTALI","GURGURIA BHUBANESWARI",TRUE,""
"South 24 Parganas",2018,2020,"KULTALI","JALABERIA-I",TRUE,""
"South 24 Parganas",2018,2020,"KULTALI","JALABERIA-II",TRUE,""
"South 24 Parganas",2018,2020,"KULTALI","KUNDAKHALI GODABAR",TRUE,""
"South 24 Parganas",2018,2020,"KULTALI","MAIPITH BAIKUNTHAPUR",TRUE,""
"South 24 Parganas",2018,2020,"KULTALI","MERIGANJ-I",TRUE,""
"South 24 Parganas",2018,2020,"KULTALI","MERIGANJ-II",TRUE,""
"South 24 Parganas",2018,2020,"MAGRA HAT-I","EKTARA",TRUE,""
"South 24 Parganas",2018,2020,"MAGRA HAT-I","HARIHARPUR",TRUE,""
"South 24 Parganas",2018,2020,"MAGRA HAT-I","KALIKAPOTA",TRUE,""
"South 24 Parganas",2018,2020,"MAGRA HAT-I","LAKSHMIKANTAPUR",TRUE,""
"South 24 Parganas",2018,2020,"MAGRA HAT-I","RANGILBAD",TRUE,""
"South 24 Parganas",2018,2020,"MAGRA HAT-I","SHERPUR",TRUE,""
"South 24 Parganas",2018,2020,"MAGRA HAT-I","SHRICHANDA",TRUE,""
"South 24 Parganas",2018,2020,"MAGRA HAT-I","SIRAKOL",TRUE,""
"South 24 Parganas",2018,2020,"MAGRA HAT-I","USTHI",TRUE,""
"South 24 Parganas",2018,2020,"MAGRA HAT-I","UTTARKUSUM",TRUE,""
"South 24 Parganas",2018,2020,"MAGRA HAT-I","YEARPUR",TRUE,""
"South 24 Parganas",2018,2020,"MAGRA HAT-II","AMRATALA",TRUE,""
"South 24 Parganas",2018,2020,"MAGRA HAT-II","DHAMUA DAKSHNIN",TRUE,""
"South 24 Parganas",2018,2020,"MAGRA HAT-II","DHAMUA UTTAR",TRUE,""
"South 24 Parganas",2018,2020,"MAGRA HAT-II","DHANPOTA",TRUE,""
"South 24 Parganas",2018,2020,"MAGRA HAT-II","DIHIKALAS",TRUE,""
"South 24 Parganas",2018,2020,"MAGRA HAT-II","GOKARNI",TRUE,""
"South 24 Parganas",2018,2020,"MAGRA HAT-II","HOTOR MORJADA",TRUE,""
"South 24 Parganas",2018,2020,"MAGRA HAT-II","JUGDIA",TRUE,""
"South 24 Parganas",2018,2020,"MAGRA HAT-II","MAGRAHAT PASCHIM",TRUE,""
"South 24 Parganas",2018,2020,"MAGRA HAT-II","MAGRAHAT PURBA",TRUE,""
"South 24 Parganas",2018,2020,"MAGRA HAT-II","MOHANPUR",TRUE,""
"South 24 Parganas",2018,2020,"MAGRA HAT-II","MULTI",TRUE,""
"South 24 Parganas",2018,2020,"MAGRA HAT-II","NAINAN",TRUE,""
"South 24 Parganas",2018,2020,"MAGRA HAT-II","URELCHANDPUR",TRUE,""
"South 24 Parganas",2018,2020,"MANDIRBAZAR","ANCHANA",TRUE,""
"South 24 Parganas",2018,2020,"MANDIRBAZAR","CHANDPUR",TRUE,""
"South 24 Parganas",2018,2020,"MANDIRBAZAR","DAKSHIN BISHNUPUR",TRUE,""
"South 24 Parganas",2018,2020,"MANDIRBAZAR","DHANURHAT",TRUE,""
"South 24 Parganas",2018,2020,"MANDIRBAZAR","GABBERIA",TRUE,""
"South 24 Parganas",2018,2020,"MANDIRBAZAR","GHATESWAR",TRUE,""
"South 24 Parganas",2018,2020,"MANDIRBAZAR","JAGADISHPUR",TRUE,""
"South 24 Parganas",2018,2020,"MANDIRBAZAR","KECHARKUR",TRUE,""
"South 24 Parganas",2018,2020,"MANDIRBAZAR","KRISHNAPUR",TRUE,""
"South 24 Parganas",2018,2020,"MANDIRBAZAR","NISAPUR",TRUE,""
"South 24 Parganas",2018,2020,"MATHURAPUR I","ABAD BHAGAWANPUR",TRUE,""
"South 24 Parganas",2018,2020,"MATHURAPUR I","DAKSHIN LAKSHMINARAYANPUR",TRUE,""
"South 24 Parganas",2018,2020,"MATHURAPUR I","DEBIPUR",TRUE,""
"South 24 Parganas",2018,2020,"MATHURAPUR I","KRISHNACHANDRAPUR",TRUE,""
"South 24 Parganas",2018,2020,"MATHURAPUR I","LALPUR",TRUE,""
"South 24 Parganas",2018,2020,"MATHURAPUR I","MATHURAPUR PASCHIM",TRUE,""
"South 24 Parganas",2018,2020,"MATHURAPUR I","MATHURAPUR PURBA",TRUE,""
"South 24 Parganas",2018,2020,"MATHURAPUR I","NALUA",TRUE,""
"South 24 Parganas",2018,2020,"MATHURAPUR I","SHANKARPUR",TRUE,""
"South 24 Parganas",2018,2020,"MATHURAPUR I","UTTAR LAKSHMINARAYANPUR",TRUE,""
"South 24 Parganas",2018,2020,"MATHURAPUR-II","DIGHIRPAR-BAKULTALA",TRUE,""
"South 24 Parganas",2018,2020,"MATHURAPUR-II","GILARCHHAT",TRUE,""
"South 24 Parganas",2018,2020,"MATHURAPUR-II","KANKANDIGHI",TRUE,""
"South 24 Parganas",2018,2020,"MATHURAPUR-II","KASINAGAR",TRUE,""
"South 24 Parganas",2018,2020,"MATHURAPUR-II","KAUTALA",TRUE,""
"South 24 Parganas",2018,2020,"MATHURAPUR-II","KHARI",TRUE,""
"South 24 Parganas",2018,2020,"MATHURAPUR-II","KUMRAPARA",TRUE,""
"South 24 Parganas",2018,2020,"MATHURAPUR-II","NAGENDRAPUR",TRUE,""
"South 24 Parganas",2018,2020,"MATHURAPUR-II","NANDAKUMARPUR",TRUE,""
"South 24 Parganas",2018,2020,"MATHURAPUR-II","RADHAKANTAPUR",TRUE,""
"South 24 Parganas",2018,2020,"MATHURAPUR-II","RAIDIGHI",TRUE,""
"South 24 Parganas",2018,2020,"NAMKHANA","BUDHAKHALI",TRUE,""
"South 24 Parganas",2018,2020,"NAMKHANA","FREZARGANJ",TRUE,""
"South 24 Parganas",2018,2020,"NAMKHANA","HARIPUR",TRUE,""
"South 24 Parganas",2018,2020,"NAMKHANA","MAUSINI",TRUE,""
"South 24 Parganas",2018,2020,"NAMKHANA","NAMKHANA",TRUE,""
"South 24 Parganas",2018,2020,"NAMKHANA","NARAYANPUR",TRUE,""
"South 24 Parganas",2018,2020,"NAMKHANA","SHIBRAMPUR",TRUE,""
"South 24 Parganas",2018,2020,"PATHAR PRATIMA","ACHINTYANAGAR",TRUE,""
"South 24 Parganas",2018,2020,"PATHAR PRATIMA","BANASHYAMNAGAR",TRUE,""
"South 24 Parganas",2018,2020,"PATHAR PRATIMA","BRAJABALLAVPUR",TRUE,""
"South 24 Parganas",2018,2020,"PATHAR PRATIMA","DAKSHIN GANGADHARPUR",TRUE,""
"South 24 Parganas",2018,2020,"PATHAR PRATIMA","DAKSHIN RAIPUR",TRUE,""
"South 24 Parganas",2018,2020,"PATHAR PRATIMA","DIGAMBARPUR",TRUE,""
"South 24 Parganas",2018,2020,"PATHAR PRATIMA","DURBACHATI",TRUE,""
"South 24 Parganas",2018,2020,"PATHAR PRATIMA","G PLOT",TRUE,""
"South 24 Parganas",2018,2020,"PATHAR PRATIMA","GOPALNAGAR",TRUE,""
"South 24 Parganas",2018,2020,"PATHAR PRATIMA","HERAMBAGOPALPUR",TRUE,""
"South 24 Parganas",2018,2020,"PATHAR PRATIMA","LAKSMIJANARDANPUR",TRUE,""
"South 24 Parganas",2018,2020,"PATHAR PRATIMA","PATHARPRATIMA",TRUE,""
"South 24 Parganas",2018,2020,"PATHAR PRATIMA","RAMGANGA",TRUE,""
"South 24 Parganas",2018,2020,"PATHAR PRATIMA","SRIDHARNAGAR",TRUE,""
"South 24 Parganas",2018,2020,"PATHAR PRATIMA","SRINARAYANPUR PURNACHANDRAPUR",TRUE,""
"South 24 Parganas",2018,2020,"SAGAR","DHABLAT",TRUE,""
"South 24 Parganas",2018,2020,"SAGAR","DHASPARA SUMATINAGAR-I",TRUE,""
"South 24 Parganas",2018,2020,"SAGAR","DHASPARA SUMATINAGAR-II",TRUE,""
"South 24 Parganas",2018,2020,"SAGAR","GANGASAGAR",TRUE,""
"South 24 Parganas",2018,2020,"SAGAR","GHORAMARA",TRUE,""
"South 24 Parganas",2018,2020,"SAGAR","MURIGANGA-I",TRUE,""
"South 24 Parganas",2018,2020,"SAGAR","MURIGANGA-II",TRUE,""
"South 24 Parganas",2018,2020,"SAGAR","RAMKARCHAR",TRUE,""
"South 24 Parganas",2018,2020,"SAGAR","RUDRANAGAR",TRUE,""
"South 24 Parganas",2018,2020,"SONAR PUR","BANGOOGHLY-I",TRUE,""
"South 24 Parganas",2018,2020,"SONAR PUR","BANHOOGHLY-II",TRUE,""
"South 24 Parganas",2018,2020,"SONAR PUR","KALIKAPUR-I",TRUE,""
"South 24 Parganas",2018,2020,"SONAR PUR","KALIKAPUR-II",TRUE,""
"South 24 Parganas",2018,2020,"SONAR PUR","KAMRABAD",TRUE,""
"South 24 Parganas",2018,2020,"SONAR PUR","KHEYADAHA-I",TRUE,""
"South 24 Parganas",2018,2020,"SONAR PUR","KHEYADAHA-II",TRUE,""
"South 24 Parganas",2018,2020,"SONAR PUR","LANGALBERIA",TRUE,""
"South 24 Parganas",2018,2020,"SONAR PUR","POLEGHAT",TRUE,""
"South 24 Parganas",2018,2020,"SONAR PUR","PRATAPNAGAR",TRUE,""
"South 24 Parganas",2018,2020,"SONAR PUR","SONARPUR-II",TRUE,""
"South 24 Parganas",2018,2020,"THAKURPUKUR MAHESTOLA","ASUTI-I",TRUE,""
"South 24 Parganas",2018,2020,"THAKURPUKUR MAHESTOLA","ASUTI-II",TRUE,""
"South 24 Parganas",2018,2020,"THAKURPUKUR MAHESTOLA","CHATTA",TRUE,""
"South 24 Parganas",2018,2020,"THAKURPUKUR MAHESTOLA","RASPUNJA",TRUE,""
"Purulia",2018,2020,"ARSHA","ARSHA",TRUE,""
"Purulia",2018,2020,"ARSHA","BELDIH",TRUE,""
"Purulia",2018,2020,"ARSHA","CHATUHANSA",TRUE,""
"Purulia",2018,2020,"ARSHA","HENSLA",TRUE,""
"Purulia",2018,2020,"ARSHA","HETGUGUI",TRUE,""
"Purulia",2018,2020,"ARSHA","MANKIARY",TRUE,""
"Purulia",2018,2020,"ARSHA","PUARA",TRUE,""
"Purulia",2018,2020,"ARSHA","SIRKABAD",TRUE,""
"Purulia",2018,2020,"BAGMUNDI","AJODHYA",TRUE,""
"Purulia",2018,2020,"BAGMUNDI","BAGHMUNDI",TRUE,""
"Purulia",2018,2020,"BAGMUNDI","BEERGRAM",TRUE,""
"Purulia",2018,2020,"BAGMUNDI","BURDA-KALIMATI",TRUE,""
"Purulia",2018,2020,"BAGMUNDI","MATHA",TRUE,""
"Purulia",2018,2020,"BAGMUNDI","SERENGDIH",TRUE,""
"Purulia",2018,2020,"BAGMUNDI","SINDRI",TRUE,""
"Purulia",2018,2020,"BAGMUNDI","TUNTURI-SUISA",TRUE,""
"Purulia",2018,2020,"BALARAMPUR","BALARAMPUR",TRUE,""
"Purulia",2018,2020,"BALARAMPUR","BARAURMA",TRUE,""
"Purulia",2018,2020,"BALARAMPUR","BELA",TRUE,""
"Purulia",2018,2020,"BALARAMPUR","DARDA",TRUE,""
"Purulia",2018,2020,"BALARAMPUR","GENRUA",TRUE,""
"Purulia",2018,2020,"BALARAMPUR","GHATBERA-KEROWA",TRUE,""
"Purulia",2018,2020,"BALARAMPUR","TENTLOW",TRUE,""
"Purulia",2018,2020,"BARABAZAR","BANJORA",TRUE,""
"Purulia",2018,2020,"BARABAZAR","BANSBERA",TRUE,""
"Purulia",2018,2020,"BARABAZAR","BARABAZAR",TRUE,""
"Purulia",2018,2020,"BARABAZAR","BERADA",TRUE,""
"Purulia",2018,2020,"BARABAZAR","BHAGABANDH",TRUE,""
"Purulia",2018,2020,"BARABAZAR","DHELATBAMU",TRUE,""
"Purulia",2018,2020,"BARABAZAR","LATPADA",TRUE,""
"Purulia",2018,2020,"BARABAZAR","SINDRI",TRUE,""
"Purulia",2018,2020,"BARABAZAR","SUKURHUTU",TRUE,""
"Purulia",2018,2020,"BARABAZAR","TUMRASOLE",TRUE,""
"Purulia",2018,2020,"BUNDWAN","BANDWAN",TRUE,""
"Purulia",2018,2020,"BUNDWAN","CHIRUDIH",TRUE,""
"Purulia",2018,2020,"BUNDWAN","DHADKA",TRUE,""
"Purulia",2018,2020,"BUNDWAN","GURUR",TRUE,""
"Purulia",2018,2020,"BUNDWAN","KUCHIA",TRUE,""
"Purulia",2018,2020,"BUNDWAN","KUILAPAL",TRUE,""
"Purulia",2018,2020,"BUNDWAN","KUMRA",TRUE,""
"Purulia",2018,2020,"BUNDWAN","SUPUDIH",TRUE,""
"Purulia",2018,2020,"HURA","CHATUMADAR",TRUE,""
"Purulia",2018,2020,"HURA","DALDALI",TRUE,""
"Purulia",2018,2020,"HURA","HURA",TRUE,""
"Purulia",2018,2020,"HURA","JABARRAH",TRUE,""
"Purulia",2018,2020,"HURA","KALABANI",TRUE,""
"Purulia",2018,2020,"HURA","KESHERGARH",TRUE,""
"Purulia",2018,2020,"HURA","LADHURKA",TRUE,""
"Purulia",2018,2020,"HURA","LAKHANPUR",TRUE,""
"Purulia",2018,2020,"HURA","MAGURIA-LALPUR",TRUE,""
"Purulia",2018,2020,"HURA","RAKHERA-BISPURIA",TRUE,""
"Purulia",2018,2020,"JAIPUR","BARAGRAM",TRUE,""
"Purulia",2018,2020,"JAIPUR","GHAGRA",TRUE,""
"Purulia",2018,2020,"JAIPUR","JOYPUR",TRUE,""
"Purulia",2018,2020,"JAIPUR","MUKUNDAPUR",TRUE,""
"Purulia",2018,2020,"JAIPUR","ROPO",TRUE,""
"Purulia",2018,2020,"JAIPUR","SIDHI-JAMRA",TRUE,""
"Purulia",2018,2020,"JAIPUR","UPANKAHAN",TRUE,""
"Purulia",2018,2020,"JHALDA-I","HENSAHATU",TRUE,""
"Purulia",2018,2020,"JHALDA-I","ICHAG",TRUE,""
"Purulia",2018,2020,"JHALDA-I","ILU-JARGO",TRUE,""
"Purulia",2018,2020,"JHALDA-I","JHALDA-DARDA",TRUE,""
"Purulia",2018,2020,"JHALDA-I","KALMA",TRUE,""
"Purulia",2018,2020,"JHALDA-I","MARUMOSINA",TRUE,""
"Purulia",2018,2020,"JHALDA-I","MATHARI-KHAMAR",TRUE,""
"Purulia",2018,2020,"JHALDA-I","NOYADIH",TRUE,""
"Purulia",2018,2020,"JHALDA-I","PUSTI",TRUE,""
"Purulia",2018,2020,"JHALDA-I","TULIN",TRUE,""
"Purulia",2018,2020,"JHALDA-II","BAMNIYA-BELYADIH",TRUE,""
"Purulia",2018,2020,"JHALDA-II","BEGUNKODAR",TRUE,""
"Purulia",2018,2020,"JHALDA-II","CHEKYA",TRUE,""
"Purulia",2018,2020,"JHALDA-II","CHITMU",TRUE,""
"Purulia",2018,2020,"JHALDA-II","HIRAPURADARDIH",TRUE,""
"Purulia",2018,2020,"JHALDA-II","MAJHIDIH",TRUE,""
"Purulia",2018,2020,"JHALDA-II","NOWAHATU",TRUE,""
"Purulia",2018,2020,"JHALDA-II","RIGID",TRUE,""
"Purulia",2018,2020,"JHALDA-II","TATUARA",TRUE,""
"Purulia",2018,2020,"KASHIPUR","AGARDI-CHITRA",TRUE,""
"Purulia",2018,2020,"KASHIPUR","BARRAH",TRUE,""
"Purulia",2018,2020,"KASHIPUR","BEKO",TRUE,""
"Purulia",2018,2020,"KASHIPUR","GAGNABAD",TRUE,""
"Purulia",2018,2020,"KASHIPUR","GORANDIH",TRUE,""
"Purulia",2018,2020,"KASHIPUR","HADALDA-UPARRAH",TRUE,""
"Purulia",2018,2020,"KASHIPUR","KALIDAHA",TRUE,""
"Purulia",2018,2020,"KASHIPUR","KASHIPUR",TRUE,""
"Purulia",2018,2020,"KASHIPUR","MANIHARA",TRUE,""
"Purulia",2018,2020,"KASHIPUR","RANGAMATI-RANJANDIH",TRUE,""
"Purulia",2018,2020,"KASHIPUR","SIMLA-DHANARA",TRUE,""
"Purulia",2018,2020,"KASHIPUR","SONAIJURI",TRUE,""
"Purulia",2018,2020,"KASHIPUR","SONATHALI",TRUE,""
"Purulia",2018,2020,"MANBAZAR-I","BAMNIMAJHIHIRA",TRUE,""
"Purulia",2018,2020,"MANBAZAR-I","BARAMASYA-RAMNAGAR",TRUE,""
"Purulia",2018,2020,"MANBAZAR-I","BHALUBASA",TRUE,""
"Purulia",2018,2020,"MANBAZAR-I","BISRI",TRUE,""
"Purulia",2018,2020,"MANBAZAR-I","CHANDRA-PAIRACHALI",TRUE,""
"Purulia",2018,2020,"MANBAZAR-I","DHANARAH",TRUE,""
"Purulia",2018,2020,"MANBAZAR-I","GOPALNAGAR",TRUE,""
"Purulia",2018,2020,"MANBAZAR-I","JITUJURI",TRUE,""
"Purulia",2018,2020,"MANBAZAR-I","KAMTAJANGIDIRI",TRUE,""
"Purulia",2018,2020,"MANBAZAR-I","MANBAZAR",TRUE,""
"Purulia",2018,2020,"MANBAZAR-II","ANKROBARAKADAM",TRUE,""
"Purulia",2018,2020,"MANBAZAR-II","BARGORIA-JAMTORIA",TRUE,""
"Purulia",2018,2020,"MANBAZAR-II","BARI-JAGDA",TRUE,""
"Purulia",2018,2020,"MANBAZAR-II","BOROJARAGARA",TRUE,""
"Purulia",2018,2020,"MANBAZAR-II","BURIBANDH",TRUE,""
"Purulia",2018,2020,"MANBAZAR-II","DIGHI",TRUE,""
"Purulia",2018,2020,"MANBAZAR-II","KUMARI",TRUE,""
"Purulia",2018,2020,"NETURIA","BHAMURIA",TRUE,""
"Purulia",2018,2020,"NETURIA","DIGHA",TRUE,""
"Purulia",2018,2020,"NETURIA","GUNIARA",TRUE,""
"Purulia",2018,2020,"NETURIA","JANARDANDIH",TRUE,""
"Purulia",2018,2020,"NETURIA","RAIBANDH",TRUE,""
"Purulia",2018,2020,"NETURIA","SALTORE",TRUE,""
"Purulia",2018,2020,"NETURIA","SARBARI",TRUE,""
"Purulia",2018,2020,"PARA","ANARA",TRUE,""
"Purulia",2018,2020,"PARA","BAHARA",TRUE,""
"Purulia",2018,2020,"PARA","BOWRIDIH",TRUE,""
"Purulia",2018,2020,"PARA","DEOLI",TRUE,""
"Purulia",2018,2020,"PARA","DUBRA",TRUE,""
"Purulia",2018,2020,"PARA","JABARRAH-JHAPRA-I",TRUE,""
"Purulia",2018,2020,"PARA","JABARRAH-JHAPRA-II",TRUE,""
"Purulia",2018,2020,"PARA","NADIHASURULIA",TRUE,""
"Purulia",2018,2020,"PARA","PARA",TRUE,""
"Purulia",2018,2020,"PARA","UDAYPUR-JOYNAGAR",TRUE,""
"Purulia",2018,2020,"PUNCHA","BAGDA",TRUE,""
"Purulia",2018,2020,"PUNCHA","CHANDRA",TRUE,""
"Purulia",2018,2020,"PUNCHA","CHIRUDIHI",TRUE,""
"Purulia",2018,2020,"PUNCHA","JAMBAD",TRUE,""
"Purulia",2018,2020,"PUNCHA","KENDA",TRUE,""
"Purulia",2018,2020,"PUNCHA","LAKHRA",TRUE,""
"Purulia",2018,2020,"PUNCHA","NAPARA",TRUE,""
"Purulia",2018,2020,"PUNCHA","PANIPATHAR",TRUE,""
"Purulia",2018,2020,"PUNCHA","PIRRAH",TRUE,""
"Purulia",2018,2020,"PUNCHA","PUNCHA",TRUE,""
"Purulia",2018,2020,"PURULIA-I","BHANDARPUARA-CHIPIDA",TRUE,""
"Purulia",2018,2020,"PURULIA-I","CHAKALTORE",TRUE,""
"Purulia",2018,2020,"PURULIA-I","DIMDIHA",TRUE,""
"Purulia",2018,2020,"PURULIA-I","DURKU",TRUE,""
"Purulia",2018,2020,"PURULIA-I","GARAFUSRA",TRUE,""
"Purulia",2018,2020,"PURULIA-I","LAGDA",TRUE,""
"Purulia",2018,2020,"PURULIA-I","MANARA",TRUE,""
"Purulia",2018,2020,"PURULIA-I","SONAIJURI",TRUE,""
"Purulia",2018,2020,"PURULIA-II","AGOYA-NARRA",TRUE,""
"Purulia",2018,2020,"PURULIA-II","BELMA",TRUE,""
"Purulia",2018,2020,"PURULIA-II","BHANGRA",TRUE,""
"Purulia",2018,2020,"PURULIA-II","CHHARRADUMDUMI",TRUE,""
"Purulia",2018,2020,"PURULIA-II","GHONGA",TRUE,""
"Purulia",2018,2020,"PURULIA-II","GOLAMARA",TRUE,""
"Purulia",2018,2020,"PURULIA-II","HUTMURA",TRUE,""
"Purulia",2018,2020,"PURULIA-II","PINDRA",TRUE,""
"Purulia",2018,2020,"PURULIA-II","RAGHABPUR",TRUE,""
"Purulia",2018,2020,"RAGHUNATH PUR-I","ARRAH",TRUE,""
"Purulia",2018,2020,"RAGHUNATH PUR-I","BABUGRAM",TRUE,""
"Purulia",2018,2020,"RAGHUNATH PUR-I","BERO",TRUE,""
"Purulia",2018,2020,"RAGHUNATH PUR-I","CHORPAHARI",TRUE,""
"Purulia",2018,2020,"RAGHUNATH PUR-I","KHAJURA",TRUE,""
"Purulia",2018,2020,"RAGHUNATH PUR-I","NUTANDI",TRUE,""
"Purulia",2018,2020,"RAGHUNATH PUR-I","SANKA",TRUE,""
"Purulia",2018,2020,"RAGHUNATHPUR-II","BARRAH",TRUE,""
"Purulia",2018,2020,"RAGHUNATHPUR-II","CHELIAMA",TRUE,""
"Purulia",2018,2020,"RAGHUNATHPUR-II","JORADIH",TRUE,""
"Purulia",2018,2020,"RAGHUNATHPUR-II","MANGALDA-MAUTORE",TRUE,""
"Purulia",2018,2020,"RAGHUNATHPUR-II","NILDIH",TRUE,""
"Purulia",2018,2020,"RAGHUNATHPUR-II","NUTANDIH",TRUE,""
"Purulia",2018,2020,"SANTURI","BALITORA",TRUE,""
"Purulia",2018,2020,"SANTURI","GARSIKA",TRUE,""
"Purulia",2018,2020,"SANTURI","MURADI",TRUE,""
"Purulia",2018,2020,"SANTURI","RAMCHANDRAPUR-KOTALDI",TRUE,""
"Purulia",2018,2020,"SANTURI","SANTURI",TRUE,""
"Purulia",2018,2020,"SANTURI","TARABARI",TRUE,""
"Alipurduar",2018,2020,"ALIPURDUAR-I","BANCHUKAMARI",TRUE,""
"Alipurduar",2018,2020,"ALIPURDUAR-I","CHAKOWAKHETI",TRUE,""
"Alipurduar",2018,2020,"ALIPURDUAR-I","MATHURA",TRUE,""
"Alipurduar",2018,2020,"ALIPURDUAR-I","PARORPAR",TRUE,""
"Alipurduar",2018,2020,"ALIPURDUAR-I","PATLAKHAWA",TRUE,""
"Alipurduar",2018,2020,"ALIPURDUAR-I","PURBA KANTHALBARI",TRUE,""
"Alipurduar",2018,2020,"ALIPURDUAR-I","SALKUMAR-I",TRUE,""
"Alipurduar",2018,2020,"ALIPURDUAR-I","SALKUMAR-II",TRUE,""
"Alipurduar",2018,2020,"ALIPURDUAR-I","TAPSIKHATA",TRUE,""
"Alipurduar",2018,2020,"ALIPURDUAR-I","VIVEKANADA-I",TRUE,""
"Alipurduar",2018,2020,"ALIPURDUAR-I","VIVEKANADA-II",TRUE,""
"Alipurduar",2018,2020,"ALIPURDUAR-II","BHATIBARI",TRUE,""
"Alipurduar",2018,2020,"ALIPURDUAR-II","CHAPORER PAR-I",TRUE,""
"Alipurduar",2018,2020,"ALIPURDUAR-II","CHAPORER PAR-II",TRUE,""
"Alipurduar",2018,2020,"ALIPURDUAR-II","KOHINOOR",TRUE,""
"Alipurduar",2018,2020,"ALIPURDUAR-II","MAHAKALGURI",TRUE,""
"Alipurduar",2018,2020,"ALIPURDUAR-II","MAJHERDABRI",TRUE,""
"Alipurduar",2018,2020,"ALIPURDUAR-II","PAROKATA",TRUE,""
"Alipurduar",2018,2020,"ALIPURDUAR-II","SAMUKTALA",TRUE,""
"Alipurduar",2018,2020,"ALIPURDUAR-II","TATPARA-I",TRUE,""
"Alipurduar",2018,2020,"ALIPURDUAR-II","TATPARA-II",TRUE,""
"Alipurduar",2018,2020,"ALIPURDUAR-II","TURTURI",TRUE,""
"Alipurduar",2018,2020,"FALAKATA","DALGAON",TRUE,""
"Alipurduar",2018,2020,"FALAKATA","DEOGAON",TRUE,""
"Alipurduar",2018,2020,"FALAKATA","DHANIRAMPUR-I",TRUE,""
"Alipurduar",2018,2020,"FALAKATA","DHANIRAMPUR-II",TRUE,""
"Alipurduar",2018,2020,"FALAKATA","FALAKATA-I",TRUE,""
"Alipurduar",2018,2020,"FALAKATA","FALAKATA-II",TRUE,""
"Alipurduar",2018,2020,"FALAKATA","GUABARNAGAR",TRUE,""
"Alipurduar",2018,2020,"FALAKATA","JATESWAR-I",TRUE,""
"Alipurduar",2018,2020,"FALAKATA","JATESWAR-II",TRUE,""
"Alipurduar",2018,2020,"FALAKATA","MAIRADANGA",TRUE,""
"Alipurduar",2018,2020,"FALAKATA","PARANGERPAR",TRUE,""
"Alipurduar",2018,2020,"FALAKATA","SALKUMAR",TRUE,""
"Alipurduar",2018,2020,"KALCHINI","CHUAPARA",TRUE,""
"Alipurduar",2018,2020,"KALCHINI","DALSINGPARA",TRUE,""
"Alipurduar",2018,2020,"KALCHINI","GAROPARA",TRUE,""
"Alipurduar",2018,2020,"KALCHINI","JAIGAON-I",TRUE,""
"Alipurduar",2018,2020,"KALCHINI","JAIGAON-II",TRUE,""
"Alipurduar",2018,2020,"KALCHINI","KALCHINI",TRUE,""
"Alipurduar",2018,2020,"KALCHINI","LATABARI",TRUE,""
"Alipurduar",2018,2020,"KALCHINI","MALANGI",TRUE,""
"Alipurduar",2018,2020,"KALCHINI","MENDABARI",TRUE,""
"Alipurduar",2018,2020,"KALCHINI","RAJABHATKHAOA",TRUE,""
"Alipurduar",2018,2020,"KALCHINI","SATALI",TRUE,""
"Alipurduar",2018,2020,"KUMARGRAM","CHENGMARI",TRUE,""
"Alipurduar",2018,2020,"KUMARGRAM","KAMAKHYAGURI-I",TRUE,""
"Alipurduar",2018,2020,"KUMARGRAM","KAMAKHYAGURI-II",TRUE,""
"Alipurduar",2018,2020,"KUMARGRAM","KHOARDANGA-I",TRUE,""
"Alipurduar",2018,2020,"KUMARGRAM","KHOARDANGA-II",TRUE,""
"Alipurduar",2018,2020,"KUMARGRAM","KUMARGRAM",TRUE,""
"Alipurduar",2018,2020,"KUMARGRAM","NEWLAND KUMARGRAM SANKOS",TRUE,""
"Alipurduar",2018,2020,"KUMARGRAM","RAIDAK",TRUE,""
"Alipurduar",2018,2020,"KUMARGRAM","TURTURIKHANDA",TRUE,""
"Alipurduar",2018,2020,"KUMARGRAM","VALKA BARABISA-I",TRUE,""
"Alipurduar",2018,2020,"KUMARGRAM","VALKA BARABISA-II",TRUE,""
"Alipurduar",2018,2020,"MADARIHAT","BANDAPANI",TRUE,""
"Alipurduar",2018,2020,"MADARIHAT","BIRPARA-I",TRUE,""
"Alipurduar",2018,2020,"MADARIHAT","BIRPARA-II",TRUE,""
"Alipurduar",2018,2020,"MADARIHAT","HANTAPARA",TRUE,""
"Alipurduar",2018,2020,"MADARIHAT","KHAYERBARI",TRUE,""
"Alipurduar",2018,2020,"MADARIHAT","LANKAPARA",TRUE,""
"Alipurduar",2018,2020,"MADARIHAT","MADARIHAT",TRUE,""
"Alipurduar",2018,2020,"MADARIHAT","RANGALIBAJNA",TRUE,""
"Alipurduar",2018,2020,"MADARIHAT","SISHUJHUMRA",TRUE,""
"Alipurduar",2018,2020,"MADARIHAT","TOTOPARA BALLALGURI",TRUE,""
"Nadia",2018,2020,"CHAKDAH","CHANDURIA-I",TRUE,""
"Nadia",2018,2020,"CHAKDAH","DEWLI",TRUE,""
"Nadia",2018,2020,"CHAKDAH","DUBRA",TRUE,""
"Nadia",2018,2020,"CHAKDAH","GHETUGACHHI",TRUE,""
"Nadia",2018,2020,"CHAKDAH","HINGNARA",TRUE,""
"Nadia",2018,2020,"CHAKDAH","RAUTARI",TRUE,""
"Nadia",2018,2020,"CHAKDAH","SILINDA-I",TRUE,""
"Nadia",2018,2020,"CHAKDAH","SILINDA-II",TRUE,""
"Nadia",2018,2020,"CHAKDAH","TATLA-I",TRUE,""
"Nadia",2018,2020,"CHAKDAH","TATLA-II",TRUE,""
"Nadia",2018,2020,"CHAPRA","ALFA",TRUE,""
"Nadia",2018,2020,"CHAPRA","BAGBERIA",TRUE,""
"Nadia",2018,2020,"CHAPRA","BRITTIHUDA",TRUE,""
"Nadia",2018,2020,"CHAPRA","CHAPRA-I",TRUE,""
"Nadia",2018,2020,"CHAPRA","CHAPRA-II",TRUE,""
"Nadia",2018,2020,"CHAPRA","HATISALA-I",TRUE,""
"Nadia",2018,2020,"CHAPRA","HATISALA-II",TRUE,""
"Nadia",2018,2020,"CHAPRA","HATKHOLA",TRUE,""
"Nadia",2018,2020,"CHAPRA","HRIDAYPUR",TRUE,""
"Nadia",2018,2020,"CHAPRA","KALINGA",TRUE,""
"Nadia",2018,2020,"CHAPRA","MAHATPUR",TRUE,""
"Nadia",2018,2020,"CHAPRA","MAHESHPUR",TRUE,""
"Nadia",2018,2020,"CHAPRA","PIPRAGACHHI",TRUE,""
"Nadia",2018,2020,"HANSKHALI","BAGULA-I",TRUE,""
"Nadia",2018,2020,"HANSKHALI","BAGULA-II",TRUE,""
"Nadia",2018,2020,"HANSKHALI","BATKULLA-I",TRUE,""
"Nadia",2018,2020,"HANSKHALI","BATKULLA-II",TRUE,""
"Nadia",2018,2020,"HANSKHALI","BETNA GOBINDAPUR",TRUE,""
"Nadia",2018,2020,"HANSKHALI","DAKSHINPARA-I",TRUE,""
"Nadia",2018,2020,"HANSKHALI","DAKSHINPARA-II",TRUE,""
"Nadia",2018,2020,"HANSKHALI","GAJNA",TRUE,""
"Nadia",2018,2020,"HANSKHALI","MAMJOAN",TRUE,""
"Nadia",2018,2020,"HANSKHALI","MAYURHAT-I",TRUE,""
"Nadia",2018,2020,"HANSKHALI","MAYURHAT-II",TRUE,""
"Nadia",2018,2020,"HANSKHALI","RAMNAGAR BARACHUPRIA-I",TRUE,""
"Nadia",2018,2020,"HANSKHALI","RAMNAGAR BARACHUPRIA-II",TRUE,""
"Nadia",2018,2020,"HARINGHATA","BEROHI-I",TRUE,""
"Nadia",2018,2020,"HARINGHATA","BEROHI-II",TRUE,""
"Nadia",2018,2020,"HARINGHATA","FATEPUR",TRUE,""
"Nadia",2018,2020,"HARINGHATA","KASTODANGA-I",TRUE,""
"Nadia",2018,2020,"HARINGHATA","KASTODANGA-II",TRUE,""
"Nadia",2018,2020,"HARINGHATA","MOLLABELIA",TRUE,""
"Nadia",2018,2020,"HARINGHATA","NAGARUKHRA-I",TRUE,""
"Nadia",2018,2020,"HARINGHATA","NAGARUKHRA-II",TRUE,""
"Nadia",2018,2020,"KALIGANJ","BARACHANDGHAR",TRUE,""
"Nadia",2018,2020,"KALIGANJ","DEBAGRAM",TRUE,""
"Nadia",2018,2020,"KALIGANJ","FARIDPUR",TRUE,""
"Nadia",2018,2020,"KALIGANJ","GOBRA",TRUE,""
"Nadia",2018,2020,"KALIGANJ","HATGACHHA",TRUE,""
"Nadia",2018,2020,"KALIGANJ","JURANPUR",TRUE,""
"Nadia",2018,2020,"KALIGANJ","KALIGANJ",TRUE,""
"Nadia",2018,2020,"KALIGANJ","MATIARI",TRUE,""
"Nadia",2018,2020,"KALIGANJ","MIRA-I",TRUE,""
"Nadia",2018,2020,"KALIGANJ","MIRA-II",TRUE,""
"Nadia",2018,2020,"KALIGANJ","PALITBEGIA",TRUE,""
"Nadia",2018,2020,"KALIGANJ","PANIGHATA",TRUE,""
"Nadia",2018,2020,"KALIGANJ","PLASSEY-I",TRUE,""
"Nadia",2018,2020,"KALIGANJ","PLASSEY-II",TRUE,""
"Nadia",2018,2020,"KALIGANJ","RAJARMPUR GHORAIKHETRA",TRUE,""
"Nadia",2018,2020,"KALYANI","CHANDURIA-II",TRUE,""
"Nadia",2018,2020,"KALYANI","KANCHARAPARA",TRUE,""
"Nadia",2018,2020,"KALYANI","MADANPUR-I",TRUE,""
"Nadia",2018,2020,"KALYANI","MADANPUR-II",TRUE,""
"Nadia",2018,2020,"KALYANI","SAGUNA",TRUE,""
"Nadia",2018,2020,"KALYANI","SARATI",TRUE,""
"Nadia",2018,2020,"KALYANI","SIMURALI",TRUE,""
"Nadia",2018,2020,"KARIMPUR-1","HAREKRISHNAPUR",TRUE,""
"Nadia",2018,2020,"KARIMPUR-1","HOGOLBARIA",TRUE,""
"Nadia",2018,2020,"KARIMPUR-1","JAMASHERPUR",TRUE,""
"Nadia",2018,2020,"KARIMPUR-1","KARIMPUR-I",TRUE,""
"Nadia",2018,2020,"KARIMPUR-1","KARIMPUR-II",TRUE,""
"Nadia",2018,2020,"KARIMPUR-1","MADHUGARI",TRUE,""
"Nadia",2018,2020,"KARIMPUR-1","PIPULBARIA",TRUE,""
"Nadia",2018,2020,"KARIMPUR-1","SHIKARPUR",TRUE,""
"Nadia",2018,2020,"KARIMPUR-II","DHORADAHA-I",TRUE,""
"Nadia",2018,2020,"KARIMPUR-II","DHORADAHA-II",TRUE,""
"Nadia",2018,2020,"KARIMPUR-II","DIGHAL KANDI",TRUE,""
"Nadia",2018,2020,"KARIMPUR-II","MURUTIA",TRUE,""
"Nadia",2018,2020,"KARIMPUR-II","NANDANPUR",TRUE,""
"Nadia",2018,2020,"KARIMPUR-II","NARAYANPUR-I",TRUE,""
"Nadia",2018,2020,"KARIMPUR-II","NARAYANPUR-II",TRUE,""
"Nadia",2018,2020,"KARIMPUR-II","NATIDANGA-I",TRUE,""
"Nadia",2018,2020,"KARIMPUR-II","NATIDANGA-II",TRUE,""
"Nadia",2018,2020,"KARIMPUR-II","RAHAMATPUR",TRUE,""
"Nadia",2018,2020,"KRISHNAGANJ","BHAJANGHAT TUNGI",TRUE,""
"Nadia",2018,2020,"KRISHNAGANJ","GOBINDAPUR",TRUE,""
"Nadia",2018,2020,"KRISHNAGANJ","JOYGHATA",TRUE,""
"Nadia",2018,2020,"KRISHNAGANJ","KRISHNAGANJ",TRUE,""
"Nadia",2018,2020,"KRISHNAGANJ","MAITIARY BANPUR",TRUE,""
"Nadia",2018,2020,"KRISHNAGANJ","SHIBNIBAS",TRUE,""
"Nadia",2018,2020,"KRISHNAGANJ","TALDAH MAJDIA",TRUE,""
"Nadia",2018,2020,"KRISHNAGAR-I","ASSANNAGAR",TRUE,""
"Nadia",2018,2020,"KRISHNAGAR-I","BHALUKA",TRUE,""
"Nadia",2018,2020,"KRISHNAGAR-I","BHANDARKHOLA",TRUE,""
"Nadia",2018,2020,"KRISHNAGAR-I","BHATJUNGLA",TRUE,""
"Nadia",2018,2020,"KRISHNAGAR-I","BHIMPUR",TRUE,""
"Nadia",2018,2020,"KRISHNAGAR-I","CHAKDIGNAGAR",TRUE,""
"Nadia",2018,2020,"KRISHNAGAR-I","DEYPARA",TRUE,""
"Nadia",2018,2020,"KRISHNAGAR-I","DIGNAGAR",TRUE,""
"Nadia",2018,2020,"KRISHNAGAR-I","DOGACHI",TRUE,""
"Nadia",2018,2020,"KRISHNAGAR-I","JOANIA",TRUE,""
"Nadia",2018,2020,"KRISHNAGAR-I","PORAGACHHA",TRUE,""
"Nadia",2018,2020,"KRISHNAGAR-I","RUIPUKUR.",TRUE,""
"Nadia",2018,2020,"KRISHNAGAR-II","BELPUKUR",TRUE,""
"Nadia",2018,2020,"KRISHNAGAR-II","DHUBULIA-I",TRUE,""
"Nadia",2018,2020,"KRISHNAGAR-II","DHUBULIA-II",TRUE,""
"Nadia",2018,2020,"KRISHNAGAR-II","NOAPARA-I",TRUE,""
"Nadia",2018,2020,"KRISHNAGAR-II","NOAPARA-II",TRUE,""
"Nadia",2018,2020,"KRISHNAGAR-II","SADHANPARA-I",TRUE,""
"Nadia",2018,2020,"KRISHNAGAR-II","SADHANPARA-II",TRUE,""
"Nadia",2018,2020,"NABADWIP","BABLARI",TRUE,""
"Nadia",2018,2020,"NABADWIP","CHARMAJDIA CHARBRAHMANAGAR",TRUE,""
"Nadia",2018,2020,"NABADWIP","FAKIRDANGA GHOLPARA",TRUE,""
"Nadia",2018,2020,"NABADWIP","MAHISURA",TRUE,""
"Nadia",2018,2020,"NABADWIP","MAJDIA PANSILA",TRUE,""
"Nadia",2018,2020,"NABADWIP","MAYAPUR BAMANPUKUR-I",TRUE,""
"Nadia",2018,2020,"NABADWIP","MAYAPUR BAMANPUKUR-II",TRUE,""
"Nadia",2018,2020,"NABADWIP","SWARUPGANJ",TRUE,""
"Nadia",2018,2020,"NAKASHIPARA","BETHUADAHARI-I",TRUE,""
"Nadia",2018,2020,"NAKASHIPARA","BETHUADAHARI-II",TRUE,""
"Nadia",2018,2020,"NAKASHIPARA","BIKRAMPUR",TRUE,""
"Nadia",2018,2020,"NAKASHIPARA","BILKUMARI",TRUE,""
"Nadia",2018,2020,"NAKASHIPARA","BILLWAGRAM",TRUE,""
"Nadia",2018,2020,"NAKASHIPARA","BIRPUR-I",TRUE,""
"Nadia",2018,2020,"NAKASHIPARA","BIRPUR-II",TRUE,""
"Nadia",2018,2020,"NAKASHIPARA","DHANANJAYPUR",TRUE,""
"Nadia",2018,2020,"NAKASHIPARA","DHARMADA",TRUE,""
"Nadia",2018,2020,"NAKASHIPARA","DOGACHHIA",TRUE,""
"Nadia",2018,2020,"NAKASHIPARA","HARANAGAR",TRUE,""
"Nadia",2018,2020,"NAKASHIPARA","MAJHERGRAM",TRUE,""
"Nadia",2018,2020,"NAKASHIPARA","MURAGACHHA",TRUE,""
"Nadia",2018,2020,"NAKASHIPARA","NAKASIPARA",TRUE,""
"Nadia",2018,2020,"NAKASHIPARA","PATIKABARI",TRUE,""
"Nadia",2018,2020,"RANAGHAT-I","ANULIA",TRUE,""
"Nadia",2018,2020,"RANAGHAT-I","BARASAT",TRUE,""
"Nadia",2018,2020,"RANAGHAT-I","HABIBPUR",TRUE,""
"Nadia",2018,2020,"RANAGHAT-I","KALINARAYANPUR PAHARPUR",TRUE,""
"Nadia",2018,2020,"RANAGHAT-I","KHISMA",TRUE,""
"Nadia",2018,2020,"RANAGHAT-I","NAWPARA MASUNDA",TRUE,""
"Nadia",2018,2020,"RANAGHAT-I","PAYRADANGA",TRUE,""
"Nadia",2018,2020,"RANAGHAT-I","RAMANAGAR-I",TRUE,""
"Nadia",2018,2020,"RANAGHAT-I","RAMNAGAR-II",TRUE,""
"Nadia",2018,2020,"RANAGHAT-I","TARAPUR",TRUE,""
"Nadia",2018,2020,"RANAGHAT-II","ANISHMALI",TRUE,""
"Nadia",2018,2020,"RANAGHAT-II","ARANGHATA",TRUE,""
"Nadia",2018,2020,"RANAGHAT-II","BAHIRGACHI",TRUE,""
"Nadia",2018,2020,"RANAGHAT-II","BAIDYAPUR-I",TRUE,""
"Nadia",2018,2020,"RANAGHAT-II","BAIDYAPUR-II",TRUE,""
"Nadia",2018,2020,"RANAGHAT-II","DEBAGRAM",TRUE,""
"Nadia",2018,2020,"RANAGHAT-II","DUTTAFULIA",TRUE,""
"Nadia",2018,2020,"RANAGHAT-II","JUGALKISHORE",TRUE,""
"Nadia",2018,2020,"RANAGHAT-II","KAMALPUR",TRUE,""
"Nadia",2018,2020,"RANAGHAT-II","MAJHERGRAM",TRUE,""
"Nadia",2018,2020,"RANAGHAT-II","NOKARI",TRUE,""
"Nadia",2018,2020,"RANAGHAT-II","RAGHUNATHPUR HIJULI-I",TRUE,""
"Nadia",2018,2020,"RANAGHAT-II","RAGHUNATHPUR HIJULI-II",TRUE,""
"Nadia",2018,2020,"RANAGHAT-II","SHYAMNAGAR",TRUE,""
"Nadia",2018,2020,"SANTIPUR","ARBANDI-I",TRUE,""
"Nadia",2018,2020,"SANTIPUR","ARBANDI-II",TRUE,""
"Nadia",2018,2020,"SANTIPUR","BABLA",TRUE,""
"Nadia",2018,2020,"SANTIPUR","BAGANCHRA",TRUE,""
"Nadia",2018,2020,"SANTIPUR","BELGORIA-I",TRUE,""
"Nadia",2018,2020,"SANTIPUR","BELGORIA-II",TRUE,""
"Nadia",2018,2020,"SANTIPUR","FULIA TOWNSHIP",TRUE,""
"Nadia",2018,2020,"SANTIPUR","GAYESHPUR",TRUE,""
"Nadia",2018,2020,"SANTIPUR","HARIPUR",TRUE,""
"Nadia",2018,2020,"SANTIPUR","NABLA",TRUE,""
"Nadia",2018,2020,"TEHATTA-I","BATAI-I",TRUE,""
"Nadia",2018,2020,"TEHATTA-I","BETAI-II",TRUE,""
"Nadia",2018,2020,"TEHATTA-I","CHANDERGHAT",TRUE,""
"Nadia",2018,2020,"TEHATTA-I","CHHITKA",TRUE,""
"Nadia",2018,2020,"TEHATTA-I","KANAINAGAR",TRUE,""
"Nadia",2018,2020,"TEHATTA-I","NATNA",TRUE,""
"Nadia",2018,2020,"TEHATTA-I","PATHARGHATA-I",TRUE,""
"Nadia",2018,2020,"TEHATTA-I","PATHATGHATA-II",TRUE,""
"Nadia",2018,2020,"TEHATTA-I","RAGHUNATHPUR",TRUE,""
"Nadia",2018,2020,"TEHATTA-I","SHYAMNAGAR",TRUE,""
"Nadia",2018,2020,"TEHATTA-I","TEHATTA",TRUE,""
"Nadia",2018,2020,"TEHATTA-II","BARNIA",TRUE,""
"Nadia",2018,2020,"TEHATTA-II","GOPINATHPUR",TRUE,""
"Nadia",2018,2020,"TEHATTA-II","HANSPUKURIA",TRUE,""
"Nadia",2018,2020,"TEHATTA-II","PALASIPARA",TRUE,""
"Nadia",2018,2020,"TEHATTA-II","PALSUNDA-I",TRUE,""
"Nadia",2018,2020,"TEHATTA-II","PALSUNDA-II",TRUE,""
"Nadia",2018,2020,"TEHATTA-II","SAHEBNAGAR",TRUE,""
"South 24 Parganas",2018,2021,"BARUIPUR","BEGUMPUR",TRUE,""
"South 24 Parganas",2018,2021,"BARUIPUR","BELEGACHHIA",TRUE,""
"South 24 Parganas",2018,2021,"BARUIPUR","BRINDAKHALI",TRUE,""
"South 24 Parganas",2018,2021,"BARUIPUR","CHAMPAHATI",TRUE,""
"South 24 Parganas",2018,2021,"BARUIPUR","DHAPDHAPI-I",TRUE,""
"South 24 Parganas",2018,2021,"BARUIPUR","DHAPDHAPI-II",TRUE,""
"South 24 Parganas",2018,2021,"BARUIPUR","HARDHAH",TRUE,""
"South 24 Parganas",2018,2021,"BARUIPUR","HARIHARPUR",TRUE,""
"South 24 Parganas",2018,2021,"BARUIPUR","KALYANPUR",TRUE,""
"South 24 Parganas",2018,2021,"BARUIPUR","MADARAT",TRUE,""
"South 24 Parganas",2018,2021,"BARUIPUR","MALLIKPUR",TRUE,""
"South 24 Parganas",2018,2021,"BARUIPUR","NABAGRAM",TRUE,""
"South 24 Parganas",2018,2021,"BARUIPUR","RAMNAGAR-I",TRUE,""
"South 24 Parganas",2018,2021,"BARUIPUR","RAMNAGAR-II",TRUE,""
"South 24 Parganas",2018,2021,"BARUIPUR","SHANKARPUR-I",TRUE,""
"South 24 Parganas",2018,2021,"BARUIPUR","SHANKARPUR-II",TRUE,""
"South 24 Parganas",2018,2021,"BARUIPUR","SHIKHARBALI-I",TRUE,""
"South 24 Parganas",2018,2021,"BARUIPUR","SHIKHARBALI-II",TRUE,""
"South 24 Parganas",2018,2021,"BARUIPUR","SOUTH GARIA",TRUE,""
"South 24 Parganas",2018,2021,"BASANTI","AMJHARA",TRUE,""
"South 24 Parganas",2018,2021,"BASANTI","BASANTI",TRUE,""
"South 24 Parganas",2018,2021,"BASANTI","BHARATGARH",TRUE,""
"South 24 Parganas",2018,2021,"BASANTI","CHARABIDYA",TRUE,""
"South 24 Parganas",2018,2021,"BASANTI","CHUNAKHALI",TRUE,""
"South 24 Parganas",2018,2021,"BASANTI","FOOLMALANCHA",TRUE,""
"South 24 Parganas",2018,2021,"BASANTI","JHARKHALI",TRUE,""
"South 24 Parganas",2018,2021,"BASANTI","JYOTISHPUR",TRUE,""
"South 24 Parganas",2018,2021,"BASANTI","KANTHALBERIA",TRUE,""
"South 24 Parganas",2018,2021,"BASANTI","MASZIDBATI",TRUE,""
"South 24 Parganas",2018,2021,"BASANTI","NAFARGANJ",TRUE,""
"South 24 Parganas",2018,2021,"BASANTI","RAMCHANDRAKHALI",TRUE,""
"South 24 Parganas",2018,2021,"BASANTI","UTTAR MOKAMBERIA",TRUE,""
"South 24 Parganas",2018,2021,"BHANGAR-I","BODRA",TRUE,""
"South 24 Parganas",2018,2021,"BHANGAR-I","CHANDANESWAR-I",TRUE,""
"South 24 Parganas",2018,2021,"BHANGAR-I","CHANDANESWAR-II",TRUE,""
"South 24 Parganas",2018,2021,"BHANGAR-I","DURGAPUR",TRUE,""
"South 24 Parganas",2018,2021,"BHANGAR-I","JAGULGACHHI",TRUE,""
"South 24 Parganas",2018,2021,"BHANGAR-I","NARAYANPUR",TRUE,""
"South 24 Parganas",2018,2021,"BHANGAR-I","PRANGANJ",TRUE,""
"South 24 Parganas",2018,2021,"BHANGAR-I","SHANKSAHAR",TRUE,""
"South 24 Parganas",2018,2021,"BHANGAR-I","TARDA",TRUE,""
"South 24 Parganas",2018,2021,"BHANGAR-II","BAMANGHATA",TRUE,""
"South 24 Parganas",2018,2021,"BHANGAR-II","BENTTATA-I",TRUE,""
"South 24 Parganas",2018,2021,"BHANGAR-II","BENTTATA-II",TRUE,""
"South 24 Parganas",2018,2021,"BHANGAR-II","BHAGAWANPUR",TRUE,""
"South 24 Parganas",2018,2021,"BHANGAR-II","BHOGALI-I",TRUE,""
"South 24 Parganas",2018,2021,"BHANGAR-II","BHOGALI-II",TRUE,""
"South 24 Parganas",2018,2021,"BHANGAR-II","CHALTABERIA",TRUE,""
"South 24 Parganas",2018,2021,"BHANGAR-II","CHANPUKUR",TRUE,""
"South 24 Parganas",2018,2021,"BHANGAR-II","POLERHAT-I",TRUE,""
"South 24 Parganas",2018,2021,"BHANGAR-II","POLERHAT-II",TRUE,""
"South 24 Parganas",2018,2021,"BISHNUPUR-I","AMGACHHIA",TRUE,""
"South 24 Parganas",2018,2021,"BISHNUPUR-I","ANDHAR MANIK",TRUE,""
"South 24 Parganas",2018,2021,"BISHNUPUR-I","BHANDARIA KASTEKUMARI",TRUE,""
"South 24 Parganas",2018,2021,"BISHNUPUR-I","DAKSHIN GAURIPUR CHAKDHIR",TRUE,""
"South 24 Parganas",2018,2021,"BISHNUPUR-I","JULPIA",TRUE,""
"South 24 Parganas",2018,2021,"BISHNUPUR-I","KEORADANGA",TRUE,""
"South 24 Parganas",2018,2021,"BISHNUPUR-I","KULERDARI",TRUE,""
"South 24 Parganas",2018,2021,"BISHNUPUR-I","PANAKUA",TRUE,""
"South 24 Parganas",2018,2021,"BISHNUPUR-I","PASCHIM BISHNUPUR",TRUE,""
"South 24 Parganas",2018,2021,"BISHNUPUR-I","PURBA BISHNUPUR",TRUE,""
"South 24 Parganas",2018,2021,"BISHNUPUR-I","RAKHALI",TRUE,""
"South 24 Parganas",2018,2021,"BISHNUPUR-II","BAKHRAHAT",TRUE,""
"South 24 Parganas",2018,2021,"BISHNUPUR-II","CHAK ENAYETNAGAR",TRUE,""
"South 24 Parganas",2018,2021,"BISHNUPUR-II","CHANDI",TRUE,""
"South 24 Parganas",2018,2021,"BISHNUPUR-II","GOBINDAPUR KALICHARANPUR",TRUE,""
"South 24 Parganas",2018,2021,"BISHNUPUR-II","KANGANBERIA",TRUE,""
"South 24 Parganas",2018,2021,"BISHNUPUR-II","KHAGRAMURI",TRUE,""
"South 24 Parganas",2018,2021,"BISHNUPUR-II","MAUKHALI",TRUE,""
"South 24 Parganas",2018,2021,"BISHNUPUR-II","NAHAJARI",TRUE,""
"South 24 Parganas",2018,2021,"BISHNUPUR-II","PANCHANAN",TRUE,""
"South 24 Parganas",2018,2021,"BISHNUPUR-II","PATHARBERIA JAYCHANDIPUR",TRUE,""
"South 24 Parganas",2018,2021,"BISHNUPUR-II","RAMKRISHNAPUR BORHANPUR",TRUE,""
"South 24 Parganas",2018,2021,"BUDGE BUDGE-I","BUTA",TRUE,""
"South 24 Parganas",2018,2021,"BUDGE BUDGE-I","CHINGRIPOTA",TRUE,""
"South 24 Parganas",2018,2021,"BUDGE BUDGE-I","MAYAPUR",TRUE,""
"South 24 Parganas",2018,2021,"BUDGE BUDGE-I","NISCHINTAPUR",TRUE,""
"South 24 Parganas",2018,2021,"BUDGE BUDGE-I","RAJIBPUR",TRUE,""
"South 24 Parganas",2018,2021,"BUDGE BUDGE-I","UTTAR RAIPUR",TRUE,""
"South 24 Parganas",2018,2021,"BUDGE BUDGE-II","BURUL",TRUE,""
"South 24 Parganas",2018,2021,"BUDGE BUDGE-II","CHAKMANIK",TRUE,""
"South 24 Parganas",2018,2021,"BUDGE BUDGE-II","DONGARIA RAIPUR",TRUE,""
"South 24 Parganas",2018,2021,"BUDGE BUDGE-II","GAJA POYALI",TRUE,""
"South 24 Parganas",2018,2021,"BUDGE BUDGE-II","KAMRABAD",TRUE,""
"South 24 Parganas",2018,2021,"BUDGE BUDGE-II","KASIPUR ALAMPUR",TRUE,""
"South 24 Parganas",2018,2021,"BUDGE BUDGE-II","NASKARPUR",TRUE,""
"South 24 Parganas",2018,2021,"BUDGE BUDGE-II","NORTH BAOYALI",TRUE,""
"South 24 Parganas",2018,2021,"BUDGE BUDGE-II","RANIA",TRUE,""
"South 24 Parganas",2018,2021,"BUDGE BUDGE-II","SATGACHHIA",TRUE,""
"South 24 Parganas",2018,2021,"BUDGE BUDGE-II","SOUTH BAOYALI",TRUE,""
"South 24 Parganas",2018,2021,"CANNING-I","BANSRA",TRUE,""
"South 24 Parganas",2018,2021,"CANNING-I","DARIA",TRUE,""
"South 24 Parganas",2018,2021,"CANNING-I","DIGHIRPAR",TRUE,""
"South 24 Parganas",2018,2021,"CANNING-I","GOPALPUR",TRUE,""
"South 24 Parganas",2018,2021,"CANNING-I","HATPUKURIA",TRUE,""
"South 24 Parganas",2018,2021,"CANNING-I","ITKHOLA",TRUE,""
"South 24 Parganas",2018,2021,"CANNING-I","MATLA-I",TRUE,""
"South 24 Parganas",2018,2021,"CANNING-I","MATLA-II",TRUE,""
"South 24 Parganas",2018,2021,"CANNING-I","NIKARIGHATA",TRUE,""
"South 24 Parganas",2018,2021,"CANNING-I","TALDI",TRUE,""
"South 24 Parganas",2018,2021,"CANNING-II","ATHAROBANDI",TRUE,""
"South 24 Parganas",2018,2021,"CANNING-II","DEULI-I",TRUE,""
"South 24 Parganas",2018,2021,"CANNING-II","DEULI-II",TRUE,""
"South 24 Parganas",2018,2021,"CANNING-II","KALIKATALA",TRUE,""
"South 24 Parganas",2018,2021,"CANNING-II","MATHERDIGHI",TRUE,""
"South 24 Parganas",2018,2021,"CANNING-II","NARAYANPUR",TRUE,""
"South 24 Parganas",2018,2021,"CANNING-II","SARENGABAD",TRUE,""
"South 24 Parganas",2018,2021,"CANNING-II","TAMBULDAHA-I",TRUE,""
"South 24 Parganas",2018,2021,"CANNING-II","TAMBULDAHA-II",TRUE,""
"South 24 Parganas",2018,2021,"DIAMOND HARBOUR-I","BASULDANGA",TRUE,""
"South 24 Parganas",2018,2021,"DIAMOND HARBOUR-I","BOLSIDDHI KALINAGAR",TRUE,""
"South 24 Parganas",2018,2021,"DIAMOND HARBOUR-I","DERAK",TRUE,""
"South 24 Parganas",2018,2021,"DIAMOND HARBOUR-I","HARINDANGA",TRUE,""
"South 24 Parganas",2018,2021,"DIAMOND HARBOUR-I","KANPUR DHANABERIA",TRUE,""
"South 24 Parganas",2018,2021,"DIAMOND HARBOUR-I","MASHAT",TRUE,""
"South 24 Parganas",2018,2021,"DIAMOND HARBOUR-I","NETRA",TRUE,""
"South 24 Parganas",2018,2021,"DIAMOND HARBOUR-I","PARULIA",TRUE,""
"South 24 Parganas",2018,2021,"DIAMOND HARBOUR-II","BHADURA HARIDAS",TRUE,""
"South 24 Parganas",2018,2021,"DIAMOND HARBOUR-II","KALATALAHAT",TRUE,""
"South 24 Parganas",2018,2021,"DIAMOND HARBOUR-II","KAMARPOL",TRUE,""
"South 24 Parganas",2018,2021,"DIAMOND HARBOUR-II","KHORDO",TRUE,""
"South 24 Parganas",2018,2021,"DIAMOND HARBOUR-II","MATHUR",TRUE,""
"South 24 Parganas",2018,2021,"DIAMOND HARBOUR-II","NURPUR",TRUE,""
"South 24 Parganas",2018,2021,"DIAMOND HARBOUR-II","PATRA",TRUE,""
"South 24 Parganas",2018,2021,"DIAMOND HARBOUR-II","SARISA",TRUE,""
"South 24 Parganas",2018,2021,"FALTA","BANGANAGAR-I",TRUE,""
"South 24 Parganas",2018,2021,"FALTA","BANGANAGAR-II",TRUE,""
"South 24 Parganas",2018,2021,"FALTA","BELSINGHA-I",TRUE,""
"South 24 Parganas",2018,2021,"FALTA","BELSINGHA-II",TRUE,""
"South 24 Parganas",2018,2021,"FALTA","CHALUARI",TRUE,""
"South 24 Parganas",2018,2021,"FALTA","DEBIPUR",TRUE,""
"South 24 Parganas",2018,2021,"FALTA","FALTA",TRUE,""
"South 24 Parganas",2018,2021,"FALTA","FATEPUR",TRUE,""
"South 24 Parganas",2018,2021,"FALTA","GOPALPUR",TRUE,""
"South 24 Parganas",2018,2021,"FALTA","HARINDANGA-I",TRUE,""
"South 24 Parganas",2018,2021,"FALTA","HARINDANGA-II",TRUE,""
"South 24 Parganas",2018,2021,"FALTA","MALLIKPUR",TRUE,""
"South 24 Parganas",2018,2021,"FALTA","NOYAPUKURIA",TRUE,""
"South 24 Parganas",2018,2021,"GOSABA","AMTALI",TRUE,""
"South 24 Parganas",2018,2021,"GOSABA","BALI-I",TRUE,""
"South 24 Parganas",2018,2021,"GOSABA","BALI-II",TRUE,""
"South 24 Parganas",2018,2021,"GOSABA","BIPRADASPUR",TRUE,""
"South 24 Parganas",2018,2021,"GOSABA","CHHOTA MOLLAKHALI",TRUE,""
"South 24 Parganas",2018,2021,"GOSABA","GOSABA",TRUE,""
"South 24 Parganas",2018,2021,"GOSABA","KACHUKHALI",TRUE,""
"South 24 Parganas",2018,2021,"GOSABA","KUMIRMARI",TRUE,""
"South 24 Parganas",2018,2021,"GOSABA","LAHIRIPUR",TRUE,""
"South 24 Parganas",2018,2021,"GOSABA","PATHANKHALI",TRUE,""
"South 24 Parganas",2018,2021,"GOSABA","RADHANAGAR-TARANAGAR",TRUE,""
"South 24 Parganas",2018,2021,"GOSABA","RANGABELIA",TRUE,""
"South 24 Parganas",2018,2021,"GOSABA","SATJELIA",TRUE,""
"South 24 Parganas",2018,2021,"GOSABA","SHAMBHUNAGAR",TRUE,""
"South 24 Parganas",2018,2021,"JAYNAGAR-I","BAHARU KSHETRA",TRUE,""
"South 24 Parganas",2018,2021,"JAYNAGAR-I","BAMANGACHHI",TRUE,""
"South 24 Parganas",2018,2021,"JAYNAGAR-I","CHALTABERIA",TRUE,""
"South 24 Parganas",2018,2021,"JAYNAGAR-I","DAKSHIN BARASAT",TRUE,""
"South 24 Parganas",2018,2021,"JAYNAGAR-I","DHOSA CHANDANESWAR",TRUE,""
"South 24 Parganas",2018,2021,"JAYNAGAR-I","HARINARAYANPUR",TRUE,""
"South 24 Parganas",2018,2021,"JAYNAGAR-I","JANGALIA",TRUE,""
"South 24 Parganas",2018,2021,"JAYNAGAR-I","KHAKURDAHA",TRUE,""
"South 24 Parganas",2018,2021,"JAYNAGAR-I","NARAYANITALA",TRUE,""
"South 24 Parganas",2018,2021,"JAYNAGAR-I","RAJAPUR KORABEG",TRUE,""
"South 24 Parganas",2018,2021,"JAYNAGAR-I","SRIPUR",TRUE,""
"South 24 Parganas",2018,2021,"JAYNAGAR-I","UTTAR DURGAPUR",TRUE,""
"South 24 Parganas",2018,2021,"JAYNAGAR-II","BAISHATA",TRUE,""
"South 24 Parganas",2018,2021,"JAYNAGAR-II","BELEDURGANAGAR",TRUE,""
"South 24 Parganas",2018,2021,"JAYNAGAR-II","CHUPRIJHARA",TRUE,""
"South 24 Parganas",2018,2021,"JAYNAGAR-II","FUTIGODA",TRUE,""
"South 24 Parganas",2018,2021,"JAYNAGAR-II","GARDOANI",TRUE,""
"South 24 Parganas",2018,2021,"JAYNAGAR-II","MANIRTAT",TRUE,""
"South 24 Parganas",2018,2021,"JAYNAGAR-II","MAYAHAURI",TRUE,""
"South 24 Parganas",2018,2021,"JAYNAGAR-II","MAYDA",TRUE,""
"South 24 Parganas",2018,2021,"JAYNAGAR-II","NALGORA",TRUE,""
"South 24 Parganas",2018,2021,"JAYNAGAR-II","SAHAJADAPUR",TRUE,""
"South 24 Parganas",2018,2021,"KAK DWIP","BAPUJI",TRUE,""
"South 24 Parganas",2018,2021,"KAK DWIP","MADHUSUDANPUR",TRUE,""
"South 24 Parganas",2018,2021,"KAK DWIP","NETAJI",TRUE,""
"South 24 Parganas",2018,2021,"KAK DWIP","PRATAPADITYANAGAR",TRUE,""
"South 24 Parganas",2018,2021,"KAK DWIP","RABINDRA",TRUE,""
"South 24 Parganas",2018,2021,"KAK DWIP","RAMGOPALPUR",TRUE,""
"South 24 Parganas",2018,2021,"KAK DWIP","RISHI BANKIMCHANDRA",TRUE,""
"South 24 Parganas",2018,2021,"KAK DWIP","SRI SRI RAMKRISHNA",TRUE,""
"South 24 Parganas",2018,2021,"KAK DWIP","SRINAGAR",TRUE,""
"South 24 Parganas",2018,2021,"KAK DWIP","SURYANAGAR",TRUE,""
"South 24 Parganas",2018,2021,"KAK DWIP","SWAMI BIBEKANANDA",TRUE,""
"South 24 Parganas",2018,2021,"KULPI","BABURMAHAL",TRUE,""
"South 24 Parganas",2018,2021,"KULPI","BELPUKUR",TRUE,""
"South 24 Parganas",2018,2021,"KULPI","CHANDIPUR",TRUE,""
"South 24 Parganas",2018,2021,"KULPI","DHOLA",TRUE,""
"South 24 Parganas",2018,2021,"KULPI","GAJIPUR",TRUE,""
"South 24 Parganas",2018,2021,"KULPI","ISWARIPUR",TRUE,""
"South 24 Parganas",2018,2021,"KULPI","KAMARCHAK",TRUE,""
"South 24 Parganas",2018,2021,"KULPI","KARANJALI",TRUE,""
"South 24 Parganas",2018,2021,"KULPI","KEORATALA",TRUE,""
"South 24 Parganas",2018,2021,"KULPI","KULPI",TRUE,""
"South 24 Parganas",2018,2021,"KULPI","RAJARAMPUR",TRUE,""
"South 24 Parganas",2018,2021,"KULPI","RAMKISHORE",TRUE,""
"South 24 Parganas",2018,2021,"KULPI","RAMKRISHNAPUR",TRUE,""
"South 24 Parganas",2018,2021,"KULPI","RAMNAGAR-GAZIPUR",TRUE,""
"South 24 Parganas",2018,2021,"KULTALI","DEULBARI DEBIPUR",TRUE,""
"South 24 Parganas",2018,2021,"KULTALI","GOPALGANJ",TRUE,""
"South 24 Parganas",2018,2021,"KULTALI","GURGURIA BHUBANESWARI",TRUE,""
"South 24 Parganas",2018,2021,"KULTALI","JALABERIA-I",TRUE,""
"South 24 Parganas",2018,2021,"KULTALI","JALABERIA-II",TRUE,""
"South 24 Parganas",2018,2021,"KULTALI","KUNDAKHALI GODABAR",TRUE,""
"South 24 Parganas",2018,2021,"KULTALI","MAIPITH BAIKUNTHAPUR",TRUE,""
"South 24 Parganas",2018,2021,"KULTALI","MERIGANJ-I",TRUE,""
"South 24 Parganas",2018,2021,"KULTALI","MERIGANJ-II",TRUE,""
"South 24 Parganas",2018,2021,"MAGRA HAT-I","EKTARA",TRUE,""
"South 24 Parganas",2018,2021,"MAGRA HAT-I","HARIHARPUR",TRUE,""
"South 24 Parganas",2018,2021,"MAGRA HAT-I","KALIKAPOTA",TRUE,""
"South 24 Parganas",2018,2021,"MAGRA HAT-I","LAKSHMIKANTAPUR",TRUE,""
"South 24 Parganas",2018,2021,"MAGRA HAT-I","RANGILBAD",TRUE,""
"South 24 Parganas",2018,2021,"MAGRA HAT-I","SHERPUR",TRUE,""
"South 24 Parganas",2018,2021,"MAGRA HAT-I","SHRICHANDA",TRUE,""
"South 24 Parganas",2018,2021,"MAGRA HAT-I","SIRAKOL",TRUE,""
"South 24 Parganas",2018,2021,"MAGRA HAT-I","USTHI",TRUE,""
"South 24 Parganas",2018,2021,"MAGRA HAT-I","UTTARKUSUM",TRUE,""
"South 24 Parganas",2018,2021,"MAGRA HAT-I","YEARPUR",TRUE,""
"South 24 Parganas",2018,2021,"MAGRA HAT-II","AMRATALA",TRUE,""
"South 24 Parganas",2018,2021,"MAGRA HAT-II","DHAMUA DAKSHNIN",TRUE,""
"South 24 Parganas",2018,2021,"MAGRA HAT-II","DHAMUA UTTAR",TRUE,""
"South 24 Parganas",2018,2021,"MAGRA HAT-II","DHANPOTA",TRUE,""
"South 24 Parganas",2018,2021,"MAGRA HAT-II","DIHIKALAS",TRUE,""
"South 24 Parganas",2018,2021,"MAGRA HAT-II","GOKARNI",TRUE,""
"South 24 Parganas",2018,2021,"MAGRA HAT-II","HOTOR MORJADA",TRUE,""
"South 24 Parganas",2018,2021,"MAGRA HAT-II","JUGDIA",TRUE,""
"South 24 Parganas",2018,2021,"MAGRA HAT-II","MAGRAHAT PASCHIM",TRUE,""
"South 24 Parganas",2018,2021,"MAGRA HAT-II","MAGRAHAT PURBA",TRUE,""
"South 24 Parganas",2018,2021,"MAGRA HAT-II","MOHANPUR",TRUE,""
"South 24 Parganas",2018,2021,"MAGRA HAT-II","MULTI",TRUE,""
"South 24 Parganas",2018,2021,"MAGRA HAT-II","NAINAN",TRUE,""
"South 24 Parganas",2018,2021,"MAGRA HAT-II","URELCHANDPUR",TRUE,""
"South 24 Parganas",2018,2021,"MANDIRBAZAR","ANCHANA",TRUE,""
"South 24 Parganas",2018,2021,"MANDIRBAZAR","CHANDPUR",TRUE,""
"South 24 Parganas",2018,2021,"MANDIRBAZAR","DAKSHIN BISHNUPUR",TRUE,""
"South 24 Parganas",2018,2021,"MANDIRBAZAR","DHANURHAT",TRUE,""
"South 24 Parganas",2018,2021,"MANDIRBAZAR","GABBERIA",TRUE,""
"South 24 Parganas",2018,2021,"MANDIRBAZAR","GHATESWAR",TRUE,""
"South 24 Parganas",2018,2021,"MANDIRBAZAR","JAGADISHPUR",TRUE,""
"South 24 Parganas",2018,2021,"MANDIRBAZAR","KECHARKUR",TRUE,""
"South 24 Parganas",2018,2021,"MANDIRBAZAR","KRISHNAPUR",TRUE,""
"South 24 Parganas",2018,2021,"MANDIRBAZAR","NISAPUR",TRUE,""
"South 24 Parganas",2018,2021,"MATHURAPUR I","ABAD BHAGAWANPUR",TRUE,""
"South 24 Parganas",2018,2021,"MATHURAPUR I","DAKSHIN LAKSHMINARAYANPUR",TRUE,""
"South 24 Parganas",2018,2021,"MATHURAPUR I","DEBIPUR",TRUE,""
"South 24 Parganas",2018,2021,"MATHURAPUR I","KRISHNACHANDRAPUR",TRUE,""
"South 24 Parganas",2018,2021,"MATHURAPUR I","LALPUR",TRUE,""
"South 24 Parganas",2018,2021,"MATHURAPUR I","MATHURAPUR PASCHIM",TRUE,""
"South 24 Parganas",2018,2021,"MATHURAPUR I","MATHURAPUR PURBA",TRUE,""
"South 24 Parganas",2018,2021,"MATHURAPUR I","NALUA",TRUE,""
"South 24 Parganas",2018,2021,"MATHURAPUR I","SHANKARPUR",TRUE,""
"South 24 Parganas",2018,2021,"MATHURAPUR I","UTTAR LAKSHMINARAYANPUR",TRUE,""
"South 24 Parganas",2018,2021,"MATHURAPUR-II","DIGHIRPAR-BAKULTALA",TRUE,""
"South 24 Parganas",2018,2021,"MATHURAPUR-II","GILARCHHAT",TRUE,""
"South 24 Parganas",2018,2021,"MATHURAPUR-II","KANKANDIGHI",TRUE,""
"South 24 Parganas",2018,2021,"MATHURAPUR-II","KASINAGAR",TRUE,""
"South 24 Parganas",2018,2021,"MATHURAPUR-II","KAUTALA",TRUE,""
"South 24 Parganas",2018,2021,"MATHURAPUR-II","KHARI",TRUE,""
"South 24 Parganas",2018,2021,"MATHURAPUR-II","KUMRAPARA",TRUE,""
"South 24 Parganas",2018,2021,"MATHURAPUR-II","NAGENDRAPUR",TRUE,""
"South 24 Parganas",2018,2021,"MATHURAPUR-II","NANDAKUMARPUR",TRUE,""
"South 24 Parganas",2018,2021,"MATHURAPUR-II","RADHAKANTAPUR",TRUE,""
"South 24 Parganas",2018,2021,"MATHURAPUR-II","RAIDIGHI",TRUE,""
"South 24 Parganas",2018,2021,"NAMKHANA","BUDHAKHALI",TRUE,""
"South 24 Parganas",2018,2021,"NAMKHANA","FREZARGANJ",TRUE,""
"South 24 Parganas",2018,2021,"NAMKHANA","HARIPUR",TRUE,""
"South 24 Parganas",2018,2021,"NAMKHANA","MAUSINI",TRUE,""
"South 24 Parganas",2018,2021,"NAMKHANA","NAMKHANA",TRUE,""
"South 24 Parganas",2018,2021,"NAMKHANA","NARAYANPUR",TRUE,""
"South 24 Parganas",2018,2021,"NAMKHANA","SHIBRAMPUR",TRUE,""
"South 24 Parganas",2018,2021,"PATHAR PRATIMA","ACHINTYANAGAR",TRUE,""
"South 24 Parganas",2018,2021,"PATHAR PRATIMA","BANASHYAMNAGAR",TRUE,""
"South 24 Parganas",2018,2021,"PATHAR PRATIMA","BRAJABALLAVPUR",TRUE,""
"South 24 Parganas",2018,2021,"PATHAR PRATIMA","DAKSHIN GANGADHARPUR",TRUE,""
"South 24 Parganas",2018,2021,"PATHAR PRATIMA","DAKSHIN RAIPUR",TRUE,""
"South 24 Parganas",2018,2021,"PATHAR PRATIMA","DIGAMBARPUR",TRUE,""
"South 24 Parganas",2018,2021,"PATHAR PRATIMA","DURBACHATI",TRUE,""
"South 24 Parganas",2018,2021,"PATHAR PRATIMA","G PLOT",TRUE,""
"South 24 Parganas",2018,2021,"PATHAR PRATIMA","GOPALNAGAR",TRUE,""
"South 24 Parganas",2018,2021,"PATHAR PRATIMA","HERAMBAGOPALPUR",TRUE,""
"South 24 Parganas",2018,2021,"PATHAR PRATIMA","LAKSMIJANARDANPUR",TRUE,""
"South 24 Parganas",2018,2021,"PATHAR PRATIMA","PATHARPRATIMA",TRUE,""
"South 24 Parganas",2018,2021,"PATHAR PRATIMA","RAMGANGA",TRUE,""
"South 24 Parganas",2018,2021,"PATHAR PRATIMA","SRIDHARNAGAR",TRUE,""
"South 24 Parganas",2018,2021,"PATHAR PRATIMA","SRINARAYANPUR PURNACHANDRAPUR",TRUE,""
"South 24 Parganas",2018,2021,"SAGAR","DHABLAT",TRUE,""
"South 24 Parganas",2018,2021,"SAGAR","DHASPARA SUMATINAGAR-I",TRUE,""
"South 24 Parganas",2018,2021,"SAGAR","DHASPARA SUMATINAGAR-II",TRUE,""
"South 24 Parganas",2018,2021,"SAGAR","GANGASAGAR",TRUE,""
"South 24 Parganas",2018,2021,"SAGAR","GHORAMARA",TRUE,""
"South 24 Parganas",2018,2021,"SAGAR","MURIGANGA-I",TRUE,""
"South 24 Parganas",2018,2021,"SAGAR","MURIGANGA-II",TRUE,""
"South 24 Parganas",2018,2021,"SAGAR","RAMKARCHAR",TRUE,""
"South 24 Parganas",2018,2021,"SAGAR","RUDRANAGAR",TRUE,""
"South 24 Parganas",2018,2021,"SONAR PUR","BANGOOGHLY-I",TRUE,""
"South 24 Parganas",2018,2021,"SONAR PUR","BANHOOGHLY-II",TRUE,""
"South 24 Parganas",2018,2021,"SONAR PUR","KALIKAPUR-I",TRUE,""
"South 24 Parganas",2018,2021,"SONAR PUR","KALIKAPUR-II",TRUE,""
"South 24 Parganas",2018,2021,"SONAR PUR","KAMRABAD",TRUE,""
"South 24 Parganas",2018,2021,"SONAR PUR","KHEYADAHA-I",TRUE,""
"South 24 Parganas",2018,2021,"SONAR PUR","KHEYADAHA-II",TRUE,""
"South 24 Parganas",2018,2021,"SONAR PUR","LANGALBERIA",TRUE,""
"South 24 Parganas",2018,2021,"SONAR PUR","POLEGHAT",TRUE,""
"South 24 Parganas",2018,2021,"SONAR PUR","PRATAPNAGAR",TRUE,""
"South 24 Parganas",2018,2021,"SONAR PUR","SONARPUR-II",TRUE,""
"South 24 Parganas",2018,2021,"THAKURPUKUR MAHESTOLA","ASUTI-I",TRUE,""
"South 24 Parganas",2018,2021,"THAKURPUKUR MAHESTOLA","ASUTI-II",TRUE,""
"South 24 Parganas",2018,2021,"THAKURPUKUR MAHESTOLA","CHATTA",TRUE,""
"South 24 Parganas",2018,2021,"THAKURPUKUR MAHESTOLA","RASPUNJA",TRUE,""
"Purulia",2018,2021,"ARSHA","ARSHA",TRUE,""
"Purulia",2018,2021,"ARSHA","BELDIH",TRUE,""
"Purulia",2018,2021,"ARSHA","CHATUHANSA",TRUE,""
"Purulia",2018,2021,"ARSHA","HENSLA",TRUE,""
"Purulia",2018,2021,"ARSHA","HETGUGUI",TRUE,""
"Purulia",2018,2021,"ARSHA","MANKIARY",TRUE,""
"Purulia",2018,2021,"ARSHA","PUARA",TRUE,""
"Purulia",2018,2021,"ARSHA","SIRKABAD",TRUE,""
"Purulia",2018,2021,"BAGMUNDI","AJODHYA",TRUE,""
"Purulia",2018,2021,"BAGMUNDI","BAGHMUNDI",TRUE,""
"Purulia",2018,2021,"BAGMUNDI","BEERGRAM",TRUE,""
"Purulia",2018,2021,"BAGMUNDI","BURDA-KALIMATI",TRUE,""
"Purulia",2018,2021,"BAGMUNDI","MATHA",TRUE,""
"Purulia",2018,2021,"BAGMUNDI","SERENGDIH",TRUE,""
"Purulia",2018,2021,"BAGMUNDI","SINDRI",TRUE,""
"Purulia",2018,2021,"BAGMUNDI","TUNTURI-SUISA",TRUE,""
"Purulia",2018,2021,"BALARAMPUR","BALARAMPUR",TRUE,""
"Purulia",2018,2021,"BALARAMPUR","BARAURMA",TRUE,""
"Purulia",2018,2021,"BALARAMPUR","BELA",TRUE,""
"Purulia",2018,2021,"BALARAMPUR","DARDA",TRUE,""
"Purulia",2018,2021,"BALARAMPUR","GENRUA",TRUE,""
"Purulia",2018,2021,"BALARAMPUR","GHATBERA-KEROWA",TRUE,""
"Purulia",2018,2021,"BALARAMPUR","TENTLOW",TRUE,""
"Purulia",2018,2021,"BARABAZAR","BANJORA",TRUE,""
"Purulia",2018,2021,"BARABAZAR","BANSBERA",TRUE,""
"Purulia",2018,2021,"BARABAZAR","BARABAZAR",TRUE,""
"Purulia",2018,2021,"BARABAZAR","BERADA",TRUE,""
"Purulia",2018,2021,"BARABAZAR","BHAGABANDH",TRUE,""
"Purulia",2018,2021,"BARABAZAR","DHELATBAMU",TRUE,""
"Purulia",2018,2021,"BARABAZAR","LATPADA",TRUE,""
"Purulia",2018,2021,"BARABAZAR","SINDRI",TRUE,""
"Purulia",2018,2021,"BARABAZAR","SUKURHUTU",TRUE,""
"Purulia",2018,2021,"BARABAZAR","TUMRASOLE",TRUE,""
"Purulia",2018,2021,"BUNDWAN","BANDWAN",TRUE,""
"Purulia",2018,2021,"BUNDWAN","CHIRUDIH",TRUE,""
"Purulia",2018,2021,"BUNDWAN","DHADKA",TRUE,""
"Purulia",2018,2021,"BUNDWAN","GURUR",TRUE,""
"Purulia",2018,2021,"BUNDWAN","KUCHIA",TRUE,""
"Purulia",2018,2021,"BUNDWAN","KUILAPAL",TRUE,""
"Purulia",2018,2021,"BUNDWAN","KUMRA",TRUE,""
"Purulia",2018,2021,"BUNDWAN","SUPUDIH",TRUE,""
"Purulia",2018,2021,"HURA","CHATUMADAR",TRUE,""
"Purulia",2018,2021,"HURA","DALDALI",TRUE,""
"Purulia",2018,2021,"HURA","HURA",TRUE,""
"Purulia",2018,2021,"HURA","JABARRAH",TRUE,""
"Purulia",2018,2021,"HURA","KALABANI",TRUE,""
"Purulia",2018,2021,"HURA","KESHERGARH",TRUE,""
"Purulia",2018,2021,"HURA","LADHURKA",TRUE,""
"Purulia",2018,2021,"HURA","LAKHANPUR",TRUE,""
"Purulia",2018,2021,"HURA","MAGURIA-LALPUR",TRUE,""
"Purulia",2018,2021,"HURA","RAKHERA-BISPURIA",TRUE,""
"Purulia",2018,2021,"JAIPUR","BARAGRAM",TRUE,""
"Purulia",2018,2021,"JAIPUR","GHAGRA",TRUE,""
"Purulia",2018,2021,"JAIPUR","JOYPUR",TRUE,""
"Purulia",2018,2021,"JAIPUR","MUKUNDAPUR",TRUE,""
"Purulia",2018,2021,"JAIPUR","ROPO",TRUE,""
"Purulia",2018,2021,"JAIPUR","SIDHI-JAMRA",TRUE,""
"Purulia",2018,2021,"JAIPUR","UPANKAHAN",TRUE,""
"Purulia",2018,2021,"JHALDA-I","HENSAHATU",TRUE,""
"Purulia",2018,2021,"JHALDA-I","ICHAG",TRUE,""
"Purulia",2018,2021,"JHALDA-I","ILU-JARGO",TRUE,""
"Purulia",2018,2021,"JHALDA-I","JHALDA-DARDA",TRUE,""
"Purulia",2018,2021,"JHALDA-I","KALMA",TRUE,""
"Purulia",2018,2021,"JHALDA-I","MARUMOSINA",TRUE,""
"Purulia",2018,2021,"JHALDA-I","MATHARI-KHAMAR",TRUE,""
"Purulia",2018,2021,"JHALDA-I","NOYADIH",TRUE,""
"Purulia",2018,2021,"JHALDA-I","PUSTI",TRUE,""
"Purulia",2018,2021,"JHALDA-I","TULIN",TRUE,""
"Purulia",2018,2021,"JHALDA-II","BAMNIYA-BELYADIH",TRUE,""
"Purulia",2018,2021,"JHALDA-II","BEGUNKODAR",TRUE,""
"Purulia",2018,2021,"JHALDA-II","CHEKYA",TRUE,""
"Purulia",2018,2021,"JHALDA-II","CHITMU",TRUE,""
"Purulia",2018,2021,"JHALDA-II","HIRAPURADARDIH",TRUE,""
"Purulia",2018,2021,"JHALDA-II","MAJHIDIH",TRUE,""
"Purulia",2018,2021,"JHALDA-II","NOWAHATU",TRUE,""
"Purulia",2018,2021,"JHALDA-II","RIGID",TRUE,""
"Purulia",2018,2021,"JHALDA-II","TATUARA",TRUE,""
"Purulia",2018,2021,"KASHIPUR","AGARDI-CHITRA",TRUE,""
"Purulia",2018,2021,"KASHIPUR","BARRAH",TRUE,""
"Purulia",2018,2021,"KASHIPUR","BEKO",TRUE,""
"Purulia",2018,2021,"KASHIPUR","GAGNABAD",TRUE,""
"Purulia",2018,2021,"KASHIPUR","GORANDIH",TRUE,""
"Purulia",2018,2021,"KASHIPUR","HADALDA-UPARRAH",TRUE,""
"Purulia",2018,2021,"KASHIPUR","KALIDAHA",TRUE,""
"Purulia",2018,2021,"KASHIPUR","KASHIPUR",TRUE,""
"Purulia",2018,2021,"KASHIPUR","MANIHARA",TRUE,""
"Purulia",2018,2021,"KASHIPUR","RANGAMATI-RANJANDIH",TRUE,""
"Purulia",2018,2021,"KASHIPUR","SIMLA-DHANARA",TRUE,""
"Purulia",2018,2021,"KASHIPUR","SONAIJURI",TRUE,""
"Purulia",2018,2021,"KASHIPUR","SONATHALI",TRUE,""
"Purulia",2018,2021,"MANBAZAR-I","BAMNIMAJHIHIRA",TRUE,""
"Purulia",2018,2021,"MANBAZAR-I","BARAMASYA-RAMNAGAR",TRUE,""
"Purulia",2018,2021,"MANBAZAR-I","BHALUBASA",TRUE,""
"Purulia",2018,2021,"MANBAZAR-I","BISRI",TRUE,""
"Purulia",2018,2021,"MANBAZAR-I","CHANDRA-PAIRACHALI",TRUE,""
"Purulia",2018,2021,"MANBAZAR-I","DHANARAH",TRUE,""
"Purulia",2018,2021,"MANBAZAR-I","GOPALNAGAR",TRUE,""
"Purulia",2018,2021,"MANBAZAR-I","JITUJURI",TRUE,""
"Purulia",2018,2021,"MANBAZAR-I","KAMTAJANGIDIRI",TRUE,""
"Purulia",2018,2021,"MANBAZAR-I","MANBAZAR",TRUE,""
"Purulia",2018,2021,"MANBAZAR-II","ANKROBARAKADAM",TRUE,""
"Purulia",2018,2021,"MANBAZAR-II","BARGORIA-JAMTORIA",TRUE,""
"Purulia",2018,2021,"MANBAZAR-II","BARI-JAGDA",TRUE,""
"Purulia",2018,2021,"MANBAZAR-II","BOROJARAGARA",TRUE,""
"Purulia",2018,2021,"MANBAZAR-II","BURIBANDH",TRUE,""
"Purulia",2018,2021,"MANBAZAR-II","DIGHI",TRUE,""
"Purulia",2018,2021,"MANBAZAR-II","KUMARI",TRUE,""
"Purulia",2018,2021,"NETURIA","BHAMURIA",TRUE,""
"Purulia",2018,2021,"NETURIA","DIGHA",TRUE,""
"Purulia",2018,2021,"NETURIA","GUNIARA",TRUE,""
"Purulia",2018,2021,"NETURIA","JANARDANDIH",TRUE,""
"Purulia",2018,2021,"NETURIA","RAIBANDH",TRUE,""
"Purulia",2018,2021,"NETURIA","SALTORE",TRUE,""
"Purulia",2018,2021,"NETURIA","SARBARI",TRUE,""
"Purulia",2018,2021,"PARA","ANARA",TRUE,""
"Purulia",2018,2021,"PARA","BAHARA",TRUE,""
"Purulia",2018,2021,"PARA","BOWRIDIH",TRUE,""
"Purulia",2018,2021,"PARA","DEOLI",TRUE,""
"Purulia",2018,2021,"PARA","DUBRA",TRUE,""
"Purulia",2018,2021,"PARA","JABARRAH-JHAPRA-I",TRUE,""
"Purulia",2018,2021,"PARA","JABARRAH-JHAPRA-II",TRUE,""
"Purulia",2018,2021,"PARA","NADIHASURULIA",TRUE,""
"Purulia",2018,2021,"PARA","PARA",TRUE,""
"Purulia",2018,2021,"PARA","UDAYPUR-JOYNAGAR",TRUE,""
"Purulia",2018,2021,"PUNCHA","BAGDA",TRUE,""
"Purulia",2018,2021,"PUNCHA","CHANDRA",TRUE,""
"Purulia",2018,2021,"PUNCHA","CHIRUDIHI",TRUE,""
"Purulia",2018,2021,"PUNCHA","JAMBAD",TRUE,""
"Purulia",2018,2021,"PUNCHA","KENDA",TRUE,""
"Purulia",2018,2021,"PUNCHA","LAKHRA",TRUE,""
"Purulia",2018,2021,"PUNCHA","NAPARA",TRUE,""
"Purulia",2018,2021,"PUNCHA","PANIPATHAR",TRUE,""
"Purulia",2018,2021,"PUNCHA","PIRRAH",TRUE,""
"Purulia",2018,2021,"PUNCHA","PUNCHA",TRUE,""
"Purulia",2018,2021,"PURULIA-I","BHANDARPUARA-CHIPIDA",TRUE,""
"Purulia",2018,2021,"PURULIA-I","CHAKALTORE",TRUE,""
"Purulia",2018,2021,"PURULIA-I","DIMDIHA",TRUE,""
"Purulia",2018,2021,"PURULIA-I","DURKU",TRUE,""
"Purulia",2018,2021,"PURULIA-I","GARAFUSRA",TRUE,""
"Purulia",2018,2021,"PURULIA-I","LAGDA",TRUE,""
"Purulia",2018,2021,"PURULIA-I","MANARA",TRUE,""
"Purulia",2018,2021,"PURULIA-I","SONAIJURI",TRUE,""
"Purulia",2018,2021,"PURULIA-II","AGOYA-NARRA",TRUE,""
"Purulia",2018,2021,"PURULIA-II","BELMA",TRUE,""
"Purulia",2018,2021,"PURULIA-II","BHANGRA",TRUE,""
"Purulia",2018,2021,"PURULIA-II","CHHARRADUMDUMI",TRUE,""
"Purulia",2018,2021,"PURULIA-II","GHONGA",TRUE,""
"Purulia",2018,2021,"PURULIA-II","GOLAMARA",TRUE,""
"Purulia",2018,2021,"PURULIA-II","HUTMURA",TRUE,""
"Purulia",2018,2021,"PURULIA-II","PINDRA",TRUE,""
"Purulia",2018,2021,"PURULIA-II","RAGHABPUR",TRUE,""
"Purulia",2018,2021,"RAGHUNATH PUR-I","ARRAH",TRUE,""
"Purulia",2018,2021,"RAGHUNATH PUR-I","BABUGRAM",TRUE,""
"Purulia",2018,2021,"RAGHUNATH PUR-I","BERO",TRUE,""
"Purulia",2018,2021,"RAGHUNATH PUR-I","CHORPAHARI",TRUE,""
"Purulia",2018,2021,"RAGHUNATH PUR-I","KHAJURA",TRUE,""
"Purulia",2018,2021,"RAGHUNATH PUR-I","NUTANDI",TRUE,""
"Purulia",2018,2021,"RAGHUNATH PUR-I","SANKA",TRUE,""
"Purulia",2018,2021,"RAGHUNATHPUR-II","BARRAH",TRUE,""
"Purulia",2018,2021,"RAGHUNATHPUR-II","CHELIAMA",TRUE,""
"Purulia",2018,2021,"RAGHUNATHPUR-II","JORADIH",TRUE,""
"Purulia",2018,2021,"RAGHUNATHPUR-II","MANGALDA-MAUTORE",TRUE,""
"Purulia",2018,2021,"RAGHUNATHPUR-II","NILDIH",TRUE,""
"Purulia",2018,2021,"RAGHUNATHPUR-II","NUTANDIH",TRUE,""
"Purulia",2018,2021,"SANTURI","BALITORA",TRUE,""
"Purulia",2018,2021,"SANTURI","GARSIKA",TRUE,""
"Purulia",2018,2021,"SANTURI","MURADI",TRUE,""
"Purulia",2018,2021,"SANTURI","RAMCHANDRAPUR-KOTALDI",TRUE,""
"Purulia",2018,2021,"SANTURI","SANTURI",TRUE,""
"Purulia",2018,2021,"SANTURI","TARABARI",TRUE,""
"Alipurduar",2018,2021,"ALIPURDUAR-I","BANCHUKAMARI",TRUE,""
"Alipurduar",2018,2021,"ALIPURDUAR-I","CHAKOWAKHETI",TRUE,""
"Alipurduar",2018,2021,"ALIPURDUAR-I","MATHURA",TRUE,""
"Alipurduar",2018,2021,"ALIPURDUAR-I","PARORPAR",TRUE,""
"Alipurduar",2018,2021,"ALIPURDUAR-I","PATLAKHAWA",TRUE,""
"Alipurduar",2018,2021,"ALIPURDUAR-I","PURBA KANTHALBARI",TRUE,""
"Alipurduar",2018,2021,"ALIPURDUAR-I","SALKUMAR-I",TRUE,""
"Alipurduar",2018,2021,"ALIPURDUAR-I","SALKUMAR-II",TRUE,""
"Alipurduar",2018,2021,"ALIPURDUAR-I","TAPSIKHATA",TRUE,""
"Alipurduar",2018,2021,"ALIPURDUAR-I","VIVEKANADA-I",TRUE,""
"Alipurduar",2018,2021,"ALIPURDUAR-I","VIVEKANADA-II",TRUE,""
"Alipurduar",2018,2021,"ALIPURDUAR-II","BHATIBARI",TRUE,""
"Alipurduar",2018,2021,"ALIPURDUAR-II","CHAPORER PAR-I",TRUE,""
"Alipurduar",2018,2021,"ALIPURDUAR-II","CHAPORER PAR-II",TRUE,""
"Alipurduar",2018,2021,"ALIPURDUAR-II","KOHINOOR",TRUE,""
"Alipurduar",2018,2021,"ALIPURDUAR-II","MAHAKALGURI",TRUE,""
"Alipurduar",2018,2021,"ALIPURDUAR-II","MAJHERDABRI",TRUE,""
"Alipurduar",2018,2021,"ALIPURDUAR-II","PAROKATA",TRUE,""
"Alipurduar",2018,2021,"ALIPURDUAR-II","SAMUKTALA",TRUE,""
"Alipurduar",2018,2021,"ALIPURDUAR-II","TATPARA-I",TRUE,""
"Alipurduar",2018,2021,"ALIPURDUAR-II","TATPARA-II",TRUE,""
"Alipurduar",2018,2021,"ALIPURDUAR-II","TURTURI",TRUE,""
"Alipurduar",2018,2021,"FALAKATA","DALGAON",TRUE,""
"Alipurduar",2018,2021,"FALAKATA","DEOGAON",TRUE,""
"Alipurduar",2018,2021,"FALAKATA","DHANIRAMPUR-I",TRUE,""
"Alipurduar",2018,2021,"FALAKATA","DHANIRAMPUR-II",TRUE,""
"Alipurduar",2018,2021,"FALAKATA","FALAKATA-I",TRUE,""
"Alipurduar",2018,2021,"FALAKATA","FALAKATA-II",TRUE,""
"Alipurduar",2018,2021,"FALAKATA","GUABARNAGAR",TRUE,""
"Alipurduar",2018,2021,"FALAKATA","JATESWAR-I",TRUE,""
"Alipurduar",2018,2021,"FALAKATA","JATESWAR-II",TRUE,""
"Alipurduar",2018,2021,"FALAKATA","MAIRADANGA",TRUE,""
"Alipurduar",2018,2021,"FALAKATA","PARANGERPAR",TRUE,""
"Alipurduar",2018,2021,"FALAKATA","SALKUMAR",TRUE,""
"Alipurduar",2018,2021,"KALCHINI","CHUAPARA",TRUE,""
"Alipurduar",2018,2021,"KALCHINI","DALSINGPARA",TRUE,""
"Alipurduar",2018,2021,"KALCHINI","GAROPARA",TRUE,""
"Alipurduar",2018,2021,"KALCHINI","JAIGAON-I",TRUE,""
"Alipurduar",2018,2021,"KALCHINI","JAIGAON-II",TRUE,""
"Alipurduar",2018,2021,"KALCHINI","KALCHINI",TRUE,""
"Alipurduar",2018,2021,"KALCHINI","LATABARI",TRUE,""
"Alipurduar",2018,2021,"KALCHINI","MALANGI",TRUE,""
"Alipurduar",2018,2021,"KALCHINI","MENDABARI",TRUE,""
"Alipurduar",2018,2021,"KALCHINI","RAJABHATKHAOA",TRUE,""
"Alipurduar",2018,2021,"KALCHINI","SATALI",TRUE,""
"Alipurduar",2018,2021,"KUMARGRAM","CHENGMARI",TRUE,""
"Alipurduar",2018,2021,"KUMARGRAM","KAMAKHYAGURI-I",TRUE,""
"Alipurduar",2018,2021,"KUMARGRAM","KAMAKHYAGURI-II",TRUE,""
"Alipurduar",2018,2021,"KUMARGRAM","KHOARDANGA-I",TRUE,""
"Alipurduar",2018,2021,"KUMARGRAM","KHOARDANGA-II",TRUE,""
"Alipurduar",2018,2021,"KUMARGRAM","KUMARGRAM",TRUE,""
"Alipurduar",2018,2021,"KUMARGRAM","NEWLAND KUMARGRAM SANKOS",TRUE,""
"Alipurduar",2018,2021,"KUMARGRAM","RAIDAK",TRUE,""
"Alipurduar",2018,2021,"KUMARGRAM","TURTURIKHANDA",TRUE,""
"Alipurduar",2018,2021,"KUMARGRAM","VALKA BARABISA-I",TRUE,""
"Alipurduar",2018,2021,"KUMARGRAM","VALKA BARABISA-II",TRUE,""
"Alipurduar",2018,2021,"MADARIHAT","BANDAPANI",TRUE,""
"Alipurduar",2018,2021,"MADARIHAT","BIRPARA-I",TRUE,""
"Alipurduar",2018,2021,"MADARIHAT","BIRPARA-II",TRUE,""
"Alipurduar",2018,2021,"MADARIHAT","HANTAPARA",TRUE,""
"Alipurduar",2018,2021,"MADARIHAT","KHAYERBARI",TRUE,""
"Alipurduar",2018,2021,"MADARIHAT","LANKAPARA",TRUE,""
"Alipurduar",2018,2021,"MADARIHAT","MADARIHAT",TRUE,""
"Alipurduar",2018,2021,"MADARIHAT","RANGALIBAJNA",TRUE,""
"Alipurduar",2018,2021,"MADARIHAT","SISHUJHUMRA",TRUE,""
"Alipurduar",2018,2021,"MADARIHAT","TOTOPARA BALLALGURI",TRUE,""
"Nadia",2018,2021,"CHAKDAH","CHANDURIA-I",TRUE,""
"Nadia",2018,2021,"CHAKDAH","DEWLI",TRUE,""
"Nadia",2018,2021,"CHAKDAH","DUBRA",TRUE,""
"Nadia",2018,2021,"CHAKDAH","GHETUGACHHI",TRUE,""
"Nadia",2018,2021,"CHAKDAH","HINGNARA",TRUE,""
"Nadia",2018,2021,"CHAKDAH","RAUTARI",TRUE,""
"Nadia",2018,2021,"CHAKDAH","SILINDA-I",TRUE,""
"Nadia",2018,2021,"CHAKDAH","SILINDA-II",TRUE,""
"Nadia",2018,2021,"CHAKDAH","TATLA-I",TRUE,""
"Nadia",2018,2021,"CHAKDAH","TATLA-II",TRUE,""
"Nadia",2018,2021,"CHAPRA","ALFA",TRUE,""
"Nadia",2018,2021,"CHAPRA","BAGBERIA",TRUE,""
"Nadia",2018,2021,"CHAPRA","BRITTIHUDA",TRUE,""
"Nadia",2018,2021,"CHAPRA","CHAPRA-I",TRUE,""
"Nadia",2018,2021,"CHAPRA","CHAPRA-II",TRUE,""
"Nadia",2018,2021,"CHAPRA","HATISALA-I",TRUE,""
"Nadia",2018,2021,"CHAPRA","HATISALA-II",TRUE,""
"Nadia",2018,2021,"CHAPRA","HATKHOLA",TRUE,""
"Nadia",2018,2021,"CHAPRA","HRIDAYPUR",TRUE,""
"Nadia",2018,2021,"CHAPRA","KALINGA",TRUE,""
"Nadia",2018,2021,"CHAPRA","MAHATPUR",TRUE,""
"Nadia",2018,2021,"CHAPRA","MAHESHPUR",TRUE,""
"Nadia",2018,2021,"CHAPRA","PIPRAGACHHI",TRUE,""
"Nadia",2018,2021,"HANSKHALI","BAGULA-I",TRUE,""
"Nadia",2018,2021,"HANSKHALI","BAGULA-II",TRUE,""
"Nadia",2018,2021,"HANSKHALI","BATKULLA-I",TRUE,""
"Nadia",2018,2021,"HANSKHALI","BATKULLA-II",TRUE,""
"Nadia",2018,2021,"HANSKHALI","BETNA GOBINDAPUR",TRUE,""
"Nadia",2018,2021,"HANSKHALI","DAKSHINPARA-I",TRUE,""
"Nadia",2018,2021,"HANSKHALI","DAKSHINPARA-II",TRUE,""
"Nadia",2018,2021,"HANSKHALI","GAJNA",TRUE,""
"Nadia",2018,2021,"HANSKHALI","MAMJOAN",TRUE,""
"Nadia",2018,2021,"HANSKHALI","MAYURHAT-I",TRUE,""
"Nadia",2018,2021,"HANSKHALI","MAYURHAT-II",TRUE,""
"Nadia",2018,2021,"HANSKHALI","RAMNAGAR BARACHUPRIA-I",TRUE,""
"Nadia",2018,2021,"HANSKHALI","RAMNAGAR BARACHUPRIA-II",TRUE,""
"Nadia",2018,2021,"HARINGHATA","BEROHI-I",TRUE,""
"Nadia",2018,2021,"HARINGHATA","BEROHI-II",TRUE,""
"Nadia",2018,2021,"HARINGHATA","FATEPUR",TRUE,""
"Nadia",2018,2021,"HARINGHATA","KASTODANGA-I",TRUE,""
"Nadia",2018,2021,"HARINGHATA","KASTODANGA-II",TRUE,""
"Nadia",2018,2021,"HARINGHATA","MOLLABELIA",TRUE,""
"Nadia",2018,2021,"HARINGHATA","NAGARUKHRA-I",TRUE,""
"Nadia",2018,2021,"HARINGHATA","NAGARUKHRA-II",TRUE,""
"Nadia",2018,2021,"KALIGANJ","BARACHANDGHAR",TRUE,""
"Nadia",2018,2021,"KALIGANJ","DEBAGRAM",TRUE,""
"Nadia",2018,2021,"KALIGANJ","FARIDPUR",TRUE,""
"Nadia",2018,2021,"KALIGANJ","GOBRA",TRUE,""
"Nadia",2018,2021,"KALIGANJ","HATGACHHA",TRUE,""
"Nadia",2018,2021,"KALIGANJ","JURANPUR",TRUE,""
"Nadia",2018,2021,"KALIGANJ","KALIGANJ",TRUE,""
"Nadia",2018,2021,"KALIGANJ","MATIARI",TRUE,""
"Nadia",2018,2021,"KALIGANJ","MIRA-I",TRUE,""
"Nadia",2018,2021,"KALIGANJ","MIRA-II",TRUE,""
"Nadia",2018,2021,"KALIGANJ","PALITBEGIA",TRUE,""
"Nadia",2018,2021,"KALIGANJ","PANIGHATA",TRUE,""
"Nadia",2018,2021,"KALIGANJ","PLASSEY-I",TRUE,""
"Nadia",2018,2021,"KALIGANJ","PLASSEY-II",TRUE,""
"Nadia",2018,2021,"KALIGANJ","RAJARMPUR GHORAIKHETRA",TRUE,""
"Nadia",2018,2021,"KALYANI","CHANDURIA-II",TRUE,""
"Nadia",2018,2021,"KALYANI","KANCHARAPARA",TRUE,""
"Nadia",2018,2021,"KALYANI","MADANPUR-I",TRUE,""
"Nadia",2018,2021,"KALYANI","MADANPUR-II",TRUE,""
"Nadia",2018,2021,"KALYANI","SAGUNA",TRUE,""
"Nadia",2018,2021,"KALYANI","SARATI",TRUE,""
"Nadia",2018,2021,"KALYANI","SIMURALI",TRUE,""
"Nadia",2018,2021,"KARIMPUR-1","HAREKRISHNAPUR",TRUE,""
"Nadia",2018,2021,"KARIMPUR-1","HOGOLBARIA",TRUE,""
"Nadia",2018,2021,"KARIMPUR-1","JAMASHERPUR",TRUE,""
"Nadia",2018,2021,"KARIMPUR-1","KARIMPUR-I",TRUE,""
"Nadia",2018,2021,"KARIMPUR-1","KARIMPUR-II",TRUE,""
"Nadia",2018,2021,"KARIMPUR-1","MADHUGARI",TRUE,""
"Nadia",2018,2021,"KARIMPUR-1","PIPULBARIA",TRUE,""
"Nadia",2018,2021,"KARIMPUR-1","SHIKARPUR",TRUE,""
"Nadia",2018,2021,"KARIMPUR-II","DHORADAHA-I",TRUE,""
"Nadia",2018,2021,"KARIMPUR-II","DHORADAHA-II",TRUE,""
"Nadia",2018,2021,"KARIMPUR-II","DIGHAL KANDI",TRUE,""
"Nadia",2018,2021,"KARIMPUR-II","MURUTIA",TRUE,""
"Nadia",2018,2021,"KARIMPUR-II","NANDANPUR",TRUE,""
"Nadia",2018,2021,"KARIMPUR-II","NARAYANPUR-I",TRUE,""
"Nadia",2018,2021,"KARIMPUR-II","NARAYANPUR-II",TRUE,""
"Nadia",2018,2021,"KARIMPUR-II","NATIDANGA-I",TRUE,""
"Nadia",2018,2021,"KARIMPUR-II","NATIDANGA-II",TRUE,""
"Nadia",2018,2021,"KARIMPUR-II","RAHAMATPUR",TRUE,""
"Nadia",2018,2021,"KRISHNAGANJ","BHAJANGHAT TUNGI",TRUE,""
"Nadia",2018,2021,"KRISHNAGANJ","GOBINDAPUR",TRUE,""
"Nadia",2018,2021,"KRISHNAGANJ","JOYGHATA",TRUE,""
"Nadia",2018,2021,"KRISHNAGANJ","KRISHNAGANJ",TRUE,""
"Nadia",2018,2021,"KRISHNAGANJ","MAITIARY BANPUR",TRUE,""
"Nadia",2018,2021,"KRISHNAGANJ","SHIBNIBAS",TRUE,""
"Nadia",2018,2021,"KRISHNAGANJ","TALDAH MAJDIA",TRUE,""
"Nadia",2018,2021,"KRISHNAGAR-I","ASSANNAGAR",TRUE,""
"Nadia",2018,2021,"KRISHNAGAR-I","BHALUKA",TRUE,""
"Nadia",2018,2021,"KRISHNAGAR-I","BHANDARKHOLA",TRUE,""
"Nadia",2018,2021,"KRISHNAGAR-I","BHATJUNGLA",TRUE,""
"Nadia",2018,2021,"KRISHNAGAR-I","BHIMPUR",TRUE,""
"Nadia",2018,2021,"KRISHNAGAR-I","CHAKDIGNAGAR",TRUE,""
"Nadia",2018,2021,"KRISHNAGAR-I","DEYPARA",TRUE,""
"Nadia",2018,2021,"KRISHNAGAR-I","DIGNAGAR",TRUE,""
"Nadia",2018,2021,"KRISHNAGAR-I","DOGACHI",TRUE,""
"Nadia",2018,2021,"KRISHNAGAR-I","JOANIA",TRUE,""
"Nadia",2018,2021,"KRISHNAGAR-I","PORAGACHHA",TRUE,""
"Nadia",2018,2021,"KRISHNAGAR-I","RUIPUKUR.",TRUE,""
"Nadia",2018,2021,"KRISHNAGAR-II","BELPUKUR",TRUE,""
"Nadia",2018,2021,"KRISHNAGAR-II","DHUBULIA-I",TRUE,""
"Nadia",2018,2021,"KRISHNAGAR-II","DHUBULIA-II",TRUE,""
"Nadia",2018,2021,"KRISHNAGAR-II","NOAPARA-I",TRUE,""
"Nadia",2018,2021,"KRISHNAGAR-II","NOAPARA-II",TRUE,""
"Nadia",2018,2021,"KRISHNAGAR-II","SADHANPARA-I",TRUE,""
"Nadia",2018,2021,"KRISHNAGAR-II","SADHANPARA-II",TRUE,""
"Nadia",2018,2021,"NABADWIP","BABLARI",TRUE,""
"Nadia",2018,2021,"NABADWIP","CHARMAJDIA CHARBRAHMANAGAR",TRUE,""
"Nadia",2018,2021,"NABADWIP","FAKIRDANGA GHOLPARA",TRUE,""
"Nadia",2018,2021,"NABADWIP","MAHISURA",TRUE,""
"Nadia",2018,2021,"NABADWIP","MAJDIA PANSILA",TRUE,""
"Nadia",2018,2021,"NABADWIP","MAYAPUR BAMANPUKUR-I",TRUE,""
"Nadia",2018,2021,"NABADWIP","MAYAPUR BAMANPUKUR-II",TRUE,""
"Nadia",2018,2021,"NABADWIP","SWARUPGANJ",TRUE,""
"Nadia",2018,2021,"NAKASHIPARA","BETHUADAHARI-I",TRUE,""
"Nadia",2018,2021,"NAKASHIPARA","BETHUADAHARI-II",TRUE,""
"Nadia",2018,2021,"NAKASHIPARA","BIKRAMPUR",TRUE,""
"Nadia",2018,2021,"NAKASHIPARA","BILKUMARI",TRUE,""
"Nadia",2018,2021,"NAKASHIPARA","BILLWAGRAM",TRUE,""
"Nadia",2018,2021,"NAKASHIPARA","BIRPUR-I",TRUE,""
"Nadia",2018,2021,"NAKASHIPARA","BIRPUR-II",TRUE,""
"Nadia",2018,2021,"NAKASHIPARA","DHANANJAYPUR",TRUE,""
"Nadia",2018,2021,"NAKASHIPARA","DHARMADA",TRUE,""
"Nadia",2018,2021,"NAKASHIPARA","DOGACHHIA",TRUE,""
"Nadia",2018,2021,"NAKASHIPARA","HARANAGAR",TRUE,""
"Nadia",2018,2021,"NAKASHIPARA","MAJHERGRAM",TRUE,""
"Nadia",2018,2021,"NAKASHIPARA","MURAGACHHA",TRUE,""
"Nadia",2018,2021,"NAKASHIPARA","NAKASIPARA",TRUE,""
"Nadia",2018,2021,"NAKASHIPARA","PATIKABARI",TRUE,""
"Nadia",2018,2021,"RANAGHAT-I","ANULIA",TRUE,""
"Nadia",2018,2021,"RANAGHAT-I","BARASAT",TRUE,""
"Nadia",2018,2021,"RANAGHAT-I","HABIBPUR",TRUE,""
"Nadia",2018,2021,"RANAGHAT-I","KALINARAYANPUR PAHARPUR",TRUE,""
"Nadia",2018,2021,"RANAGHAT-I","KHISMA",TRUE,""
"Nadia",2018,2021,"RANAGHAT-I","NAWPARA MASUNDA",TRUE,""
"Nadia",2018,2021,"RANAGHAT-I","PAYRADANGA",TRUE,""
"Nadia",2018,2021,"RANAGHAT-I","RAMANAGAR-I",TRUE,""
"Nadia",2018,2021,"RANAGHAT-I","RAMNAGAR-II",TRUE,""
"Nadia",2018,2021,"RANAGHAT-I","TARAPUR",TRUE,""
"Nadia",2018,2021,"RANAGHAT-II","ANISHMALI",TRUE,""
"Nadia",2018,2021,"RANAGHAT-II","ARANGHATA",TRUE,""
"Nadia",2018,2021,"RANAGHAT-II","BAHIRGACHI",TRUE,""
"Nadia",2018,2021,"RANAGHAT-II","BAIDYAPUR-I",TRUE,""
"Nadia",2018,2021,"RANAGHAT-II","BAIDYAPUR-II",TRUE,""
"Nadia",2018,2021,"RANAGHAT-II","DEBAGRAM",TRUE,""
"Nadia",2018,2021,"RANAGHAT-II","DUTTAFULIA",TRUE,""
"Nadia",2018,2021,"RANAGHAT-II","JUGALKISHORE",TRUE,""
"Nadia",2018,2021,"RANAGHAT-II","KAMALPUR",TRUE,""
"Nadia",2018,2021,"RANAGHAT-II","MAJHERGRAM",TRUE,""
"Nadia",2018,2021,"RANAGHAT-II","NOKARI",TRUE,""
"Nadia",2018,2021,"RANAGHAT-II","RAGHUNATHPUR HIJULI-I",TRUE,""
"Nadia",2018,2021,"RANAGHAT-II","RAGHUNATHPUR HIJULI-II",TRUE,""
"Nadia",2018,2021,"RANAGHAT-II","SHYAMNAGAR",TRUE,""
"Nadia",2018,2021,"SANTIPUR","ARBANDI-I",TRUE,""
"Nadia",2018,2021,"SANTIPUR","ARBANDI-II",TRUE,""
"Nadia",2018,2021,"SANTIPUR","BABLA",TRUE,""
"Nadia",2018,2021,"SANTIPUR","BAGANCHRA",TRUE,""
"Nadia",2018,2021,"SANTIPUR","BELGORIA-I",TRUE,""
"Nadia",2018,2021,"SANTIPUR","BELGORIA-II",TRUE,""
"Nadia",2018,2021,"SANTIPUR","FULIA TOWNSHIP",TRUE,""
"Nadia",2018,2021,"SANTIPUR","GAYESHPUR",TRUE,""
"Nadia",2018,2021,"SANTIPUR","HARIPUR",TRUE,""
"Nadia",2018,2021,"SANTIPUR","NABLA",TRUE,""
"Nadia",2018,2021,"TEHATTA-I","BATAI-I",TRUE,""
"Nadia",2018,2021,"TEHATTA-I","BETAI-II",TRUE,""
"Nadia",2018,2021,"TEHATTA-I","CHANDERGHAT",TRUE,""
"Nadia",2018,2021,"TEHATTA-I","CHHITKA",TRUE,""
"Nadia",2018,2021,"TEHATTA-I","KANAINAGAR",TRUE,""
"Nadia",2018,2021,"TEHATTA-I","NATNA",TRUE,""
"Nadia",2018,2021,"TEHATTA-I","PATHARGHATA-I",TRUE,""
"Nadia",2018,2021,"TEHATTA-I","PATHATGHATA-II",TRUE,""
"Nadia",2018,2021,"TEHATTA-I","RAGHUNATHPUR",TRUE,""
"Nadia",2018,2021,"TEHATTA-I","SHYAMNAGAR",TRUE,""
"Nadia",2018,2021,"TEHATTA-I","TEHATTA",TRUE,""
"Nadia",2018,2021,"TEHATTA-II","BARNIA",TRUE,""
"Nadia",2018,2021,"TEHATTA-II","GOPINATHPUR",TRUE,""
"Nadia",2018,2021,"TEHATTA-II","HANSPUKURIA",TRUE,""
"Nadia",2018,2021,"TEHATTA-II","PALASIPARA",TRUE,""
"Nadia",2018,2021,"TEHATTA-II","PALSUNDA-I",TRUE,""
"Nadia",2018,2021,"TEHATTA-II","PALSUNDA-II",TRUE,""
"Nadia",2018,2021,"TEHATTA-II","SAHEBNAGAR",TRUE,""
